0 7 8;0 15 16;0 16 17;1 24 25;0 28 29;0 29 30;2 35 36
0 24 25;1 29 30;2 34 35
0 1 2;1 9 10;0 13 14;0 14 15;2 20 21
1 2 3;0 15 16;0 16 17;2 20 21
2 37 38
0 9 10;0 10 11;1 16 17;0 20 21;2 31 32
1 4 5;0 8 9;0 47 48;0 77 78;0 78 79;4 82 84;2 87 88
4 40 42;4 42 44
1 2 3;0 8 9;1 15 16;7 39 45;2 54 55
0 24 25;0 47 48;0 48 49;0 54 55;1 55 56;6 63 66;5 72 74;1 76 77;8 84 87;2 89 90
0 2 3;2 28 30;8 33 36;2 52 54;8 57 60;8 65 69;5 69 71;0 80 81;2 105 106
0 2 4;3 6 8;6 23 29;7 29 34;0 46 48;3 50 52;0 62 63;2 73 74
6 2 5;0 6 7;0 23 25;3 30 32;8 50 53;8 74 77;2 96 97
0 7 8;2 60 63;5 66 68;1 70 71;1 82 83;6 86 90;2 109 110
0 7 8;0 8 9;6 9 12;6 18 22;6 33 36;0 40 41;0 52 53;0 62 63;8 81 85;2 93 94
1 4 5;0 13 14;0 23 24;0 41 43;2 67 69;8 72 75;2 96 97
6 13 18;8 21 25;0 35 36;6 48 53;9 74 78;0 89 91;2 100 101
0 34 36;0 41 42;2 56 58;0 58 60;6 63 66;2 85 86
2 4 6;6 9 12;0 22 23;1 41 42;7 44 49;2 59 60
0 29 31;2 36 38;0 47 48;0 48 49;6 49 52;2 61 63;0 63 65;2 81 83;0 92 93;0 93 94;3 101 103;2 110 112;6 115 118;0 128 129;0 129 130;3 137 139;1 146 147;7 149 154;2 164 165
0 13 15;0 16 17;0 34 36;2 42 44;0 44 46;6 52 55;0 71 73;1 85 86;2 101 103;0 103 105;6 108 111;6 124 127;2 150 151
1 52 53;2 68 69
0 2 4;3 6 8;0 13 14;0 23 24;0 32 34;0 35 36;0 36 37;1 42 43;0 50 51;1 79 80;0 101 103;2 112 113
0 20 21;0 28 29;8 44 49;6 51 54;2 54 56;3 61 63;1 80 81;0 89 90;1 132 133;7 134 139;5 143 145;2 149 150
6 2 6;9 4 8;8 19 23;2 40 41
6 13 18;0 21 22;0 22 23;3 28 30;1 45 46;6 47 51;6 56 60;6 65 69;5 69 71;1 83 84;2 95 97;6 108 113;0 116 117;0 117 118;1 123 124;0 136 137;0 148 149;9 162 166;0 167 168;1 172 173;2 177 178
0 8 9;5 29 31;1 33 34;2 48 50;3 55 57;6 64 69;0 73 75;2 88 90;0 117 119;3 129 131;0 134 135;5 168 170;1 172 173;6 182 185;0 186 187;8 212 216;2 218 219
2 2 4;0 13 14;0 14 15;6 15 18;0 22 23;0 30 32;0 43 44;0 64 65;8 76 80;5 80 82;2 108 109
0 22 23;1 36 37;6 38 43;0 43 44;0 44 45;3 50 52;3 59 61;6 62 66;8 68 71;0 79 80;0 80 81;3 86 88;3 93 95;8 96 100;1 113 114;0 120 121;0 121 122;1 129 130;7 138 144;5 157 159;0 164 166;8 177 180;6 182 187;8 189 192;2 203 204
8 4 8;8 8 11;6 23 28;6 28 31;5 53 55;0 68 70;6 79 84;6 84 89;1 95 96;0 99 100;5 100 102;0 105 107;3 114 116;6 120 125;8 125 129;0 133 134;8 143 147;8 147 150;1 155 156;2 160 161
7 4 9;0 21 23;8 28 32;0 39 41;0 44 45;0 51 53;0 54 55;0 55 56;6 56 59;0 63 64;0 82 83;0 83 84;6 84 87;0 93 94;1 122 123;2 127 128
0 10 11;0 28 30;0 40 42;0 43 44;0 44 45;1 48 49;1 53 54;6 59 62;6 72 75;1 75 76;8 77 81;5 81 83;8 89 93;0 101 102;1 110 111;0 130 132;8 143 147;7 152 157;8 160 165;0 169 171;1 174 175;0 179 180;5 191 193;8 199 203;5 203 205;0 215 217;1 222 223;1 230 231;6 234 239;2 251 253;1 260 261;6 262 267;6 275 279;1 293 294;2 298 299
6 2 5;0 6 7;2 28 30;6 33 37;6 49 55;8 65 69;6 87 90;0 92 93;0 110 112;6 129 132;0 135 136;7 146 151;6 163 166;0 168 169;0 185 187;2 206 208;0 217 218;1 229 230;6 239 244;1 254 255;6 262 267;1 279 280;6 287 292;2 308 310;0 318 319;1 323 324;2 328 329
8 12 15;0 28 29;9 39 42;1 53 54;1 58 59;5 64 66;2 76 78;0 86 87;2 98 100;6 103 107;0 131 132;0 143 145;3 147 149;0 159 160;1 164 165;2 169 170
0 21 22;8 33 36;1 45 46;8 47 52;1 58 59;6 66 69;6 84 87;6 102 105;2 123 124
0 5 6;6 24 29;0 35 36;8 51 56;6 56 59;0 60 61;2 67 70;0 77 78;0 78 79;3 84 86;1 97 98;6 100 103;5 106 108;1 115 116;1 118 119;6 120 124;2 148 149
3 29 31;6 40 43;8 51 55;0 57 58;8 75 79;2 82 84;0 84 86;5 91 93;6 107 111;0 136 137;0 137 138;3 143 145;6 203 206;2 206 208;2 234 235
0 18 19;3 27 29;6 43 46;0 64 65;3 71 73;9 91 93;3 110 112;3 117 119;3 123 125;8 130 134;8 134 137;1 142 143;2 147 148
0 6 8;5 11 13;1 15 16;2 36 38;2 61 63;6 66 69;8 74 77;0 78 79;0 89 90;2 96 97
3 8 10;9 22 24;8 29 33;3 39 41;6 52 55;2 55 57;9 61 63;8 68 72;3 78 80;6 116 119;2 119 121;0 138 139;0 139 140;1 145 146;1 148 149;0 154 155;5 181 183;8 197 200;2 211 212
3 23 25;0 32 33;0 40 42;2 61 63;0 63 65;2 71 73;5 76 78;0 93 94;0 118 119;1 123 124;2 128 129
3 12 14;0 23 24;8 33 36;0 48 49;6 53 56;5 108 110;1 118 119;0 124 125;0 125 126;0 152 153;0 153 154;1 157 158;2 162 163
0 15 16;0 16 17;1 24 25;6 54 57;0 82 83;0 90 92;6 119 123;0 134 135;6 154 158;1 162 163;2 175 176
2 9 12;7 23 28;1 33 34;1 41 42;8 43 47;6 64 67;1 69 70;0 76 77;0 77 78;0 88 89;0 89 90;2 95 96
0 8 9;0 16 18;8 33 38;6 40 43;6 53 56;6 58 63;6 63 66;8 71 76;8 78 82;2 138 139
0 2 3;0 19 21;0 32 34;1 43 44;2 48 50;0 53 55;3 57 59;1 70 71;0 74 75;0 75 76;6 76 79;1 97 98;2 102 103
1 2 3;2 7 9;3 16 18;0 24 25;0 32 34;0 46 47;2 52 54;0 86 88;2 97 99;1 126 127;0 132 133;2 139 140
0 10 12;2 17 19;8 22 25;7 38 44;2 70 72;0 72 74;9 89 93;1 96 97;0 113 115;1 124 125;8 134 139;6 143 148;1 153 154;0 159 160;2 165 166
0 15 17;0 18 19;0 29 30;1 34 35;0 51 53;0 54 55;8 67 70;2 81 82
0 10 12;0 13 14;0 14 15;0 20 21;1 21 22;0 33 35;0 36 37;0 37 38;0 43 44;1 44 45;0 50 51;0 58 60;0 66 67;0 67 68;1 71 72;2 76 77
0 14 15;0 15 16;6 16 19;0 25 26;8 38 41;8 48 51;8 62 65;0 78 79;1 85 86;2 105 106
0 2 3;0 13 15;0 18 19;0 19 20;5 23 25;0 30 31;0 31 32;0 37 38;1 38 39;6 46 49;0 78 79;1 83 84;2 88 89
6 14 17;6 23 26;6 28 33;1 35 36;0 39 41;6 56 59;1 75 76;2 80 81
1 2 3;2 7 9;3 16 18;0 24 25;0 32 34;0 46 47;2 52 54;6 81 84;0 106 107;1 111 112;2 116 117
0 2 3;0 9 11;7 17 23;5 27 29;6 42 47;8 50 54;6 58 63;5 69 71;1 88 89;6 92 96;5 119 121;6 122 126;8 137 140;2 142 143
1 16 17;6 19 24;3 61 63;0 66 67;5 92 94;3 96 98;3 125 127;1 142 143;8 147 151;3 153 155;6 156 161;7 161 166;2 178 179
5 11 13;0 24 25;8 38 41;1 45 46;5 59 61;2 63 65;8 87 90;8 95 98;2 100 101
1 9 10;5 12 14;2 23 26;8 46 50;6 50 53;0 54 55;0 67 68;5 72 74;9 80 83;1 90 91;8 96 99;1 104 105;2 109 110
6 2 5;8 18 21;6 21 26;9 27 30;1 38 39;2 64 65
0 25 26;1 32 33;0 38 39;2 71 72
1 31 32;1 35 36;6 45 48;8 66 69;8 73 77;0 77 78;0 91 92;5 96 98;2 108 110;0 110 112;0 134 135;5 135 137;2 141 143;0 143 145;8 148 151;1 160 161;7 173 178;8 185 188;6 222 225;1 227 228;0 234 235;0 235 236;0 246 247;0 247 248;2 253 254
1 18 19;6 29 34;0 60 61;8 75 79;0 92 93;0 93 94;1 97 98;8 109 112;8 117 120;2 122 123
6 2 5;1 14 15;6 17 22;9 23 26;2 63 64
0 24 25;8 39 42;0 59 60;6 64 67;0 70 71;0 71 72;0 87 89;8 92 96;1 101 102;5 113 115;1 117 118;1 144 145;8 147 151;2 154 156;0 156 158;8 161 164;2 179 180
0 15 16;5 16 18;0 23 25;1 28 29;0 34 35;0 53 55;6 85 90;0 90 91;5 91 93;0 98 100;0 101 102;6 116 121;0 127 129;6 136 141;1 159 160;1 162 163;0 180 181;2 191 192
0 10 11;0 27 29;0 45 46;8 70 73;0 85 86;0 102 104;5 107 109;6 110 116;0 119 120;0 120 121;3 126 128;0 143 145;2 154 155
0 7 8;1 37 38;0 49 50;0 67 68;0 79 80;8 80 83;0 97 98;8 120 125;5 125 127;6 147 152;0 168 170;0 173 174;0 181 183;7 186 191;0 196 197;0 218 220;0 225 226;2 243 244
1 18 19;6 29 34;6 54 58;1 58 59;8 62 66;0 66 67;5 67 69;5 92 94;6 103 106;9 111 113;0 117 118;9 130 133;5 134 136;3 149 151;5 206 208;0 216 217;5 231 233;0 240 241;0 260 261;0 268 270;8 276 281;6 283 286;6 291 296;0 331 332;0 332 333;0 344 345;3 362 364;6 375 380;0 383 384;1 393 394;6 403 406;0 417 419;1 440 441;0 444 445;5 456 458;0 466 467;0 467 468;6 468 471;1 476 477;0 489 490;1 500 501;0 517 519;0 529 531;2 540 541
6 2 5;0 6 7;0 24 26;0 29 30;0 45 47;0 50 51;0 51 52;6 52 55;1 57 58;0 65 66;0 66 67;1 70 71;0 95 96;0 105 106;0 115 116;1 137 138;8 141 146;5 155 157;8 166 169;2 223 224
1 22 23;0 53 54;0 54 55;0 67 69;2 72 74;1 84 85;8 87 91;6 97 101;0 101 102;0 109 111;2 141 142
6 2 5;6 17 22;9 23 26;1 34 35;0 57 58;1 88 89;8 94 97;6 97 102;0 105 106;1 110 111;2 115 116
5 6 8;0 20 21;0 30 31;0 39 41;8 44 47;0 54 55;0 55 56;5 59 61;0 87 89;1 101 102;2 107 108
1 10 11;1 19 20;7 21 27;7 75 80;2 89 90
2 31 33;6 36 39;0 40 41;8 63 67;0 74 76;8 84 88;2 91 93;0 93 95;8 116 121;0 135 136;0 161 162;1 166 167;2 171 172
0 6 8;0 9 10;5 10 12;7 36 41;6 62 65;1 67 68;6 79 82;7 93 98;6 106 110;9 127 131;1 139 140;0 147 148;0 155 157;2 170 171
0 6 8;0 9 10;5 10 12;7 36 41;6 67 70;1 72 73;6 84 87;8 98 102;3 106 108;7 117 122;0 138 139;0 139 140;6 140 143;1 143 144;2 148 149
0 6 8;0 9 10;5 10 12;7 36 41;6 56 59;0 60 61;1 74 75;6 94 97;2 97 99;8 102 106;3 106 108;0 111 112;2 129 130
6 8 11;1 13 14;6 25 28;7 39 44;8 52 56;0 62 63;0 86 87;7 106 111;0 133 135;0 136 137;1 142 143;0 155 156;0 189 191;2 200 201
8 23 28;0 28 29;1 32 33;0 52 53;6 67 72;8 76 79;2 90 91
0 10 11;1 37 38;0 50 51;0 58 59;1 87 88;1 92 93;2 114 115
6 2 5;6 22 27;9 28 31;1 39 40;0 54 55;6 87 91;6 93 96;0 102 103;0 140 141;1 149 150;6 157 160;0 204 205;3 209 211;6 218 221;0 259 260;0 273 274;1 285 286;6 293 296;2 306 307
5 6 8;6 18 22;0 29 31;5 43 45;6 58 63;1 86 87;0 90 91;6 100 103;1 118 119;9 123 126;2 161 162
0 13 15;0 16 17;0 34 36;2 42 44;0 44 46;6 52 55;8 94 98;2 101 103;0 103 105;8 122 126;0 137 138;4 162 164;8 170 174;1 176 177;8 180 183;2 210 211
6 22 25;0 26 27;2 72 73
6 13 16;0 39 40;1 46 47;2 55 57;6 92 95;2 95 96
7 7 12;0 33 34;1 40 41;6 60 63;1 77 78;8 89 92;0 93 94;0 112 114;1 119 120;8 126 131;8 135 140;7 145 150;6 152 157;6 157 160;7 190 195;6 197 202;6 202 205;2 215 216
0 8 10;8 13 17;0 26 27;0 27 28;6 28 31;2 40 42;6 50 56;8 64 68;8 87 90;0 91 92;8 104 109;6 111 115;0 122 123;2 138 140;0 163 164;2 187 188
8 9 13;6 26 30;1 34 35;1 44 45;3 50 52;1 59 60;0 65 67;3 69 71;1 82 83;0 86 87;0 87 88;6 88 91;1 109 110;2 114 115
0 2 3;0 20 22;0 32 34;0 35 36;0 36 37;1 40 41;1 45 46;0 51 53;3 55 57;1 68 69;0 72 73;6 77 80;1 97 98;2 102 103
1 22 23;2 30 32;3 39 41;0 70 71;0 82 83;1 87 88;6 105 110;0 114 115;0 128 129;1 135 136;0 143 144;1 150 151;0 165 167;0 170 171;6 171 174;6 183 188;0 196 198;0 199 200;0 200 201;0 206 207;1 207 208;0 219 221;0 222 223;0 223 224;0 229 230;1 230 231;6 236 239;6 267 273;8 273 276;8 283 286;6 286 291;2 297 298
1 22 23;3 50 52;8 79 82;6 86 91;8 91 95;1 97 98;6 107 110;5 113 115;8 128 131;2 142 143
6 2 5;8 8 11;3 16 18;3 22 24;5 29 31;8 41 44;6 71 77;8 77 80;6 80 85;8 85 89;1 91 92;1 103 104;8 120 124;0 124 125;0 136 137;5 141 143;1 145 146;6 153 157;1 171 172;1 181 182;0 257 258;1 264 265;8 289 293;3 301 303;6 308 312;1 321 322;8 329 332;8 347 351;0 353 354;0 360 361;1 361 362;0 365 366;0 366 367;0 385 386;1 392 393;2 413 416;0 425 426;0 442 443;1 454 455;6 462 465;2 475 476
0 2 4;3 6 8;0 13 14;0 23 24;0 32 34;0 35 36;0 42 43;1 43 44;0 47 48;0 48 49;0 60 61;0 98 99;8 122 125;2 127 128
5 6 8;0 27 28;1 34 35;9 54 57;1 64 65;0 68 69;0 69 70;0 98 99;5 99 101;0 113 114;1 123 124;5 134 136;1 138 139;0 150 151;3 175 177;9 190 194;2 209 212;8 215 218;0 225 226;8 249 254;5 257 259;8 272 277;5 277 279;2 283 284
0 8 10;9 27 31;0 46 47;6 75 81;2 91 92
6 4 7;3 11 13;1 24 25;6 26 31;8 36 39;0 40 41;7 56 61;0 82 84;8 87 91;5 91 93;0 118 119;0 135 137;6 142 145;3 149 151;6 155 160;0 169 171;0 179 181;1 186 187;0 199 200;0 213 214;1 218 219;2 223 224
0 10 11;0 19 21;2 26 28;8 31 34;6 43 47;0 54 56;2 61 63;8 66 69;0 72 73;6 90 94;0 102 103;8 112 116;1 122 123;6 133 137;3 139 141;1 158 159;3 164 166;6 191 195;1 201 202;6 216 221;2 223 224
0 29 31;2 36 38;8 41 44;0 47 48;0 61 63;2 77 79;8 82 85;3 122 124;1 128 129;0 137 138;7 154 160;5 187 189;9 200 202;3 205 207;0 210 211;8 220 224;5 224 226;8 231 235;8 235 238;6 238 243;2 249 250
5 6 8;3 11 13;6 17 22;0 30 31;1 40 41;6 46 49;0 50 51;0 63 64;5 68 70;9 76 79;1 86 87;8 92 95;1 100 101;2 105 106
1 22 23;0 53 54;0 54 55;0 67 69;2 72 74;1 84 85;8 87 91;6 97 101;0 101 102;0 109 111;0 118 120;0 154 156;0 173 174;5 178 180;8 221 225;2 227 229;1 235 236;8 245 249;8 249 252;6 252 257;2 263 264
8 7 11;0 24 25;0 25 26;0 33 34;8 48 51;0 52 53;6 68 73;8 73 77;0 81 82;0 82 83;6 83 86;6 96 99;0 101 103;0 104 105;8 116 120;8 120 123;1 128 129;2 133 134
6 4 8;6 12 15;9 25 30;0 59 60;9 73 77;0 78 79;0 79 80;1 83 84;2 88 89
6 10 13;0 27 28;0 28 29;6 29 32;0 47 48;1 48 49;6 50 54;0 59 60;0 78 80;6 109 112;6 127 131;1 154 155;0 161 162;6 174 178;6 180 183;0 188 189;9 202 206;2 219 220
8 7 11;7 21 27;5 29 31;6 41 44;1 46 47;1 57 58;0 84 85;7 100 106;6 131 136;2 157 158
8 2 6;7 16 22;3 34 36;1 44 45;1 56 57;5 62 64;1 78 79;6 86 89;0 90 91;7 104 109;1 113 114;2 118 119
5 6 8;8 11 14;2 18 20;1 35 36;9 37 41;1 47 48;6 49 53;2 70 72;0 80 81;1 85 86;2 90 91
1 15 16;0 21 23;6 29 35;1 41 42;6 49 54;8 58 62;2 90 91
6 4 7;3 11 13;6 26 31;8 36 39;0 40 41;7 56 61;6 87 92;0 95 96;0 111 113;0 114 115;1 121 122;1 129 130;0 133 134;3 145 147;6 166 169;2 186 187
0 2 3;0 11 13;0 25 27;0 28 29;0 29 30;1 35 36;1 64 65;1 89 90;1 97 98;6 100 103;0 104 105;0 105 106;1 111 112;0 125 127;0 141 142;0 142 143;6 143 146;0 150 151;0 151 152;2 164 166;8 169 172;0 181 182;1 207 208;1 218 219;2 271 273;6 276 279;8 297 301;1 362 363;0 371 372;1 391 392;8 401 405;4 407 409;1 420 421;0 450 451;8 499 502;5 515 517;0 525 527;0 535 536;1 543 544;1 555 556;0 561 562;1 583 584;6 585 589;0 608 610;2 615 617;8 620 623;0 641 643;2 652 653
6 9 12;0 25 27;0 30 31;0 38 40;6 51 56;8 61 64;0 65 66;7 78 83;0 92 94;2 103 104
2 2 4;0 13 14;0 31 33;0 46 48;1 51 52;0 66 68;0 69 70;8 70 73;0 81 82;0 89 91;1 100 101;2 121 122
0 13 14;0 30 32;0 45 46;1 52 53;0 62 63;6 79 83;6 99 104;6 112 117;7 117 122;0 132 133;1 162 163;6 166 170;3 172 174;0 179 180;0 191 192;0 201 202;2 208 209
8 6 9;8 32 35;6 53 58;2 62 64;2 78 80;6 99 102;0 103 104;8 129 133;2 135 136
6 18 21;0 22 23;1 34 35;0 43 44;0 44 45;1 50 51;1 53 54;0 59 60;6 79 84;8 84 88;0 92 93;6 102 106;6 110 114;2 122 123
8 18 22;0 30 32;8 68 72;5 72 74;6 81 85;0 95 96;0 107 108;1 115 116;5 123 125;3 136 138;0 141 142;0 142 143;2 148 149
6 12 17;0 27 28;1 34 35;6 55 60;9 61 64;1 75 76;6 98 104;8 109 112;8 115 118;6 122 127;9 128 131;0 158 159;0 169 170;0 175 177;0 180 181;0 188 190;0 208 209;2 226 228;6 231 234;0 235 236;8 261 265;2 267 268
0 10 12;0 13 14;0 14 15;0 20 21;1 21 22;0 33 35;0 36 37;0 37 38;0 43 44;1 44 45;0 64 66;8 71 74;6 78 83;8 91 95;8 105 108;0 109 110;6 119 122;0 123 124;2 153 154
0 8 10;6 13 17;5 17 19;0 24 25;6 29 32;8 44 48;1 68 69;0 107 109;1 116 117;8 126 130;8 130 133;1 138 139;2 143 144
5 23 25;1 29 30;8 53 57;2 61 63;5 66 68;1 72 73;8 76 79;1 87 88;2 132 133
0 10 11;0 30 31;0 31 32;6 32 35;1 37 38;6 55 59;0 67 68;0 68 69;6 69 72;1 74 75;0 89 90;6 112 116;0 131 132;1 138 139;1 146 147;0 158 159;0 204 205;0 239 240;1 246 247;0 265 267;2 284 285
6 18 21;6 21 26;1 35 36;0 41 42;6 51 55;0 69 70;1 76 77;2 100 102;0 105 107;3 109 111;6 135 139;5 139 141;2 148 150;3 160 162;0 181 182;0 182 183;6 197 201;0 212 213;2 237 238
0 10 11;0 24 25;0 56 58;6 63 66;5 69 71;0 74 75;6 84 87;0 88 89;1 98 99;2 108 109
0 8 10;0 11 12;0 20 21;8 33 38;5 38 40;1 42 43;1 47 48;1 58 59;0 68 69;0 69 70;1 75 76;1 78 79;0 84 85;7 98 103;1 105 106;1 109 110;2 114 115
0 8 9;0 9 10;1 15 16;1 18 19;0 24 25;2 46 49;8 55 60;6 62 65;1 81 82;8 85 89;2 93 94
0 8 9;0 55 56;2 77 79;8 86 90;1 92 93;0 104 105;8 116 120;5 120 122;6 126 131;1 151 152;5 173 175;6 181 184;0 186 187;1 194 195;6 205 209;2 214 215
6 2 5;2 5 7;1 18 19;0 24 25;6 39 44;6 50 55;1 80 81;0 84 85;2 91 92
8 4 8;8 17 20;0 21 22;0 38 39;0 39 40;6 40 43;1 45 46;6 88 91;0 98 99;0 111 112;0 130 131;3 147 149;8 153 157;0 162 163;3 172 174;0 184 185;0 208 209;6 218 222;6 226 230;2 238 239
1 19 20;0 25 26;1 32 33;1 47 48;2 66 68;0 71 73;3 75 77;1 98 99;6 104 108;1 119 120;0 125 127;3 129 131;0 141 142;1 146 147;2 151 152
1 2 3;2 7 9;3 16 18;0 24 25;0 32 34;0 46 47;2 52 54;6 81 84;0 106 107;1 111 112;2 116 117
0 2 3;0 9 11;7 17 23;5 27 29;6 42 47;8 50 54;6 58 63;5 69 71;5 86 88;6 89 93;8 99 102;1 112 113;6 116 120;8 131 134;2 136 137
0 7 8;5 8 10;2 14 17;5 20 22;1 24 25;1 27 28;1 38 39;1 48 49;8 50 54;6 58 61;6 63 66;6 75 78;0 92 93;6 93 96;8 106 111;8 119 123;0 159 160;0 160 161;1 164 165;2 169 170
0 17 18;7 35 40;0 40 41;6 41 44;6 55 60;0 60 61;0 69 71;6 74 79;5 87 89;1 91 92;1 94 95;6 104 109;5 113 115;2 117 119;2 124 127;5 130 132;1 134 135;1 137 138;1 149 150;8 158 162;0 180 181;3 184 186;0 196 197;1 201 202;0 212 213;0 213 214;0 223 224;0 224 225;2 230 231;5 231 232
5 15 17;1 19 20;1 22 23;0 32 33;5 33 35;1 42 43;6 61 66;0 66 67;5 71 73;1 82 83;0 89 90;0 90 91;1 98 99;8 121 125;0 125 126;0 135 136;0 145 146;8 166 170;1 188 189;8 196 201;6 201 204;2 216 218;0 234 235;0 235 236;6 236 239;0 252 253;2 259 260
5 18 20;1 22 23;1 25 26;0 29 30;0 47 48;1 65 66;6 93 96;2 96 98;6 101 104;8 109 112;0 113 114;0 114 115;0 124 125;2 131 132
0 11 12;5 12 14;8 44 48;2 58 60;6 63 66;6 67 72;7 79 84;5 114 116;2 125 127;6 130 133;8 138 141;0 142 143;0 143 144;0 154 155;0 155 156;2 161 162
0 11 12;5 12 14;6 33 39;0 53 55;1 72 73;0 94 95;1 101 102;0 107 108;6 136 139;8 144 147;0 148 149;0 159 160;2 166 167
6 4 8;6 17 22;5 30 32;1 34 35;1 37 38;8 50 54;1 67 68;0 78 79;1 89 90;0 97 98;0 98 99;6 112 115;1 117 118;0 123 124;0 143 144;0 144 145;1 148 149;2 153 154
1 15 16;2 24 26;0 61 62;1 66 67;2 71 72
2 14 16;5 19 21;1 23 24;1 26 27;1 52 53;6 63 66;0 67 68;0 75 76;0 92 93;0 93 94;6 114 117;8 129 132;6 132 137;2 143 144
8 7 10;3 19 21;0 46 47;9 96 99;0 112 114;1 128 129;1 140 141;3 149 151;5 158 160;1 162 163;1 165 166;1 177 178;1 192 193;1 200 201;6 202 207;1 207 208;6 211 216;1 227 228;2 237 238
6 9 12;8 13 17;5 17 19;6 52 57;5 63 65;6 91 94;0 102 104;2 113 114
0 8 10;0 17 19;1 36 37;0 51 53;5 74 76;1 78 79;1 81 82;6 91 96;0 111 112;2 122 123
2 5 7;0 7 9;6 15 18;0 22 23;2 34 36;8 39 42;2 59 61;8 64 67;2 74 77;5 80 82;1 84 85;1 87 88;1 99 100;1 114 115;0 132 133;2 149 151;2 182 184;0 193 194;0 194 195;6 195 198;7 209 214;6 248 253;1 273 274;2 283 284
0 15 17;2 29 31;8 37 40;8 40 44;1 46 47;0 55 56;0 63 65;8 71 75;0 82 84;6 89 92;8 111 115;0 131 132;0 146 147;0 147 148;0 157 158;2 164 165
5 2 4;0 9 10;0 38 39;5 48 50;6 53 57;1 68 69;1 72 73;2 77 78
4 11 13;0 27 28;2 69 71;1 78 79;1 100 101;1 121 122;2 131 132
6 18 21;5 24 26;1 28 29;1 31 32;1 43 44;1 58 59;0 76 77;0 95 97;1 114 115;8 129 132;0 149 150;6 175 178;8 178 182;1 191 192;8 199 202;1 204 205;0 211 212;0 225 226;1 237 238;6 245 248;2 258 259
6 9 12;8 13 17;5 17 19;6 52 57;5 63 65;6 91 94;0 102 104;2 113 114
0 10 11;0 11 12;3 19 21;0 29 30;0 30 31;6 31 34;1 48 49;8 56 60;5 60 62;0 71 72;0 85 87;0 111 112;0 125 126;6 147 151;3 153 155;1 169 170;6 171 176;2 182 183
1 6 7;1 20 21;6 28 31;6 32 36;7 39 45;0 53 55;3 62 64;0 73 74;0 74 75;6 75 78;0 92 93;0 93 94;6 120 125;0 139 140;5 144 146;0 151 152;8 161 164;2 173 175;6 196 200;0 208 209;0 209 210;6 221 224;6 224 228;8 228 231;8 258 262;0 293 294;0 309 310;0 329 330;1 352 353;6 362 365;0 366 367;0 376 377;0 377 378;6 378 381;7 393 398;2 400 401
5 2 4;5 24 26;0 35 36;0 36 37;3 42 44;6 60 63;5 68 70;8 73 77;1 82 83;5 97 99;5 106 108;0 111 112;0 123 124;8 149 152;0 163 165;5 180 182;1 186 187;6 192 195;0 196 197;0 212 214;0 215 216;1 222 223;6 242 245;0 248 249;7 259 264;0 278 279;1 290 291;6 298 301;2 311 312
0 18 19;0 34 36;0 37 38;1 44 45;6 62 67;0 76 78;5 81 83;2 94 96;8 99 102;8 111 115;5 115 117;8 140 144;8 150 154;5 154 156;6 166 170;0 177 178;3 194 196;6 200 205;9 206 209;3 221 223;0 233 234;6 245 248;7 254 260;0 265 266;0 266 267;1 270 271;2 275 276
1 19 20;0 25 26;1 32 33;1 49 50;5 71 73;3 75 77;6 88 91;6 98 104;0 125 126;2 149 150
7 11 16;6 35 38;0 44 45;2 55 56
6 8 12;5 12 14;0 38 39;0 48 50;0 51 52;1 60 61;0 83 85;0 100 101;6 119 122;0 123 124;8 149 153;2 155 156
5 18 20;5 33 35;5 42 44;0 47 48;0 59 60;6 74 77;1 79 80;7 93 98;0 110 111;1 122 123;6 130 133;2 143 144
5 18 20;5 33 35;5 42 44;0 47 48;0 59 60;8 85 88;0 99 101;5 116 118;1 122 123;0 143 144;6 144 147;0 177 178;0 194 196;0 227 228;6 246 249;2 293 294
2 4 6;6 33 39;8 39 42;0 52 54;1 71 72;0 109 110;1 116 117;0 122 123;6 147 152;0 167 169;2 178 179
0 2 3;2 12 14;0 30 31;0 38 40;2 59 60
2 2 4;0 13 14;0 31 33;0 34 35;0 45 47;0 50 51;0 51 52;5 55 57;0 62 63;0 63 64;0 69 70;1 70 71;6 76 79;0 80 81;0 93 94;0 94 95;1 98 99;2 103 104
0 14 16;6 21 25;5 25 27;0 44 45;1 58 59;9 60 64;3 74 76;6 77 81;1 83 84;7 86 91;2 101 102
5 6 8;6 12 15;8 17 21;6 26 31;0 34 35;0 46 47;5 59 61;6 62 67;0 70 71;1 79 80;0 85 86;8 90 93;0 98 99;0 99 100;1 107 108;0 121 122;0 122 123;1 126 127;2 131 132
2 14 16;1 21 22;6 28 33;8 39 43;2 46 48;0 48 50;6 53 56;6 70 73;2 73 75;1 87 88;2 92 93
0 2 4;3 6 8;1 30 31;6 32 37;7 37 42;6 59 63;0 65 67;3 69 71;0 81 82;2 92 93
6 2 5;0 6 7;0 7 8;0 17 18;8 31 35;3 37 39;0 44 45;0 65 66;0 80 81;6 115 119;8 140 144;8 157 162;6 164 167;0 168 169;2 188 189
6 2 5;0 6 7;2 30 32;8 35 38;0 49 50;1 59 60;0 65 66;9 78 81;6 96 99;1 99 100;0 105 106;6 106 109;0 117 118;1 124 125;0 130 132;3 134 136;0 154 155;0 177 178;0 178 179;1 182 183;2 187 188
0 7 8;0 23 25;0 37 39;0 50 52;0 57 59;3 61 63;0 95 96;0 96 97;0 107 108;0 108 109;2 114 115
6 2 5;0 6 7;0 23 25;0 34 36;0 55 57;3 59 61;0 86 87;0 96 97;3 103 105;0 114 115;0 115 116;6 116 119;5 125 127;2 131 132
1 2 3;0 41 42;8 65 68;2 70 71
1 6 7;1 18 19;6 20 24;1 24 25;7 28 33;2 33 35;1 40 41;0 56 57;0 57 58;1 65 66;0 69 70;0 70 71;2 76 77
6 2 5;0 17 18;0 18 19;1 24 25;1 27 28;0 33 34;0 45 46;1 52 53;0 56 57;0 67 68;0 68 69;6 69 72;0 80 81;0 90 91;5 100 102;0 110 111;8 128 131;0 134 135;0 135 136;6 136 139;2 147 149;8 152 155;0 158 159;0 171 172;0 172 173;3 178 180;6 185 190;3 190 192;8 193 197;0 210 211;8 254 258;4 264 266;6 270 274;0 284 285;0 285 286;1 291 292;0 297 298;0 298 299;0 308 309;0 328 329;0 329 330;3 335 337;0 342 343;1 359 360;7 361 366;6 371 375;2 381 382
0 7 8;0 8 9;6 9 12;6 18 22;8 32 36;0 40 41;8 50 53;6 55 60;0 81 82;0 91 92;2 108 110;0 110 112;7 125 131;0 150 151;2 166 168;0 168 170;0 185 186;6 198 201;0 202 203;6 227 232;6 234 237;0 238 239;0 254 255;2 261 262;5 262 263
0 15 16;0 25 26;0 34 36;0 42 43;0 52 53;0 61 63;0 72 74;0 75 76;0 107 108;2 116 117;5 117 118
0 8 9;0 18 19;0 27 29;6 37 40;8 53 57;0 94 96;6 99 102;1 108 109;0 124 125;1 138 139;1 152 153;8 175 179;1 181 182;0 195 196;0 196 197;6 197 200;2 200 201
2 2 4;0 13 14;0 14 15;6 15 18;0 27 29;6 32 35;0 41 42;1 55 56;8 57 62;6 66 71;0 85 87;1 94 95;0 98 99;0 99 100;1 107 108;6 113 116;1 118 119;6 133 138;2 140 141
6 2 5;8 19 23;0 23 24;0 24 25;3 28 30;0 35 36;3 44 46;8 53 57;0 63 65;0 72 73;2 96 97
0 21 22;0 30 32;2 35 37;8 40 43;0 46 47;0 60 62;2 80 82;3 109 111;2 115 117;3 138 140;6 169 174;2 186 187
0 9 10;0 26 28;0 38 39;3 85 87;6 88 92;3 96 98;8 99 103;6 103 107;9 105 109;8 120 124;2 141 142
2 2 4;0 13 14;0 31 33;0 39 41;8 44 48;1 53 54;5 65 67;1 69 70;0 77 78;0 85 87;8 98 102;8 102 105;2 125 126
6 2 5;0 28 29;0 42 43;0 43 44;0 59 60;8 64 67;2 75 77;1 90 91;0 101 102;0 116 117;6 136 140;8 148 152;2 154 156;6 175 178;0 179 180;7 193 198;2 200 201
6 2 5;0 6 7;2 30 32;8 35 38;0 41 42;0 54 55;1 61 62;1 83 84;8 90 95;0 104 106;3 108 110;0 154 155;0 155 156;6 156 159;0 183 184;0 198 199;1 205 206;2 251 252
0 2 4;3 6 8;0 13 14;0 23 24;0 32 34;0 35 36;0 36 37;1 42 43;0 50 51;0 62 63;0 75 76;2 93 95;0 115 116;0 116 117;6 117 120;2 120 121
1 2 3;6 12 15;0 16 17;0 32 33;1 39 40;0 45 46;6 58 61;0 62 63;0 72 73;0 82 84;0 89 90;1 96 97;9 112 116;2 119 120;5 120 121
0 8 9;8 19 23;0 29 31;0 51 52;0 65 66;1 81 82;6 84 87;0 88 89;0 112 113;0 122 123;0 132 133;0 145 146;3 152 154;0 163 164;1 170 171;0 176 177;0 177 178;6 178 181;1 186 187;0 199 200;1 222 223;0 230 231;0 244 245;1 251 252;0 259 260;1 266 267;0 275 276;5 276 278;0 281 282;0 282 283;0 294 295;0 295 296;3 299 301;0 315 316;0 316 317;0 336 337;0 337 338;0 343 344;1 344 345;0 357 358;0 358 359;0 364 365;1 365 366;0 371 372;1 404 405;0 410 412;0 415 416;0 416 417;1 420 421;0 433 434;3 442 444;0 449 450;0 450 451;3 457 459;0 470 471;0 482 484;3 486 488;0 493 494;0 510 512;0 517 519;3 521 523;0 533 534;2 543 544
2 2 4;0 13 14;0 31 33;0 52 53;0 67 68;0 78 79;0 89 90;0 100 101;5 105 107;0 112 113;5 117 119;0 124 125;8 129 132;0 137 138;8 142 145;1 166 167;8 186 190;0 190 191;9 198 202;0 203 204;3 222 224;1 244 245;8 246 250;1 250 251;6 264 269;7 269 274;8 291 295;0 300 301;1 319 320;1 331 332;2 345 346
0 13 14;0 28 29;1 29 30;6 31 35;2 35 37;0 39 41;0 45 46;1 54 55;2 77 78
0 42 43;8 54 58;0 71 72;1 90 91;0 102 103;5 107 109;0 119 120;0 145 146;2 155 156
9 5 8;1 16 17;1 36 37;6 42 45;2 47 49;1 58 59;0 66 67;2 90 92;6 95 98;0 99 100;2 119 120
6 15 20;8 22 26;8 42 47;2 71 73;6 92 95;0 96 97;7 110 115;2 117 118
2 2 4;0 13 14;0 31 33;0 52 53;0 53 54;0 82 83;8 94 98;5 98 100;2 126 127
6 7 13;1 20 21;8 22 26;8 28 32;8 38 41;6 41 46;8 70 74;6 80 85;0 112 113;1 134 135;5 138 140;8 143 147;8 161 165;8 167 171;8 184 189;7 199 204;1 206 207;8 212 216;0 222 224;7 230 235;8 242 246;8 246 249;2 260 261
0 17 18;2 23 25;8 28 31;0 40 41;7 56 62;0 62 63;6 63 66;1 79 80;6 81 86;0 89 90;0 101 102;8 118 122;8 129 132;0 135 136;0 136 137;8 162 166;8 196 200;6 206 211;0 238 239;0 253 254;0 284 285;0 307 309;0 310 311;0 335 337;0 338 339;1 362 363;2 390 391
6 28 31;6 37 40;0 67 68;0 68 69;0 106 108;0 126 128;2 153 154
0 24 25;0 25 26;0 35 36;0 36 37;3 56 58;6 67 70;7 77 82;8 91 94;7 103 108;6 110 113;0 121 122;6 131 134;8 141 144;8 162 165;8 201 204;0 209 210;1 215 216;1 221 222;6 229 232;0 235 236;5 236 238;0 243 245;0 257 258;0 279 281;0 284 285;0 292 294;0 322 323;0 332 333;5 337 339;0 349 350;0 359 360;0 376 377;5 381 383;6 388 391;6 396 399;0 400 402;0 403 404;0 404 405;0 420 421;1 439 440;6 447 450;8 455 458;1 463 464;0 476 477;1 483 484;0 504 505;5 520 522;1 535 536;0 551 552;1 564 565;1 569 570;0 573 574;6 574 577;2 600 601
2 14 16;0 16 18;1 25 26;8 30 34;8 40 44;0 44 45;1 49 50;5 59 61;0 64 66;2 71 73;0 80 81;0 103 105;6 112 118;1 127 128;0 131 132;0 132 133;6 133 136;0 142 143;8 156 159;2 170 171
0 20 21;1 47 48;0 56 57;6 57 60;0 66 67;0 84 85;8 97 101;0 106 108;0 109 110;8 122 126;1 139 140;6 142 145;0 146 147;0 160 161;0 176 178;0 179 180;5 197 199;1 201 202;0 210 211;0 217 219;0 220 221;2 248 249
1 4 5;0 10 12;0 25 26;0 33 34;1 47 48;2 74 76;0 76 78;6 81 84;0 85 86;0 105 106;2 116 117
0 2 3;5 3 5;6 51 56;0 82 83;0 107 108;1 127 128;8 140 143;0 144 145;0 156 157;1 179 180;8 200 204;1 204 205;0 217 218;5 218 220;1 234 235;3 244 246;0 249 250;1 254 255;2 259 260
0 7 8;8 8 11;0 15 17;6 22 25;0 26 27;7 40 45;2 47 48
1 4 5;6 42 46;0 54 55;0 55 56;0 78 79;8 79 82;0 86 88;5 97 99;1 101 102;0 118 119;0 119 120;1 123 124;2 128 129
0 1 2;0 10 11;0 23 24;0 24 25;0 33 34;0 46 47;1 55 56;8 65 69;0 74 75;0 97 98;0 105 107;0 130 131;0 153 154;0 160 162;0 163 164;0 173 174;2 180 182;0 182 184;6 187 190;0 191 192;0 204 205;2 214 215
8 4 7;0 10 12;0 25 26;0 46 48;0 69 70;0 70 71;2 93 95;0 95 97;6 100 103;0 104 105;0 120 121;2 131 132
6 6 9;0 10 12;0 13 14;0 24 25;0 70 71;0 87 88;5 92 94;0 112 114;5 137 139;0 144 145;5 149 151;1 163 164;8 169 173;8 179 182;6 182 187;2 203 205;6 209 215;7 215 220;1 226 227;5 232 234;6 237 242;8 242 246;8 276 280;2 284 286;8 291 294;8 301 305;0 315 316;0 333 334;0 348 349;0 365 366;5 370 372;7 379 384;5 391 393;1 408 409;8 421 425;0 427 428;5 440 442;8 478 482;8 488 492;1 492 493;7 502 507;1 525 526;0 536 537;0 548 549;0 561 562;0 568 570;0 571 572;0 581 582;2 588 590;0 590 592;6 595 598;0 599 600;0 615 616;2 622 623;5 623 624
6 16 21;1 28 29;8 30 34;8 36 40;6 50 53;0 54 55;0 108 109;0 132 134;6 145 149;0 158 159;0 178 180;6 185 188;0 196 197;0 197 198;0 205 206;0 206 207;5 210 212;0 219 220;2 231 233;0 235 237;0 241 242;2 250 251;5 251 252
8 28 32;5 32 34;0 39 41;6 47 53;7 53 58;2 72 74;6 83 88;1 97 98;8 99 103;0 103 104;0 111 113;0 114 115;8 124 127;0 128 129;0 140 141;0 153 154;1 175 176;8 185 189;8 189 192;6 192 197;8 197 201;5 201 203;1 207 208;0 216 217;0 217 218;4 221 223;2 226 227
6 2 5;0 14 16;0 37 38;0 38 39;6 39 42;0 48 49;0 60 62;0 63 64;6 73 76;0 77 78;7 91 96;2 98 99
6 16 21;1 23 24;0 35 36;0 43 45;0 46 47;3 72 74;8 99 104;0 109 110;0 110 111;6 111 114;6 120 124;2 137 139;0 153 154;0 154 155;1 174 175;0 180 181;2 202 203;5 203 204
6 8 13;6 13 17;2 30 32;0 46 47;0 47 48;6 64 68;0 72 73;6 92 96;0 110 111;0 111 112;6 112 115;2 115 116
0 2 4;3 6 8;6 26 31;6 31 34;0 43 45;0 48 49;0 64 65;2 71 72;5 72 73
0 2 3;0 10 12;0 13 14;2 23 25;6 33 38;1 45 46;8 47 51;8 53 57;2 84 86;8 107 111;2 123 125;0 149 150;0 160 161;0 167 169;0 170 171;0 180 181;2 187 189;0 189 191;6 194 197;2 219 220
0 7 8;0 8 9;6 9 12;6 18 22;1 39 40;0 45 46;0 52 53;1 53 54;0 57 58;0 58 59;0 79 80;1 110 111;0 127 128;2 134 135
0 29 30;0 68 69;0 80 81;0 81 82;6 82 85;0 92 93;0 112 113;2 119 120;5 120 121
0 19 20;0 26 27;0 45 46;0 58 59;1 78 79;6 84 87;0 101 102;2 108 109;5 109 110
0 7 8;0 8 9;6 9 12;6 18 22;0 37 38;5 38 40;3 44 46;0 59 60;0 69 70;9 83 87;0 88 89;2 95 96;5 96 97
2 2 4;0 13 14;0 31 33;0 34 35;5 35 37;0 42 44;0 49 50;0 50 51;4 61 63;6 67 71;0 85 87;1 94 95;0 98 99;0 99 100;1 107 108;6 113 116;1 118 119;6 133 138;2 140 141
8 4 8;6 14 19;9 20 23;3 35 37;0 46 47;1 56 57;0 62 63;2 69 71;0 71 73;6 76 79;0 80 81;2 100 101
8 7 10;2 21 23;6 26 30;0 41 42;6 58 63;0 66 67;0 79 80;3 86 88;0 104 105;0 122 123;0 139 140;2 146 147
2 9 11;3 18 20;1 40 41;6 43 48;9 57 61;6 68 72;6 74 78;0 95 96;9 106 109;3 121 123;6 134 137;0 138 139;0 154 155;2 161 162;5 162 163
0 26 28;0 29 30;0 36 37;1 37 38;0 41 42;0 42 43;0 71 72;0 89 91;0 94 95;0 104 105;0 112 114;0 133 134;1 140 141;0 148 149;6 167 171;3 173 175;2 191 192;5 192 193
0 6 7;0 7 8;6 8 11;6 17 20;6 21 25;1 25 26;8 31 35;0 42 43;0 50 51;0 51 52;6 52 55;1 60 61;8 81 84;8 94 97;0 109 110;1 116 117;0 122 123;0 149 150;0 150 151;6 151 154;0 165 166;0 175 177;0 190 191;0 213 214;9 235 238;3 250 252;0 261 262;1 271 272;9 280 285;0 303 304;0 311 312;0 329 331;0 338 339;0 348 350;0 362 363;1 381 382;0 385 386;6 403 407;3 409 411;1 425 426;6 427 432;2 438 439
5 9 11;8 18 22;5 22 24;0 29 31;0 32 33;6 37 40;6 47 50;6 60 65;0 70 71;0 86 88;8 91 95;5 95 97;6 101 106;0 116 117;3 125 127;0 132 133;0 133 134;3 140 142;0 156 158;0 175 176;0 176 177;0 188 189;0 206 208;1 215 216;0 231 232;2 243 245;6 248 251;0 259 260;2 271 272;5 272 273
8 24 27;2 40 42;8 45 48;5 48 50;6 52 57;8 65 69;1 75 76;0 87 88;5 92 94;0 104 105;1 111 112;0 119 120;1 126 127;0 135 136;5 136 138;0 141 142;0 142 143;0 167 169;8 180 184;6 186 189;0 190 191;1 202 203;2 208 209
0 18 19;7 41 46;2 57 60;8 63 67;0 74 76;6 83 88;7 98 103;2 114 117;8 120 124;0 130 132;6 139 144;7 153 158;0 165 166;8 186 189;2 204 205
0 20 21;0 21 22;0 30 31;8 47 51;8 66 70;6 80 84;8 92 96;0 102 103;9 117 121;1 124 125;0 128 129;0 140 141;1 171 172;8 191 194;0 195 196;0 205 206;0 231 232;1 262 263;8 298 302;0 315 316;1 322 323;0 326 328;6 333 337;5 343 345;8 348 351;8 356 360;1 365 366;8 389 393;0 395 397;3 399 401;1 421 422;0 433 434;0 434 435;0 446 447;0 463 465;3 467 469;1 480 481;0 484 485;0 485 486;6 486 489;1 507 508;2 512 513
6 2 5;0 6 7;0 24 26;0 29 30;0 47 49;1 54 55;0 60 62;0 75 76;0 85 87;3 89 91;0 115 116;0 125 126;7 139 144;2 146 147
0 20 21;0 32 33;2 56 58;8 64 68;6 72 76;1 80 81;0 88 89;6 89 92;2 108 110;6 122 127;8 163 166;0 177 178;1 191 192;0 207 208;0 222 223;1 230 231;2 257 258
0 4 5;0 5 6;0 17 18;0 52 53;1 59 60;7 78 83;6 93 97;8 99 103;1 124 125;0 134 135;0 151 152;0 168 169;3 189 191;0 194 195;6 219 222;0 223 224;2 243 244
8 8 11;0 14 16;0 17 18;1 28 29;6 46 49;6 59 64;6 78 83;6 83 88;6 95 99;8 127 130;0 133 135;0 136 137;0 168 170;5 177 179;6 180 185;6 197 202;6 202 207;6 212 216;0 236 238;3 240 242;5 249 251;0 263 264;0 264 265;6 265 268;0 274 275;5 284 286;2 288 290;0 290 292;0 299 300;6 304 307;0 312 313;1 336 337;1 355 356;1 360 361;0 364 365;6 365 368;2 395 396
0 22 23;8 46 51;0 51 52;0 61 63;0 64 65;0 65 66;6 66 69;3 71 73;0 80 81;5 99 101;6 108 111;5 122 124;6 160 163;0 187 188;6 197 200;0 201 202;0 217 218;0 218 219;1 225 226;0 242 243;2 256 257
3 4 6;7 18 23;0 35 37;6 51 54;0 76 78;8 83 86;0 95 96;0 102 104;0 105 106;0 115 116;2 122 124;0 124 126;6 129 132;6 134 139;1 141 142;0 158 159;2 169 170
5 8 10;0 15 17;0 18 19;7 33 38;1 44 45;8 54 58;0 64 66;0 77 79;0 91 93;0 101 102;0 102 103;6 103 106;0 112 113;2 132 133
0 19 20;0 29 30;0 30 31;2 41 43;1 50 51;1 62 63;6 65 69;8 78 82;0 109 110;2 129 130
6 24 29;3 31 33;8 68 72;8 74 78;3 78 80;6 88 91;0 92 93;7 106 111;2 113 114
0 14 16;0 17 18;0 18 19;1 24 25;6 32 35;0 36 37;2 56 57
0 2 3;1 14 15;8 36 39;6 43 46;1 51 52;3 61 63;6 64 68;6 84 87;6 90 94;0 114 115;2 124 126;6 138 141;8 144 148;6 148 151;6 158 161;0 164 165;0 174 175;0 184 185;6 208 211;6 229 232;1 239 240;2 257 259;0 259 261;1 268 269;6 270 275;6 279 282;0 290 291;6 306 309;0 312 313;0 329 330;6 347 350;6 358 362;0 362 363;2 382 383
0 1 2;1 7 8;9 32 36;9 60 64;1 71 72;6 73 77;8 98 102;0 109 111;6 114 117;2 117 119;6 134 137;2 152 154;6 157 161;2 166 168;0 193 194;0 241 242;0 282 283;1 296 297;0 313 314;6 344 348;0 364 365;0 376 378;3 380 382;0 392 393;0 393 394;1 397 398;2 402 403
8 4 8;1 35 36;9 40 43;8 59 62;1 81 82;8 87 91;2 124 126;6 129 133;2 142 144;8 147 151;6 151 154;2 154 156;6 159 163;0 178 179;0 203 204;6 231 235;2 241 242
5 13 15;0 20 21;0 21 22;6 22 25;3 27 29;6 51 54;6 68 71;6 99 102;6 113 117;6 132 135;7 142 148;0 157 159;6 164 168;1 177 178;5 187 189;1 205 206;2 222 224;0 224 226;1 232 233;0 236 237;6 249 254;0 254 255;0 262 264;0 274 275;2 297 299;8 302 305;6 316 321;0 324 325;1 331 332;0 337 338;8 357 361;1 363 364;0 367 368;0 374 376;0 377 378;0 387 388;2 394 396;0 396 398;6 401 404;0 405 406;2 432 433
5 13 15;0 20 21;0 21 22;6 22 25;3 27 29;6 51 54;6 72 75;6 78 82;8 82 85;1 96 97;6 101 104;1 115 116;0 120 122;8 131 135;0 135 136;1 150 151;1 168 169;8 172 176;8 182 185;0 199 200;0 209 210;0 219 220;1 232 233;5 260 262;0 269 270;8 290 293;2 308 309
0 2 3;1 7 8;1 12 13;1 33 34;6 38 41;6 82 86;6 88 91;0 92 93;0 93 94;0 113 114;1 130 131;6 140 143;6 156 159;0 162 163;4 221 223;1 229 230;9 235 239;7 264 269;1 271 272;1 283 284;0 293 294;1 313 314;8 346 350;6 354 359;8 377 381;7 416 417;8 425 429;2 439 441;0 441 443;1 450 451;6 498 503;2 503 505;8 515 519;0 519 520;0 534 535;0 541 543;0 544 545;0 554 555;2 561 563;0 563 565;6 568 571;0 572 573;2 602 603
0 2 3;8 28 31;1 52 53;6 54 59;8 75 78;6 82 85;6 104 108;8 113 118;6 141 144;2 188 190;8 193 196;6 200 203;0 206 207;0 221 222;2 251 252
8 41 45;1 47 48;5 56 58;0 63 64;0 64 65;6 65 68;3 70 72;8 86 89;2 94 96;8 99 102;0 116 117;6 126 129;6 149 152;1 157 158;7 160 165;6 179 182;2 195 197;8 200 204;0 210 212;6 218 224;6 230 235;0 248 250;5 253 255;0 260 261;0 261 262;6 262 265;5 281 283;0 288 289;1 295 296;1 307 308;0 311 312;2 318 320;0 320 322;6 325 328;0 329 330;2 352 354;8 357 360;0 369 370;0 382 383;2 389 391;0 391 393;6 396 399;0 400 401;2 420 421
8 26 30;5 33 35;0 40 41;0 41 42;6 42 45;3 47 49;6 71 74;0 89 91;6 96 99;6 108 112;6 122 125;0 132 133;1 151 152;0 161 162;5 166 168;1 181 182;1 187 188;9 189 194;0 195 196;0 221 222;2 232 233
8 4 8;5 11 13;6 20 23;8 26 30;5 30 32;8 37 41;6 49 52;5 57 59;6 75 78;8 87 91;2 118 120;6 123 127;0 148 150;0 151 152;1 167 168;5 171 173;0 178 179;0 179 180;6 180 183;8 193 197;2 201 203;0 203 205;5 208 210;0 217 218;5 221 223;8 236 239;0 241 243;0 244 245;6 267 270;0 271 272;2 301 302
1 2 3;0 8 10;0 17 18;0 18 19;1 26 27;0 32 33;0 33 34;0 39 40;1 40 41;0 44 45;0 64 66;1 77 78;2 82 83
8 40 45;2 49 51;8 56 59;0 64 65;0 72 74;0 75 76;6 98 103;0 118 120;2 129 130
0 2 3;8 28 31;1 52 53;6 54 59;7 65 70;1 76 77;6 81 86;1 88 89;0 99 100;8 124 128;5 137 139;2 186 188;8 191 194;6 198 201;6 204 209;6 215 219;0 219 220;2 239 240
1 15 16;1 23 24;9 25 29;0 30 31;0 56 57;2 66 67
1 4 5;0 20 21;1 40 41;1 45 46;2 67 68
0 18 19;0 35 37;8 40 44;1 46 47;0 76 77;0 101 102;0 115 117;6 120 123;1 130 131;6 138 141;0 142 143;0 169 170;0 170 171;6 171 174;1 182 183;6 185 188;0 198 199;0 199 200;6 200 203;2 219 220
1 4 5;0 10 12;0 25 26;0 35 36;2 42 44;0 44 46;6 49 52;0 53 54;2 73 74
8 3 7;0 9 10;5 19 21;0 26 27;8 47 52;1 56 57;1 63 64;2 69 71;8 80 85;6 91 95;0 95 96;5 105 107;5 116 118;0 118 119;2 143 144
0 18 19;9 31 34;2 37 39;3 46 48;9 57 60;2 71 74;0 86 88;7 97 102;0 107 108;5 108 110;6 126 132;1 134 135;0 152 153;8 184 188;0 204 205;1 226 227;0 232 234;0 241 243;2 254 256;1 268 269;0 286 287;5 298 300;5 307 309;8 315 319;1 321 322;5 332 334;3 336 338;6 348 351;0 371 372;0 391 393;6 407 413;0 422 423;9 436 440;0 441 442;0 442 443;1 446 447;2 451 452
6 29 32;0 33 34;5 43 45;8 74 79;2 82 84;0 84 86;6 89 92;0 108 109;0 147 148;6 183 188;0 191 192;6 208 211;0 212 213;0 220 221;1 228 229;1 252 253;8 261 265;0 267 268;0 279 280;0 291 292;1 315 316;6 319 323;3 325 327;0 332 333;1 342 343;2 352 353
6 29 32;2 49 51;6 54 58;0 69 70;0 70 71;6 95 100;7 100 105;6 123 128;6 128 131;1 164 165;0 182 183;3 189 191;6 200 203;1 210 211;7 224 229;8 236 240;8 240 243;6 243 248;2 254 255
6 4 7;0 27 28;6 46 49;0 50 51;5 60 62;8 69 73;8 78 82;8 84 88;6 111 114;7 120 125;5 130 132;6 143 146;1 148 149;6 152 155;2 155 157;0 170 171;9 187 191;1 198 199;0 209 211;6 232 238;6 249 252;1 263 264;0 272 273;0 290 292;1 299 300;0 307 309;0 328 329;1 360 361;0 368 369;6 382 385;6 391 394;6 396 401;1 403 404;0 407 409;0 410 411;6 420 425;8 425 429;8 432 436;8 458 462;9 468 472;0 480 481;0 490 491;0 503 504;0 504 505;1 508 509;2 513 514
6 4 7;0 16 18;1 41 42;0 49 51;2 59 61;5 83 85;6 86 91;5 101 103;0 114 115;8 115 118;0 130 131;0 140 141;1 145 146;2 150 151
8 11 15;0 22 23;1 44 45;1 65 66;0 69 70;0 77 78;0 89 90;1 112 113;6 116 119;3 125 127;0 147 148;0 155 156;0 156 157;6 157 160;8 172 176;7 181 186;0 195 196;1 209 210;6 212 215;0 216 217;0 241 242;1 246 247;2 251 252
1 12 13;0 16 17;0 46 47;6 59 62;0 72 73;2 83 84
0 7 8;0 8 9;6 51 56;6 60 65;8 65 69;0 75 76;1 109 110;6 111 115;0 133 134;5 134 136;0 148 149;1 158 159;5 169 171;1 173 174;0 185 186;3 204 206;0 209 210;0 221 222;5 222 224;0 231 232;9 244 247;6 254 259;9 260 263;3 275 277;0 286 287;1 296 297;1 304 305;0 310 311;0 320 322;6 331 336;6 355 360;8 360 364;3 378 380;0 383 384;0 395 396;5 396 398;0 405 407;1 412 413;6 415 418;0 419 420;2 444 445;5 445 446
2 2 4;0 13 14;2 30 32;0 32 34;8 37 40;0 43 45;6 48 51;5 57 59;1 61 62;6 64 69;8 69 73;5 73 75;6 80 84;7 96 101;8 108 112;6 128 132;1 140 141;6 144 148;0 148 149;1 153 154;0 167 168;0 168 169;1 172 173;2 177 178
2 10 12;1 17 18;0 33 34;0 42 43;1 68 69;6 75 79;7 88 93;1 95 96;0 105 106;0 106 107;1 112 113;1 115 116;0 129 130;8 141 145;0 147 148;8 166 169;2 171 173;1 191 192;6 266 271;2 282 284;3 300 302;0 324 325;0 325 326;1 331 332;1 334 335;0 340 341;1 366 367;0 387 388;0 398 399;2 405 406
2 2 4;0 19 20;0 20 21;7 30 31;0 43 44;0 44 45;0 58 59;6 71 75;0 84 85;0 85 86;1 89 90;9 105 108;0 109 110;0 124 125;0 138 139;0 150 151;0 166 167;8 167 170;0 184 185;2 204 205
0 16 17;0 34 36;6 47 52;0 55 56;0 56 57;1 64 65;0 74 75;0 75 76;6 76 79;0 85 86;2 101 103;0 103 105;3 114 116;0 123 124;0 124 125;1 128 129;6 148 153;0 156 157;0 157 158;6 158 161;0 171 172;0 172 173;1 180 181;0 186 188;3 190 192;1 203 204;0 207 208;0 208 209;6 209 212;1 230 231;2 235 236
0 18 19;4 28 30;5 36 38;1 40 41;1 43 44;2 58 60;1 72 73;0 76 77;0 84 85;5 107 109;1 111 112;1 114 115;0 126 127;1 140 141;1 171 172;5 191 193;1 195 196;1 198 199;6 206 209;0 210 211;0 228 229;0 229 230;0 243 244;0 273 274;0 294 295;0 311 312;0 331 332;0 341 342;0 342 343;1 346 347;2 351 352
0 7 8;6 35 39;6 80 83;1 92 93;1 96 97;0 102 103;0 139 140;0 149 151;8 160 164;6 164 167;1 176 177;8 238 242;0 262 264;8 273 277;0 277 278;8 278 281;6 324 327;0 332 333;8 333 336;5 362 364;7 377 382;0 382 383;6 383 386;0 392 393;8 393 396;0 405 406;8 425 428;6 436 439;8 456 461;6 463 466;1 482 483;6 501 504;0 505 506;8 531 535;2 537 538
5 15 17;1 19 20;1 22 23;0 54 55;8 87 91;1 106 107;7 109 114;5 116 118;6 122 125;6 156 161;0 164 165;0 165 166;6 182 185;6 197 200;0 201 202;5 202 204;6 227 232;6 236 239;8 245 250;6 250 253;0 254 255;5 255 257;6 261 264;6 282 287;0 287 288;6 297 300;0 301 302;2 321 322
0 8 9;8 20 23;1 35 36;0 55 56;9 83 85;5 93 95;9 121 123;6 127 132;0 132 134;6 145 149;0 149 150;1 161 162;6 171 175;3 177 179;0 184 185;1 194 195;2 204 205
8 12 15;1 27 28;0 47 48;6 57 60;2 79 81;8 84 87;0 90 92;6 95 98;6 97 102;2 104 106;7 110 116;5 123 125;8 134 137;2 191 192
6 5 10;6 16 20;6 36 41;8 41 45;6 50 54;2 62 64;6 68 73;0 73 74;2 93 94
2 2 4;0 13 14;0 31 33;5 40 42;0 47 49;1 56 57;8 61 65;0 65 66;6 70 73;0 76 77;0 88 89;8 98 101;1 111 112;3 117 119;0 122 123;0 123 124;6 124 127;0 148 149;0 158 159;0 168 169;1 189 190;8 225 229;1 238 239;8 246 250;1 258 259;7 265 271;5 275 277;6 297 302;6 302 305;0 314 316;0 319 320;0 339 340;0 349 350;1 354 355;2 359 360
0 9 10;8 21 24;1 36 37;0 44 45;5 45 47;3 51 53;0 66 67;6 84 90;8 95 98;6 116 119;9 120 124;5 127 129;8 151 155;7 189 194;5 201 203;8 213 217;6 221 225;0 225 226;2 255 256
8 23 27;1 37 38;6 41 44;6 45 50;6 50 55;6 59 63;8 71 75;5 75 77;8 83 87;0 95 96;1 104 105;1 112 113;8 123 127;0 131 132;0 132 133;1 140 141;0 156 157;1 172 173;8 183 187;3 191 193;2 207 209;8 218 222;8 230 234;0 234 235;1 250 251;0 266 267;0 281 282;1 289 290;2 316 317
2 2 4;0 13 14;2 30 32;0 32 34;8 37 40;0 43 45;8 48 52;1 57 58;5 69 71;6 80 83;2 83 85;5 92 94;6 102 107;0 110 111;6 130 133;0 136 138;0 139 140;8 159 162;8 176 180;2 197 199;8 202 206;0 213 215;0 224 225;2 231 233;0 233 235;6 238 241;0 242 243;2 262 263;5 263 264
0 1 2;1 9 10;0 24 25;5 29 31;8 46 50;0 50 51;3 59 61;0 66 67;6 82 87;6 94 99;6 111 116;0 116 117;1 126 127;2 136 137
0 8 9;6 22 26;3 28 30;6 37 41;0 46 47;5 62 64;8 78 83;6 87 92;2 112 114;0 117 119;0 122 124;0 125 126;2 134 135;5 135 136
2 4 6;8 9 12;5 12 14;6 16 21;6 21 26;6 46 51;6 51 56;8 59 63;6 65 68;0 69 70;1 87 88;0 97 98;1 101 102;8 117 120;2 120 121
8 2 6;5 6 8;0 11 13;0 14 15;0 15 16;1 23 24;6 33 36;8 47 51;0 73 74;3 82 84;7 99 104;8 123 126;6 126 131;8 131 135;0 151 152;2 181 182
1 22 23;1 32 33;6 35 38;0 39 40;6 57 61;3 63 65;8 76 79;0 82 84;8 95 99;8 103 106;8 121 124;0 137 138;5 138 140;3 144 146;5 151 153;0 156 157;8 172 175;0 178 180;6 191 195;8 216 219;2 234 235
3 10 12;0 15 16;0 34 36;0 49 50;8 81 86;0 88 89;0 111 112;3 130 132;0 140 141;0 141 142;8 163 167;1 172 173;0 195 196;0 196 197;6 197 200;6 212 217;8 223 226;0 229 231;8 242 246;6 248 251;0 252 253;1 264 265;2 270 271
8 12 15;1 27 28;8 32 36;0 36 37;0 47 48;0 48 49;6 49 52;6 62 67;8 77 81;5 90 92;8 101 104;2 158 159
0 22 23;0 23 24;0 29 30;1 30 31;0 31 33;0 70 71;0 92 93;0 93 94;1 101 102;0 110 111;1 121 122;6 131 134;2 144 146;0 146 148;6 151 154;0 158 159;0 175 176;0 176 177;0 182 183;1 183 184;0 184 186;0 197 198;0 205 206;0 225 226;0 226 227;0 232 233;1 233 234;0 234 236;8 241 245;3 245 247;1 251 252;6 262 267;7 267 272;1 277 278;0 281 282;8 282 285;1 296 297;2 319 321;0 328 329;0 353 355;3 357 359;1 370 371;0 374 375;0 375 376;6 376 379;1 397 398;2 402 403
0 9 10;0 17 18;0 18 19;0 24 25;1 25 26;0 26 28;0 39 40;0 40 41;1 48 49;0 54 55;2 93 94
6 2 5;0 6 7;0 24 26;0 36 38;0 39 40;0 40 41;1 44 45;1 49 50;0 63 65;0 66 67;0 67 68;0 73 74;1 74 75;0 87 89;0 90 91;0 91 92;0 97 98;1 98 99;5 111 113;8 122 125;2 179 180
2 2 4;0 13 14;0 31 33;0 34 35;0 41 43;0 44 45;0 59 61;0 78 79;0 79 80;0 85 86;2 86 88;0 88 90;8 93 97;8 97 100;6 100 105;2 111 112
7 4 9;0 21 23;0 33 35;6 43 48;0 51 52;1 70 71;8 76 80;5 80 82;1 110 111;2 148 149
8 4 8;8 23 27;6 52 56;8 58 62;0 70 72;7 78 83;8 90 94;8 94 97;2 108 109
0 2 3;0 9 11;8 17 22;0 44 45;6 54 57;6 79 84;2 114 115
2 2 4;0 13 14;2 30 32;0 32 34;8 48 51;8 51 55;2 66 69;6 75 80;6 82 85;8 84 89;0 89 90;9 130 134;0 135 136;5 140 142;6 168 172;0 195 196;5 213 215;0 229 230;0 246 247;0 267 268;1 282 283;5 292 294;8 312 317;8 319 323;0 327 328;0 344 345;6 399 403;1 436 437;0 440 441;5 445 447;0 452 453;0 464 466;7 481 486;7 500 505;6 535 539;0 539 540;6 554 557;8 557 561;0 575 576;0 576 577;3 584 586;8 591 595;1 608 609;1 634 635;0 641 642;0 666 667;0 667 668;3 675 677;0 695 697;2 713 715;0 715 717;8 720 724;2 761 764;1 773 774;1 777 778;5 787 789;8 796 799;0 800 801;5 812 814;0 821 822;1 827 828;5 837 839;2 841 844;2 861 863;0 863 865;2 871 873;8 876 880;1 890 891;8 904 908;2 989 991;0 991 993;4 1024 1026;6 1036 1040;6 1050 1054;8 1056 1060;0 1067 1069;6 1074 1077;1 1079 1080;9 1087 1091;0 1099 1100;0 1106 1108;0 1109 1110;0 1133 1134;0 1143 1144;2 1170 1171
8 4 8;8 8 11;6 26 30;0 42 44;8 51 56;1 60 61;6 62 67;5 67 69;8 75 79;8 99 103;8 106 111;0 121 122;0 129 130;1 143 144;1 150 151;0 164 165;1 179 180;0 196 198;0 199 200;0 200 201;1 206 207;6 216 220;6 234 237;2 239 241;8 248 252;1 258 259;0 262 263;2 292 293
0 17 18;0 18 19;1 24 25;1 27 28;0 41 42;8 55 59;5 59 61;0 64 66;2 73 75;8 78 81;5 110 112;8 114 118;0 121 122;6 144 148;3 150 152;6 169 173;3 175 177;0 182 183;8 208 212;2 214 215
0 8 9;0 9 10;2 23 25;8 28 31;7 45 50;1 55 56;0 59 60;0 90 91;3 104 106;1 114 115;1 126 127;1 138 139;6 166 171;7 171 176;1 182 183;0 192 194;0 249 250;2 256 257
0 14 15;0 82 83;2 118 120;6 123 128;2 133 135;2 185 187;8 193 198;1 212 213;0 220 221;8 232 236;5 236 238;6 263 266;1 298 299;0 302 303;6 310 313;0 317 318;0 333 334;2 342 344;8 347 350;1 358 359;0 365 366;8 366 369;0 381 382;0 391 392;1 396 397;2 401 402
4 40 42;4 42 44
2 10 12;1 17 18;0 33 34;0 42 43;2 50 51
0 17 18;1 24 25;0 30 31;7 47 53;8 77 80;0 83 84;0 84 85;1 93 94;0 99 100;8 104 107;2 107 108
8 2 6;5 6 8;7 14 20;0 20 21;6 21 24;8 32 35;0 38 39;6 53 56;0 57 58;0 74 76;1 85 86;0 89 90;8 110 114;6 118 122;0 122 123;8 136 140;0 142 143;8 143 146;2 148 149
6 2 5;0 6 7;8 41 45;0 47 48;0 67 68;0 68 69;3 74 76
0 5 6;0 31 32;3 55 57;2 62 64;1 69 70;0 85 86;0 96 97;2 103 104
0 5 6;2 11 13;8 16 19;0 31 32;1 38 39;1 54 55;6 56 61;1 67 68;6 73 76;6 79 82;0 83 84;1 90 91;1 109 110;1 114 115;8 116 120;6 122 125;0 127 128;8 158 162;1 183 184;0 196 197;5 197 199;3 203 205;0 208 209;0 222 223;5 223 225;3 229 231;1 245 246;2 273 275;0 283 284;0 293 294;0 294 295;1 298 299;0 311 312;6 337 340;1 346 347;6 352 357;8 362 365;2 397 399;0 402 404;0 407 409;0 410 411;2 419 420;5 420 421
5 59 61;7 70 75;8 77 80;6 92 95;8 100 103;0 104 105;2 112 113;5 113 114
2 7 9;6 12 15;0 26 27;0 27 28;6 28 31;7 42 47;6 64 67;0 68 69;0 89 90;2 97 98;5 98 99
6 2 5;0 6 7;0 23 25;8 28 32;1 54 55;2 66 68;1 75 76;6 80 85;0 88 89;6 102 107;0 109 111;3 113 115;0 133 134;0 134 135;6 135 138;2 138 139
0 28 29;8 40 44;5 44 46;0 61 63;1 72 73;0 92 93;0 116 117;0 132 133;2 139 140;5 140 141
0 23 25;6 65 68;0 80 81;2 87 88;5 88 89
5 2 4;8 24 28;0 41 42;8 57 61;1 63 64;0 81 82;6 108 112;6 120 125;0 143 144;0 155 156;1 183 184;6 187 191;3 193 195;6 200 203;1 210 211;5 220 222;7 225 230;0 232 234;0 238 239;5 243 245;2 247 248
0 10 11;6 11 14;0 24 25;0 25 26;1 33 34;0 42 43;0 43 44;6 44 47;3 49 51;0 56 57;0 69 70;1 76 77;0 83 84;8 90 93;0 103 104;0 104 105;0 115 116;0 128 129;0 138 139;0 155 156;1 164 165;0 170 171;1 182 183;1 192 193;0 196 197;0 203 204;1 204 205;0 208 209;0 209 210;0 221 222;8 231 234;1 236 237;0 245 246;2 253 254;5 254 255
8 18 22;6 27 32;8 32 36;1 36 37;0 55 56;0 63 65;8 68 71;6 84 87;1 87 88;8 89 93;5 93 95;8 101 105;0 113 114;1 122 123;1 128 129;1 152 153;6 154 159;6 167 171;1 177 178;6 179 184;0 187 188;0 197 198;9 211 215;0 216 217;2 223 224;5 224 225
2 28 30;6 33 36;2 38 40;6 46 49;0 53 54;0 94 95;0 95 96;6 96 99;2 99 100
0 1 2;1 5 6;0 16 17;0 17 18;1 21 22;0 32 33;1 37 38;0 48 49;8 53 56;0 64 65;0 85 86;2 94 95
0 7 8;6 17 20;1 22 23;2 26 28;1 33 34;0 51 52;3 58 60;0 71 73;0 76 78;0 79 80;3 91 93;9 96 101;0 102 103;2 114 116;1 121 122;0 137 138;0 148 149;2 155 156
6 2 5;0 6 7;0 7 8;8 17 20;0 21 22;0 29 30;1 38 39;0 48 49;0 58 59;0 74 76;0 77 78;1 84 85;9 98 101;3 113 115;0 122 123;9 137 142;6 156 160;1 175 176;0 179 180;6 191 194;0 195 196;0 211 212;2 218 219;5 219 220
4 9 11;5 38 40;0 60 61;0 95 97;0 98 99;1 105 106;0 111 112;6 116 119;1 122 123;0 157 159;0 167 168;0 175 177;8 183 187;0 194 196;6 201 204;0 217 218;1 224 225;0 230 231;9 244 248;0 249 250;2 256 257;5 257 258
6 2 5;0 6 7;1 36 37;0 40 41;5 52 54;0 62 63;0 63 64;6 64 67;1 72 73;6 89 93;5 95 97;0 105 106;0 129 130;0 144 145;0 145 146;6 146 149;8 164 168;2 180 181
0 2 4;3 6 8;0 13 14;1 38 39;0 50 51;0 51 52;0 63 64;6 86 91;6 91 96;1 96 97;2 101 102
0 18 19;0 34 36;6 43 49;0 52 53;1 59 60;5 65 67;1 85 86;0 89 90;6 121 124;6 143 148;6 159 164;2 170 171
1 2 3;6 12 15;0 26 28;8 31 35;0 44 45;0 45 46;6 46 49;2 58 60;6 68 74;1 81 82;6 83 87;6 108 113;0 121 123;2 132 133
1 23 24;7 36 41;6 79 84;2 114 115
0 5 6;0 6 7;6 12 15;1 18 19;0 24 25;0 42 43;8 54 58;3 60 62;8 69 72;0 75 76;6 87 90;8 90 94;3 96 98;8 113 117;3 119 121;8 136 140;3 142 144;0 156 157;6 168 171;8 192 196;2 198 199
0 8 9;0 21 22;0 22 23;6 23 26;0 42 43;0 43 44;6 44 47;0 57 58;0 77 78;0 91 92;0 113 114;0 129 130;8 151 155;3 157 159;2 175 176;5 176 177
0 15 16;0 30 31;1 35 36;3 52 54;8 59 63;0 67 68;6 86 90;1 99 100;0 119 120;2 143 145;8 148 152;0 158 160;1 175 176;6 177 181;0 195 196;1 211 212;0 221 222;0 229 230;2 236 237
8 7 11;0 16 18;5 46 48;0 65 66;0 92 93;0 93 94;1 99 100;1 102 103;0 116 117;0 128 129;8 154 158;2 160 161
6 25 30;6 51 56;6 61 66;8 81 85;3 85 87;8 88 92;6 105 108;2 129 131;9 137 142;6 147 152;0 166 167;1 182 183;0 186 187;9 200 204;0 205 206;2 212 213;5 213 214
8 7 11;8 11 14;0 28 29;0 38 39;5 57 59;0 64 65;0 104 105;7 118 123;2 125 126
0 13 15;0 16 17;0 26 27;0 27 28;8 41 45;0 52 54;6 59 62;0 63 64;0 83 84;1 88 89;2 93 94
6 2 5;0 6 7;0 14 15;2 21 24;6 39 44;5 52 54;1 56 57;1 77 78;0 87 88;1 92 93;2 97 98
9 9 13;9 25 28;6 32 36;0 36 37;2 56 57
0 13 14;1 29 30;6 41 44;5 70 72;8 84 89;6 101 104;2 104 106;6 109 112;8 117 120;0 121 122;0 122 123;0 132 133;2 139 140
6 4 7;6 37 40;2 52 54;8 57 60;0 65 66;0 106 107;0 107 108;0 118 119;8 123 126;6 133 136;6 140 143;6 164 167;2 167 169;0 207 208;0 208 209;1 216 217;0 220 221;0 221 222;2 227 228
6 39 43;9 46 48;6 69 74;0 133 134;8 155 158;8 167 172;1 178 179;6 190 193;1 203 204;8 228 231;0 232 233;6 242 245;0 246 247;6 265 269;3 271 273;2 289 290;5 290 291
1 34 35;5 50 52;7 59 64;8 66 69;8 79 83;6 93 96;0 107 108;0 108 109;3 114 116
0 12 13;3 19 21;3 37 39;6 42 46;0 57 58;6 72 75;0 76 77;9 115 120;6 128 133;0 136 137;6 152 157;6 163 168;6 174 180;0 183 184;0 184 185;1 188 189;2 193 194
6 14 17;1 36 37;6 38 42;5 44 46;0 58 59;0 70 71;8 87 91;1 99 100;0 105 106;3 130 132
0 12 13;5 13 15;2 22 24;8 31 35;0 66 67;0 67 68;6 68 71;1 79 80;6 106 111;0 111 112;6 133 138;0 148 149;0 161 162;5 166 168;2 170 171
0 15 16;3 22 24;1 33 34;6 45 48;0 49 50;0 57 58;1 65 66;0 83 84;1 91 92;3 106 108;0 111 112;1 116 117;2 121 122
1 2 3;0 12 13;5 13 15;0 33 34;0 44 45;0 58 59;0 59 60;1 63 64;2 68 69
1 2 3;9 16 18;3 19 21;0 24 25;8 60 63;5 92 94;1 96 97;8 140 143;2 170 171
0 13 14;3 20 22;1 31 32;6 43 46;0 47 48;6 76 81;0 86 87;0 94 95;0 112 113;5 113 115;8 133 138;0 140 141;0 141 142;0 153 154;0 173 174;2 185 186
0 12 13;0 13 14;6 14 17;0 25 26;6 42 47;0 52 53;0 53 54;1 57 58;2 62 63
6 16 19;6 39 43;8 65 69;1 77 78;0 83 84;3 108 110;2 123 126;8 132 137;6 139 142;1 158 159;8 162 166;2 170 171
0 14 15;1 21 22;0 27 28;0 41 42;0 42 43;1 51 52;0 57 58;8 62 65;2 65 66
2 22 24;3 31 33;6 41 44;5 48 50;8 59 63;6 70 75;7 75 80;6 90 93;2 93 95;6 109 114;0 117 118;0 118 119;0 138 139;0 139 140;8 152 155;9 179 184;0 192 193;5 204 206;0 211 212;0 225 226;5 230 232;0 246 247;0 267 268;8 288 292;6 345 348;1 355 356;7 369 374;8 381 385;8 385 388;6 388 393;2 399 400
7 10 16;0 40 41;0 41 42;1 50 51;8 70 74;0 79 80;8 116 120;6 127 132;7 132 137;0 147 148;0 154 156;0 157 158;2 174 175
6 2 5;0 6 7;0 35 36;1 48 49;1 57 58;6 59 64;2 70 71
6 4 7;2 7 9;0 35 36;8 58 61;2 64 66;0 73 74;0 87 88;8 113 116;0 120 121;6 133 136;0 140 141;0 150 151;5 155 157;6 162 165;2 175 176
2 7 9;6 15 18;2 24 26;8 29 32;0 39 40;0 51 52;0 52 53;0 64 65;5 69 71;0 80 81;0 81 82;1 85 86;2 90 91
0 9 11;0 21 22;0 31 32;0 46 47;1 51 52;2 56 57
0 11 12;1 21 22;2 27 30;6 33 36;0 90 91;0 107 109;0 120 121;0 130 131;0 149 150;2 165 167;0 167 169;0 184 185;1 191 192;6 199 202;8 255 258;2 277 278
6 4 7;0 9 10;0 26 28;8 51 56;8 60 65;0 67 68;0 68 69;0 80 81;6 103 108;6 108 113;1 113 114;2 118 119
6 4 7;0 9 10;0 27 29;0 39 41;0 42 43;0 43 44;1 47 48;1 52 53;0 85 86;0 105 106;0 106 107;1 110 111;2 115 116
1 2 3;0 32 33;1 40 41;0 46 47;0 47 48;0 56 57;2 63 64
6 2 5;8 23 26;0 27 28;1 60 61;8 64 68;8 72 76;6 76 79;1 90 91;8 94 98;2 102 103
7 11 16;6 32 37;0 40 41;2 51 52
4 9 11;9 26 29;3 41 43;0 53 54;0 79 81;5 84 86;5 91 93;3 95 97;5 107 109;3 111 113;3 126 128;3 140 142;8 153 156;8 166 169;6 178 181;5 184 186;5 197 199;0 213 214;0 227 228;1 232 233;2 237 238
6 2 5;1 8 9;0 20 21;0 30 31;1 54 55;0 65 66;6 77 80;0 81 82;0 96 97;0 107 108;2 114 115
8 4 8;0 15 17;6 22 25;0 26 27;9 40 44;0 45 46;2 56 57
2 7 9;0 16 17;1 23 24;0 36 38;8 53 57;3 59 61;9 62 66;0 111 112;1 138 139;6 146 151;6 191 197;8 197 201;0 205 206;8 217 221;0 228 230;0 239 241;0 242 243;0 250 252;6 257 260;2 270 271
2 2 4;0 11 12;1 18 19;4 31 33;2 42 44;5 47 49;1 51 52;2 62 64;8 67 70;0 75 76;0 76 77;1 85 86;0 91 92;8 96 99;9 113 116;2 123 125;2 142 143
2 2 4;8 6 9;3 14 16;3 20 22;1 27 28;5 30 32;8 48 52;1 54 55;8 61 65;4 74 76;8 101 105;1 107 108;6 114 118;0 118 119;8 139 142;2 157 158
5 12 14;1 16 17;6 32 37;6 52 57;1 59 60;8 62 66;6 76 82;6 87 92;0 107 108;2 118 119
6 2 5;0 14 15;0 15 16;6 16 19;5 27 29;1 31 32;0 49 50;1 65 66;0 70 71;0 71 72;6 72 75;0 83 84;0 101 103;0 106 107;0 122 123;2 133 134
7 5 6;3 10 12;6 17 22;0 32 33;1 39 40;2 85 87;8 90 93;2 114 115
2 2 4;0 11 12;1 18 19;1 47 48;0 51 52;8 63 66;2 77 78
2 2 4;0 11 12;1 18 19;0 39 40;0 50 51;1 55 56;0 75 76;8 88 91;2 102 103
7 7 8;3 12 14;6 19 24;0 34 35;1 41 42;0 53 55;0 58 59;2 64 66;8 69 72;0 81 82;0 99 101;5 104 106;0 109 110;0 110 111;6 111 114;0 122 123;2 129 131;0 131 133;1 143 144;2 165 166
2 14 16;0 16 18;8 30 34;6 56 59;0 60 61;0 76 77;6 86 90;2 94 97;6 103 108;2 115 117;4 138 140;8 151 154;6 172 175;0 176 177;0 193 194;6 213 217;3 219 221;0 226 227;1 236 237;2 246 247
1 22 23;6 26 30;3 32 34;0 39 40;0 51 52;0 61 62;2 68 69
0 14 15;1 21 22;8 32 36;8 49 52;6 54 58;2 65 67;6 85 90;8 95 99;7 117 122;2 133 135;3 174 176;8 179 184;1 184 185;6 194 197;0 208 210;0 232 233;6 237 240;1 243 244;6 253 257;0 274 275;0 282 283;2 307 308
1 31 32;0 35 36;6 48 51;0 52 53;0 68 69;2 78 79
6 2 5;0 6 7;0 37 38;1 53 54;8 66 71;0 80 82;3 84 86;1 99 100;0 114 115;0 147 148;8 163 166;0 187 188;1 194 195;2 240 241
6 4 7;6 25 30;1 34 35;8 50 54;0 54 55;1 61 62;0 84 85;1 91 92;0 111 112;1 118 119;8 147 150;0 151 152;8 177 180;0 181 182;0 208 209;0 216 217;2 241 242
6 21 25;0 34 35;0 42 43;1 49 50;0 55 56;0 67 68;0 68 69;6 69 72;6 82 85;0 96 97;6 97 100;0 110 112;7 119 125;8 129 133;0 137 138;1 149 150;8 152 156;0 160 162;1 168 169;1 174 175;8 186 189;0 205 206;1 212 213;8 226 229;5 234 236;2 240 241
8 21 25;0 33 35;0 36 37;3 43 45;0 54 55;0 55 56;6 56 59;1 64 65;8 91 95;0 95 96;8 119 122;6 122 127;2 133 134
0 14 15;1 27 28;0 31 32;0 32 33;6 33 36;1 41 42;2 49 51;6 63 68;8 68 72;1 74 75;6 76 80;8 87 91;6 91 94;3 97 99;6 112 117;7 123 128;6 151 154;1 159 160;8 167 170;6 172 175;1 177 178;5 189 191;1 222 223;2 243 245;0 245 247;5 250 252;0 268 269;0 276 278;6 294 299;0 302 303;0 303 304;1 307 308;2 312 313
8 4 8;1 25 26;0 35 37;3 39 41;0 51 52;1 56 57;2 61 62
0 17 18;5 27 29;2 41 43;8 55 59;0 61 62;0 62 63;1 68 69;1 71 72;0 77 78;6 92 97;6 102 107;2 124 125
6 10 13;0 17 18;2 29 31;8 34 37;2 54 56;8 59 62;2 69 72;5 75 77;1 79 80;1 94 95;1 109 110;0 127 128;2 144 146;0 175 176;0 176 177;6 177 180;7 191 196;6 230 235;1 255 256;2 265 266
6 4 8;5 8 10;0 22 23;1 31 32;8 39 44;6 46 50;5 50 52;0 75 76;0 93 94;1 98 99;2 103 104
0 15 16;8 28 33;0 38 40;1 53 54;2 69 71;0 71 73;6 76 79;0 80 81;0 81 82;6 95 99;3 101 103;0 110 111;1 120 121;0 126 127;0 146 147;0 156 157;0 157 158;1 161 162;2 166 167
0 2 4;3 6 8;3 17 19;6 28 31;0 52 53;0 62 63;3 69 71;0 80 81;0 81 82;6 82 85;5 91 93;2 97 98
1 2 3;0 41 42;8 65 68;2 70 71
0 7 8;0 23 25;9 29 32;1 40 41;0 57 59;6 64 67;0 68 69;7 82 87;2 89 90
6 2 5;0 6 7;0 23 25;1 38 39;6 48 51;0 52 53;0 61 63;7 69 75;8 75 79;5 79 81;0 103 105;3 107 109;0 119 120;0 120 121;4 124 126;2 129 130
6 2 5;0 6 7;0 23 25;0 34 36;8 51 55;6 57 61;5 61 63;6 81 86;0 91 92;6 106 111;0 116 117;2 130 132;0 135 137;3 139 141;6 167 171;6 179 184;6 184 189;1 189 190;2 194 195
8 2 6;0 12 14;0 15 16;8 34 37;0 40 42;6 45 48;8 69 72;0 75 77;8 80 84;8 87 91;6 93 96;0 97 98;1 109 110;2 115 116
0 6 7;0 7 8;7 27 33;2 37 39;3 46 48;3 79 81;1 102 103;8 106 110;5 110 112;8 117 121;0 129 130;0 130 131;1 139 140;0 155 157;0 160 161;0 161 162;1 170 171;0 176 177;2 184 186;8 189 193;8 193 196;1 201 202;2 206 207
0 7 8;0 23 24;0 31 32;9 44 47;1 55 56;0 65 67;3 69 71;0 81 82;0 82 83;1 86 87;2 91 92
0 12 13;0 22 23;0 31 33;5 44 46;1 48 49;6 61 66;0 81 82;2 92 93
6 2 5;6 19 23;0 30 31;6 31 34;6 65 70;7 73 79;1 83 84;2 88 89
1 11 12;9 13 17;1 23 24;6 25 30;5 38 40;1 42 43;8 53 57;1 63 64;6 77 82;0 96 97;0 97 98;6 98 101;0 111 112;0 126 127;6 152 157;8 159 163;6 172 175;0 176 177;0 197 198;1 202 203;2 207 208
2 7 9;0 16 17;1 23 24;1 52 53;0 56 57;0 66 67;2 101 102
2 7 9;0 16 17;1 23 24;8 45 49;0 55 56;5 78 80;6 94 99;8 101 104;3 113 115;0 124 125;1 136 137;6 144 147;2 157 158
2 2 4;0 13 14;2 30 32;0 32 34;8 37 41;0 47 49;6 56 62;0 65 66;0 81 83;0 84 85;1 91 92;8 105 109;1 119 120;1 129 130;2 134 135
8 25 28;1 56 57;0 60 61;1 87 88;6 93 97;8 103 107;0 107 108;5 119 121;1 140 141;6 142 147;2 153 154
2 2 4;0 13 14;0 31 33;0 34 35;0 41 43;0 44 45;1 67 68;6 82 85;8 97 100;6 100 105;2 111 112
0 2 3;0 12 14;5 19 21;0 24 25;6 38 43;0 57 59;0 62 63;0 70 72;0 82 83;8 108 111;3 120 122;8 123 127;8 166 170;2 180 182;1 189 190;6 191 196;8 198 201;6 224 229;0 232 233;0 233 234;6 234 237;8 245 248;6 252 257;1 267 268;0 283 284;1 303 304;1 308 309;2 330 331
6 8 13;8 13 16;6 21 24;6 25 29;5 29 31;0 43 44;0 69 70;0 100 101;8 105 108;0 115 117;3 119 121;0 131 132;2 142 143
0 14 16;0 19 20;0 39 41;0 44 45;0 54 56;9 60 63;3 75 77;0 84 85;1 94 95;0 102 104;3 106 108;2 132 133
5 9 11;6 23 27;8 43 47;6 49 52;0 54 55;0 64 65;8 97 101;1 111 112;0 127 129;0 130 131;8 149 152;2 163 164
6 4 7;0 9 10;0 19 20;5 20 22;0 57 58;1 79 80;2 84 85
1 12 13;0 16 17;0 46 47;0 61 62;7 82 88;1 92 93;2 97 98
0 18 19;0 19 20;1 25 26;1 28 29;0 42 43;0 60 61;0 77 78;2 84 85
8 2 5;6 17 20;0 36 37;6 37 40;0 58 59;0 89 90;8 94 97;0 116 117;0 146 147;1 153 154;7 170 176;6 178 183;0 190 191;0 220 221;1 225 226;2 230 231
6 2 6;2 22 24;6 28 33;6 35 39;1 41 42;0 65 66;5 70 72;6 80 83;8 90 93;2 95 96
0 20 21;0 21 22;2 48 50;0 50 52;5 64 66;6 67 72;0 75 76;5 87 89;6 90 95;0 98 99;0 99 100;6 100 103;3 111 113;6 124 129;0 132 133;0 162 163;1 178 179;6 188 191;0 202 204;1 225 226;0 229 230;5 241 243;0 251 252;9 257 259;3 262 264;8 280 284;1 284 285;0 301 303;0 313 315;2 324 325
0 7 9;3 14 16;6 17 22;0 32 33;1 39 40;6 45 48;8 49 53;3 53 55;6 60 64;1 77 78;0 81 82;3 94 96;0 99 100;2 123 124
0 14 15;0 24 25;0 34 35;0 61 62;0 92 93;8 97 100;1 109 110;0 122 123;1 131 132;0 139 141;3 143 145;0 155 156;0 156 157;1 160 161;2 165 166
0 15 17;8 28 32;6 34 38;0 50 51;9 64 68;0 69 70;2 79 80
6 2 5;0 6 7;0 23 25;8 28 32;1 54 55;2 66 68;1 75 76;6 80 85;0 88 89;6 102 107;0 109 111;3 113 115;1 126 127;0 130 131;0 131 132;6 132 135;1 153 154;2 158 159
8 13 16;1 28 29;0 34 35;0 41 42;1 42 43;0 46 47;0 47 48;8 70 74;8 107 111;2 115 117;0 117 119;8 122 125;0 164 165;1 176 177;8 184 187;2 202 203
2 2 4;0 13 14;0 31 33;0 48 50;6 59 64;8 64 68;6 100 105;0 109 111;5 128 130;0 138 139;3 147 149;1 163 164;5 208 210;6 216 219;0 228 229;1 236 237;8 242 246;8 246 249;2 260 261
2 2 4;8 6 9;0 14 16;3 18 20;0 75 76;1 82 83;1 93 94;2 118 120;0 120 122;6 128 131;0 147 149;0 156 158;0 170 171;0 188 189;0 209 211;6 227 230;0 231 232;9 245 249;0 256 257;0 257 258;2 263 264
8 2 6;8 24 28;8 41 45;5 47 49;6 62 66;0 73 75;8 86 90;0 97 99;0 110 112;6 151 154;0 155 156;2 185 186;5 186 187
0 40 41;1 59 60;0 79 80;2 99 100
6 7 10;7 10 11;3 15 17;8 29 32;8 37 41;0 51 52;0 80 81;0 104 105;2 115 116
5 6 8;0 20 21;5 32 34;6 35 39;8 41 44;8 55 59;0 59 60;0 66 68;0 69 70;2 97 98
6 33 37;6 50 54;8 71 75;1 79 80;1 90 91;6 92 97;0 100 101;3 107 109;8 118 121;2 123 124
2 4 7;8 10 14;0 21 23;0 34 36;6 48 53;8 53 57;1 68 69;5 79 81;8 93 97;1 111 112;6 113 118;0 121 122;3 128 130;2 146 147
0 15 16;5 52 54;6 58 61;8 71 75;1 77 78;0 85 86;0 86 87;6 87 90;8 109 112;0 113 114;0 121 122;0 132 133;2 139 140
5 4 6;6 16 22;0 25 26;2 41 43;0 43 45;8 68 71;0 76 78;3 81 83;2 87 88
0 17 18;6 81 84;1 91 92;2 96 97
0 18 19;0 19 20;1 25 26;1 28 29;0 42 43;6 65 69;3 71 73;6 90 94;3 96 98;0 103 104;7 117 122;2 124 125
2 2 4;0 13 14;0 31 33;0 47 49;0 50 51;0 51 52;0 57 58;2 58 60;0 60 62;1 69 70;6 71 77;1 79 80;6 85 89;0 89 90;0 96 98;0 99 100;2 127 128
0 2 3;0 9 11;0 12 13;0 13 14;6 14 17;0 21 22;2 27 29;1 46 47;2 51 52
0 10 12;0 13 14;0 23 24;0 24 25;2 54 55
2 9 11;0 11 13;6 30 35;7 35 40;6 52 55;0 68 69;0 69 70;1 75 76;1 78 79;0 84 85;2 115 116
8 12 15;0 25 26;0 26 27;3 33 35;0 40 41;0 41 42;3 48 50;0 55 56;1 60 61;0 69 70;0 81 82;0 98 99;0 99 100;6 100 103;0 109 110;0 125 126;2 136 137
0 2 3;0 25 27;1 30 31;2 49 51;0 51 53;8 56 59;0 73 75;0 76 77;0 86 87;0 98 100;6 119 123;0 130 131;0 131 132;0 148 149;0 171 173;0 192 194;2 210 211
0 2 4;3 6 8;3 17 19;6 23 28;6 35 40;7 40 45;6 57 60;1 60 61;8 62 66;5 66 68;8 74 78;0 86 87;1 95 96;1 101 102;5 128 130;0 133 134;1 138 139;2 143 144
5 2 4;8 14 18;5 18 20;8 32 36;0 42 44;0 49 50;0 61 62;8 62 65;0 68 70;1 86 87;0 94 95;2 106 107
1 2 3;7 13 18;0 18 19;6 19 22;6 31 36;7 45 50;2 59 60
0 13 15;0 31 33;8 38 41;0 44 45;8 60 64;8 64 67;6 67 72;2 78 79
6 2 6;8 22 26;5 28 30;0 37 38;6 52 57;1 63 64;0 74 75;0 106 107;0 107 108;6 108 111;0 128 129;0 136 137;0 154 156;8 171 174;3 183 185;0 190 191;0 210 211;0 211 212;1 215 216;2 220 221
0 14 15;0 22 23;0 40 42;0 54 55;1 59 60;2 64 65
5 9 11;8 18 22;5 22 24;0 29 31;0 32 33;6 37 40;6 47 50;0 61 62;0 69 70;1 81 82;0 87 89;8 92 95;0 109 110;0 110 111;1 114 115;2 119 120
5 6 8;8 11 14;6 21 24;0 29 30;8 41 45;5 45 47;8 52 56;5 69 71;8 90 93;8 98 101;2 103 104
6 10 13;8 29 33;5 33 35;8 45 49;5 49 51;0 56 57;0 57 58;0 72 74;6 74 79;0 95 96;8 96 99;5 101 103;2 112 115;1 122 123;6 134 138;8 138 141;5 143 145;6 168 172;0 178 179;6 192 197;5 201 203;0 207 208;0 215 216;0 216 217;1 220 221;2 225 226
8 23 27;0 49 50;1 61 62;6 63 69;6 75 80;6 82 86;5 88 90;0 99 100;0 100 101;1 118 119;6 132 136;5 138 140;0 149 150;1 170 171;5 186 188;0 192 193;0 193 194;1 197 198;2 202 203
6 9 14;6 14 19;8 23 27;1 27 28;1 39 40;8 59 63;0 74 76;2 81 83;0 108 109;0 129 131;0 138 139;0 149 151;0 154 155;0 170 171;0 171 172;1 175 176;2 180 181
2 28 30;8 33 37;0 41 43;0 53 54;2 95 97;5 120 122;0 133 134;8 134 137;0 149 150;0 159 160;1 164 165;2 169 170
1 9 10;0 15 16;0 31 32;0 32 33;0 59 60;0 74 75;0 90 91;2 101 102
2 2 4;0 13 14;2 30 32;0 32 34;8 37 41;0 47 49;0 50 51;0 67 69;2 87 90;1 97 98;8 109 112;0 117 119;1 122 123;2 127 128
0 5 6;1 20 21;0 40 41;0 41 42;6 42 45;1 45 46;2 50 51
0 22 23;0 39 41;0 42 43;0 43 44;2 56 58;0 68 70;0 73 74;1 104 105;1 112 113;6 114 119;1 126 127;0 132 133;0 133 134;6 134 137;0 158 159;0 159 160;1 163 164;2 168 169
5 6 8;0 20 21;2 36 38;8 56 60;1 68 69;2 75 78;1 102 103;0 116 117;6 136 141;9 142 145;2 153 155;1 161 162;6 164 169;8 184 187;6 187 192;6 192 196;0 202 203;0 203 204;8 217 220;6 220 225;6 225 229;0 235 236;6 250 253;5 278 280;5 297 299;8 308 311;0 316 317;0 341 342;2 352 353
1 29 30;2 37 40;6 46 50;0 50 51;0 51 52;5 63 65;2 75 77;1 85 86;1 97 98;6 107 111;9 109 114;6 117 120;7 119 124;0 141 143;2 173 175;1 180 181;0 190 191;9 204 208;2 221 222
6 2 5;8 8 11;6 22 27;9 28 31;0 37 38;6 42 45;6 53 58;6 62 67;3 76 78;6 83 88;8 88 91;3 98 100;8 105 109;5 109 111;6 116 119;8 128 131;6 142 145;0 151 152;0 166 167;6 177 180;0 181 182;1 186 187;0 224 225;8 236 240;8 243 247;6 252 255;0 256 257;1 273 274;2 295 297;8 300 303;6 307 312;5 320 322;0 366 367;6 381 386;1 400 401;8 419 422;0 450 451;0 478 479;5 515 517;0 524 525;0 588 589;9 602 606;0 613 614;0 614 615;2 620 621
6 2 5;0 6 7;0 25 27;8 30 33;0 43 44;0 52 53;6 67 70;0 74 75;0 89 90;0 90 91;1 98 99;0 122 124;5 131 133;0 140 141;6 159 162;0 163 164;2 183 184
2 2 4;0 13 14;0 31 33;0 46 48;0 51 52;0 68 70;0 79 81;1 90 91;0 111 113;0 118 119;0 139 141;7 146 152;0 161 163;8 166 169;0 183 185;0 199 201;5 206 208;0 213 214;1 223 224;8 236 240;0 256 257;1 270 271;0 284 285;2 314 315
8 6 10;0 31 32;6 63 68;0 71 72;6 95 100;6 100 103;5 107 109;2 113 114
6 6 11;0 41 42;2 57 58
6 15 20;0 23 24;8 33 36;8 53 56;0 72 73;0 84 85;8 85 88;0 92 94;0 111 112;0 128 129;0 165 166;0 210 211;6 220 223;0 224 225;0 240 241;2 254 255
6 2 6;8 6 9;0 16 17;6 49 53;8 68 72;0 74 75;8 84 87;6 91 96;9 97 100;1 107 108;0 117 118;0 141 142;2 152 153
6 24 28;6 38 42;0 75 76;1 82 83;6 90 93;6 115 120;2 150 151
0 9 10;1 24 25;0 28 29;9 41 44;3 45 47;6 57 62;0 65 66;1 82 83;6 90 93;0 105 106;2 112 113
1 11 12;8 17 20;0 21 22;0 31 32;9 45 49;2 62 63
5 4 6;6 9 12;0 13 14;0 27 28;6 68 74;8 79 82;0 96 98;1 115 116;1 120 121;0 153 154;1 160 161;0 166 167;8 182 186;0 190 192;8 195 199;5 199 201;1 214 215;6 216 221;2 223 224
6 6 9;2 9 11;1 16 17;6 23 28;8 34 38;5 38 40;5 45 47;6 49 54;6 75 78;1 83 84;8 105 108;8 111 114;6 123 126;0 127 128;8 153 157;2 159 160
2 4 6;1 11 12;0 26 27;0 35 36;0 59 60;0 80 81;2 91 92
0 13 14;0 31 33;0 58 60;1 63 64;0 69 71;0 84 85;0 97 98;5 98 100;0 105 107;0 114 116;7 137 143;0 143 144;1 153 154;5 188 190;1 213 214;1 236 237;6 241 246;0 273 274;2 304 305
0 16 18;1 27 28;0 44 46;0 75 77;0 85 86;5 86 88;0 93 95;8 103 106;0 113 114;8 125 129;8 129 132;1 137 138;2 142 143
6 14 17;0 18 19;0 35 37;0 50 51;1 64 65;9 66 71;3 81 83;8 88 91;2 110 111
2 14 16;1 23 24;0 29 30;8 39 43;1 49 50;5 59 61;0 71 72;0 95 97;6 102 107;2 165 166
5 6 8;6 25 30;0 33 34;6 48 52;6 54 57;0 58 59;5 80 82;0 85 86;2 96 97
0 10 11;0 21 23;0 34 35;0 35 36;9 48 51;2 59 61;0 74 75;0 104 106;0 118 119;0 126 128;5 131 133;2 140 141
0 23 24;0 24 25;6 25 28;6 34 37;0 38 39;0 39 40;6 40 43;5 49 51;0 59 61;0 71 72;1 100 101;6 102 107;0 113 115;0 126 127;0 143 144;2 150 151
0 2 3;8 3 6;0 11 13;6 23 28;0 31 32;7 46 51;3 69 71;6 72 76;0 76 77;0 85 87;1 94 95;0 98 99;0 108 109;2 131 132
6 2 5;1 11 12;0 19 20;0 20 21;1 28 29;3 50 52;1 56 57;8 90 94;8 94 97;6 97 102;2 108 109
8 12 15;0 16 17;1 30 31;0 43 44;6 55 58;6 65 69;0 75 77;0 78 79;6 92 97;0 103 104;5 120 122;8 138 143;0 145 146;2 179 180
6 2 5;0 6 7;0 16 17;0 25 27;0 28 29;0 40 41;1 48 49;6 54 58;0 64 66;0 67 68;6 81 86;2 105 106
6 14 17;0 18 19;2 34 36;0 36 38;6 41 44;7 68 73;8 75 78;6 87 90;2 120 122;0 122 124;6 130 135;6 148 153;2 155 156
0 11 12;0 28 29;2 52 54;8 57 60;0 88 89;0 104 105;0 105 106;0 127 128;5 139 141;0 156 157;1 170 171;6 173 176;0 177 178;5 187 189;7 197 202;1 208 209;6 212 216;3 218 220;0 234 236;0 239 240;1 257 258;8 263 267;0 274 276;0 287 289;5 301 303;2 310 311
6 14 17;0 18 19;5 30 32;2 44 46;1 53 54;0 59 60;8 69 73;1 79 80;7 91 97;8 99 103;7 115 120;0 151 153;1 158 159;0 167 168;1 174 175;1 195 196;0 199 200;0 200 201;1 206 207;1 209 210;0 215 216;0 227 228;2 257 258
5 5 7;0 15 16;0 30 31;2 45 47;0 47 49;6 52 55;0 56 57;6 70 74;3 89 91;0 115 117;0 131 132;9 137 139;3 142 144;6 160 164;0 178 180;0 189 190;2 196 197;5 197 198
1 2 3;6 40 43;0 44 45;7 68 73;2 79 80;5 80 81
2 15 17;0 17 19;6 22 25;0 26 27;2 49 51;8 108 112;0 121 122;0 122 123;6 123 126;5 137 139;3 142 144;6 156 161;8 161 165;5 165 167;0 173 174;1 183 184;0 191 192;8 233 237;8 237 240;1 245 246;2 250 251
8 4 8;5 21 23;6 37 42;8 42 46;5 46 48;3 55 57;0 63 64;1 73 74;0 79 80;0 80 81;0 91 92;1 98 99;0 102 103;2 109 110
8 11 15;3 15 17;0 24 25;6 38 41;0 76 77;1 83 84;8 93 97;0 109 110;0 110 111;6 111 114;5 122 124;0 129 130;6 134 137;5 144 146;0 159 160;0 166 167;1 167 168;0 171 172;0 172 173;2 180 182;1 194 195;0 198 199;2 205 206
5 4 6;6 10 13;2 16 18;1 25 26;8 37 40;6 59 62;0 68 69;0 84 86;0 87 88;1 94 95;8 100 104;5 104 106;0 120 121;2 138 140;0 140 142;8 146 151;6 155 160;8 162 166;0 173 175;0 186 188;6 193 196;1 199 200;0 217 218;2 224 225
0 14 15;1 27 28;0 31 32;0 47 49;0 50 51;1 57 58;6 72 75;1 77 78;0 81 82;6 82 85;1 108 109;3 126 128;0 145 146;0 154 156;1 161 162;8 168 173;8 177 182;2 201 202
6 12 15;0 16 17;2 42 44;0 50 52;6 69 73;0 80 82;0 103 105;6 120 123;8 125 129;6 137 142;0 145 146;2 177 178
0 17 18;0 18 19;1 24 25;1 27 28;0 33 34;0 45 46;8 71 75;2 77 78
6 2 5;0 17 18;0 18 19;1 24 25;1 27 28;0 33 34;0 45 46;1 52 53;0 56 57;0 67 68;0 68 69;6 69 72;1 85 86;7 87 92;0 94 96;0 100 101;2 109 110;5 110 111
0 22 23;1 34 35;6 36 41;6 47 52;0 99 100;0 100 101;1 106 107;1 109 110;0 115 116;5 142 144;1 149 150;1 156 157;8 160 165;5 165 167;1 169 170;0 191 192;0 192 193;6 193 196;2 196 197
2 7 9;6 12 15;8 20 24;5 24 26;0 31 32;0 32 33;6 33 36;5 44 46;1 59 60;0 69 70;1 73 74;8 89 92;2 92 93
2 8 10;6 13 16;6 38 43;1 59 60;0 76 78;6 99 102;0 115 116;6 152 155;0 190 191;5 195 197;2 199 200
7 28 29;0 75 76;1 82 83;6 90 93;0 109 110;2 117 118;5 118 119
0 2 3;6 32 35;2 39 41;1 59 60;6 63 68;8 68 71;6 71 76;8 76 80;8 92 95;6 106 111;9 112 115;8 119 123;0 123 124;0 141 143;0 155 157;8 160 164;1 166 167;0 182 184;1 202 203;0 208 210;0 220 222;6 234 237;5 269 271;6 275 278;6 285 288;1 288 289;8 290 294;5 294 296;8 302 306;0 314 315;1 323 324;6 333 339;8 344 347;0 348 349;0 358 359;8 368 371;1 373 374;0 382 383;0 383 384;2 389 390;5 390 391
6 11 14;0 27 28;0 44 46;0 51 52;2 58 59;5 59 60
1 4 5;8 6 10;8 14 18;6 18 21;1 29 30;6 39 42;0 54 55;2 61 62;5 62 63
1 2 3;0 8 9;0 18 19;0 26 28;6 48 51;1 51 52;8 53 57;5 57 59;8 65 69;0 77 78;1 86 87;1 92 93;6 113 119;8 124 127;0 128 129;8 144 147;0 148 149;7 161 166;5 170 172;2 174 175
6 4 7;0 20 21;1 27 28;6 35 39;0 48 49;2 60 62;8 65 68;2 86 88;8 91 94;1 110 111;1 151 152;0 155 156;8 168 173;0 182 184;3 186 188;5 202 204;8 213 216;6 229 232;0 233 234;0 249 250;2 256 257;5 257 258
2 2 4;0 13 14;0 31 33;0 34 35;0 42 44;0 55 57;0 68 70;0 73 74;0 80 82;0 83 84;2 111 112
2 41 43;0 52 53;0 53 54;6 54 57;0 61 62;0 68 70;0 81 82;6 97 102;6 102 107;6 110 114;1 114 115;6 120 124;8 173 178;6 182 187;3 191 193;6 194 198;0 198 199;0 205 207;0 208 209;0 216 217;3 228 230;1 242 243;0 246 247;6 261 264;0 265 266
0 8 10;0 11 12;1 18 19;2 21 24;1 31 32;0 57 59;0 60 61;0 73 74;0 74 75;2 98 100;0 100 102;1 109 110;2 121 124;1 131 132;6 141 144;1 146 147;8 158 163
5 25 27;0 32 34;0 39 40;1 46 47;0 54 55;8 55 58;0 61 63;6 78 83;0 86 87;0 87 88;6 88 91;3 93 95;1 113 114;1 123 124;0 159 161;1 166 167;1 198 199;1 208 209;5 216 218;2 220 223;0 239 241
0 8 10;0 11 12;0 12 13;6 13 16;3 18 20;1 29 30;6 34 37;8 45 49;8 51 55;5 55 57;8 69 73;6 76 81;8 91 96;3 108 110;6 112 118;3 120 122
0 13 15;0 16 17;0 17 18;3 25 27;1 36 37;0 44 45;0 59 60;1 78 79;6 80 85;0 85 86;0 107 108;0 126 128;6 141 147
0 2 3;5 3 5;0 10 12;0 13 14;1 20 21;2 31 34;0 48 50;0 51 52;0 52 53;6 53 56;6 78 83;8 95 100;0 100 101;5 101 103;2 107 109;0 109 111;1 129 130;2 154 156;6 165 170;6 181 185;0 192 194;8 199 203;8 213 218;8 237 241;8 251 256;0 269 270;1 318 319;0 337 339;0 362 363
0 3 4;6 19 24;6 24 27;0 36 37;1 41 42;0 52 53;5 57 59;0 71 72;6 72 75;3 77 79;6 88 93;6 93 96;0 105 106;1 110 111;0 121 122;5 126 128;6 138 141;6 174 180
0 15 16;0 29 31;0 34 36;0 37 38;0 51 52;1 58 59;0 66 67;1 73 74;0 82 83;6 92 97;0 110 112;6 125 131
0 11 12;0 33 35;8 61 65;1 67 68;0 78 80;0 104 106;0 107 108;0 127 129;8 135 140
6 2 5;0 6 7;1 34 35;0 38 39;1 45 46;6 61 64;6 100 105
0 11 12;2 21 23;1 30 31;0 40 41;0 62 63;8 67 70;8 81 85;6 85 88;3 93 95;8 96 100;0 105 106;6 123 126;8 150 154;1 162 163;8 168 172;0 178 179;0 179 180;6 180 183;1 213 214;6 217 222;0 230 231;0 231 232;6 242 245;8 256 260;1 268 269;8 275 279;7 281 286;7 293 298;1 300 301;6 307 311;2 319 321;6 338 341;0 344 345;0 345 346;8 358 362;2 370 372;8 380 384;6 388 391;0 394 395;0 395 396;9 407 410;6 424 428;2 437 439;3 457 459;5 470 472;3 474 476;5 489 491;5 509 511;8 528 533;6 539 544;0 547 548;6 557 560;0 561 562
1 33 34;7 43 48;7 55 60;6 62 65;8 71 75;8 77 81;6 89 92;8 98 102;0 109 110;0 110 111;6 121 124;9 138 141;6 155 159;2 170 172;6 183 187;6 191 194;0 195 196;0 196 197;6 207 210;7 225 230;7 237 242;8 252 256;8 258 262;8 278 282;6 286 289;0 290 291;0 291 292;6 302 305;6 315 320;9 321 324;8 338 342;2 353 355;6 366 370;8 372 376;6 385 389;1 399 400;0 410 411;6 418 422;2 426 428;8 444 448;1 458 459;6 462 467;0 475 476;0 476 477;8 489 493;2 496 498;0 498 500;8 512 516;1 516 517;3 535 537;0 544 545;0 545 546;9 557 560;6 574 578;2 588 590;4 614 616;6 618 622;6 628 633;0 636 637;0 646 647;2 666 667
0 15 16;6 27 31;0 36 37;1 55 56;5 59 61;6 70 73;1 73 74;8 75 79;5 79 81;8 87 91;0 99 100;1 108 109;1 114 115;1 134 135;0 140 141;0 150 151;2 157 158
6 4 8;0 13 14;1 32 33;1 55 56;5 59 61;1 77 78;8 81 86;1 97 98;6 105 110;2 112 113
0 2 3;1 6 7;0 21 22;1 26 27;6 36 41;3 43 45;0 54 55;0 66 68;6 77 80;6 90 95;8 95 98;8 105 109;0 114 116;6 130 133;0 138 139;1 167 168;6 170 173;0 174 175;5 191 193;0 198 199;6 210 213
0 2 3;1 20 21;8 29 32;8 54 58;0 86 88;2 97 99;6 102 105;0 106 107;7 127 133
6 2 5;0 9 10;0 10 11;0 27 28;0 58 59;0 59 60;3 63 65;1 74 75;8 78 82;6 82 85;8 99 103;8 107 111;0 113 115;3 117 119;0 132 133;0 159 160
0 11 12;0 12 13;0 46 47;0 47 48;2 66 69;0 94 95;6 112 115;5 119 121;0 124 125;1 130 131;0 140 141;0 179 181;3 183 185;5 196 198
2 2 4;0 13 14;0 31 33;8 55 59;0 64 66;0 67 68;0 68 69;6 69 72;3 74 76;6 84 89;6 104 107;0 119 121;2 133 135;6 150 153;2 159 161;6 164 168;1 180 181;6 186 191;6 199 203;6 213 216;0 219 220;8 236 240;6 251 254;2 261 264;8 267 271;0 278 280;6 287 292;5 294 296;0 301 302;8 320 325
7 11 12;0 18 19;5 23 25;6 36 41;6 52 56;1 75 76;6 78 81;8 84 87;8 89 94;0 107 109;1 141 142;1 149 150;6 151 156;6 161 167
1 22 23;5 28 30;6 63 67;8 78 81;6 81 86;1 89 90
8 8 11;0 14 16;3 33 35;6 39 44;0 47 48;0 48 49;6 49 52;3 54 56;5 72 74;6 84 87;1 89 90;1 99 100;6 105 109;5 111 113;6 114 119;3 121 123
6 23 26;1 28 29;1 58 59;6 70 73;1 73 74;1 85 86;1 88 89;0 106 107;0 124 125;6 138 141;1 143 144;0 151 152;1 155 156;2 158 160;1 184 185;6 189 194;0 197 198;0 198 199;1 204 205;6 214 217;1 219 220;3 227 229;3 242 244;0 253 254;1 257 258;6 275 280;6 280 285;3 287 289;0 296 297;1 300 301;8 313 317;6 319 322;7 327 332;0 343 345;8 354 358;6 360 363;3 395 397;5 404 406;3 408 410;0 417 418;1 438 439;8 450 454;5 454 456;0 461 463;0 471 472;5 498 500;6 510 513;0 514 515;7 534 540
0 2 3;1 13 14;0 22 23;0 23 24;6 24 27;3 29 31;1 60 61;1 72 73;0 76 77;6 109 114;3 120 122;1 127 128;8 137 141;5 141 143;0 148 150;1 159 160;6 164 169;1 190 191;0 205 206;8 218 222;1 224 225;6 232 235;6 247 250;6 260 263;6 272 276;1 310 311;8 317 321;1 323 324;9 328 331;0 337 338;6 352 355;0 356 357
7 4 9;8 25 28;6 41 45;8 45 48;0 51 52;1 62 63;0 66 67;1 77 78;6 85 90;1 107 108;6 112 117;8 117 121;1 125 126;0 133 134;1 144 145;0 150 151;1 174 175;8 179 183;6 189 194;9 195 198;8 202 206;0 206 207;8 207 210;6 215 218;6 236 239;6 250 253;6 263 266;0 269 270;1 290 291;1 305 306;1 310 311;6 312 316;1 329 330;8 341 345;2 349 351;6 358 361;1 382 383;8 388 392;6 400 403;0 421 422;1 432 433;0 441 442;1 454 455;0 474 475;8 486 489;8 496 500;0 507 509;7 515 520;0 527 528;7 541 546;2 548 549
0 8 9;0 57 58;8 69 73;5 73 75;0 105 106;2 125 126
0 2 3;6 20 24;0 51 52;0 74 75;0 75 76;1 83 84;8 89 93;0 99 101
0 8 9;6 18 22;8 32 35;0 47 48;8 52 55;1 55 56
2 2 4;0 13 14;0 31 33;2 46 48;0 48 50;1 57 58;8 62 66;8 72 76;0 76 77;1 81 82;2 92 94;8 97 101;1 111 112;8 119 123;6 127 132;8 132 135;5 146 148;2 152 154;0 154 156;8 159 162;6 171 174;0 175 176
6 4 8;1 17 18;5 25 27;1 29 30;6 31 36;8 41 46;6 67 72;1 80 81;0 92 93
8 2 6;5 6 8;0 15 17;3 22 24;8 63 66;5 89 91;6 97 102;5 102 104;8 107 112
6 12 15;0 17 19;0 32 33;1 44 45;7 69 74;0 74 75;6 90 95;6 95 98;0 100 101;0 110 112;0 117 118;6 118 121;3 123 125;6 134 139;6 139 142;0 144 145;5 151 153;0 166 168;0 169 170;8 179 183;2 189 191;6 194 197;0 198 199
8 8 12;1 24 25;6 32 35;0 44 45;1 49 50;0 60 61;5 65 67;0 77 78;1 102 103;6 138 141;0 142 143;8 174 178
0 1 2;1 16 17;0 29 30;0 30 31;6 31 34;3 36 38;0 55 56;6 86 90;2 94 96;8 99 102;0 105 107;1 119 120;0 129 130;0 130 131;1 134 135;1 139 140;1 145 146;1 150 151;1 156 157;1 161 162;7 163 168;0 190 191;0 200 201;1 204 205;6 229 232;6 242 245;0 248 249;6 258 261;0 266 267;0 281 282;6 291 294;5 323 325;0 328 330;6 339 342;6 354 357;0 358 359;8 378 383
0 38 39;5 39 41;0 46 48;6 54 60;1 71 72;6 80 86;2 97 99;6 102 106;2 111 113;1 120 121;6 122 127;0 135 136;2 153 155;6 158 161;0 162 163
0 2 3;0 10 12;0 13 14;0 36 38;1 43 44;6 51 56;0 58 59;1 63 64;1 79 80;6 81 86;0 92 93;0 106 107;1 113 114;0 121 122;1 128 129;0 137 138;0 150 151;0 164 165;0 173 174;0 185 186;0 186 187;0 198 199;9 204 206;0 210 211;5 211 213;0 216 217;0 217 218;1 248 249;6 258 261;0 262 263;8 284 288;8 300 305
5 12 14;0 36 37;0 37 38;6 38 41;0 47 48;2 73 75;1 82 83;0 88 89;8 98 102;1 108 109;5 118 120;1 130 131;6 145 151
0 2 3;8 14 17;1 29 30;3 41 43;0 46 47;0 47 48;6 48 51;0 75 76;0 91 92;0 101 102;6 116 120;0 125 126;0 126 127;1 134 135;1 142 143;8 150 155;3 157 159
0 33 35;0 38 39;0 48 49;0 58 59;8 73 76;0 79 81;6 84 87;0 100 101;0 116 117
6 2 5;0 6 7;6 43 47;8 49 53;6 63 67;1 69 70;7 89 94;5 103 105
8 25 29;6 35 38;9 39 43;6 50 54;3 76 78;3 82 84
6 9 13;0 19 20;0 36 38;0 47 49;0 50 51;0 51 52;0 83 84;0 111 112
2 2 4;0 13 14;0 31 33;5 40 42;0 47 49;0 50 51;0 51 52;0 57 58;1 58 59;8 66 69;1 76 77;0 99 101;0 174 176;8 181 185;8 185 188;6 188 193;2 197 200;3 227 229;6 237 242;8 242 245;6 245 250;0 253 254;3 258 260;1 272 273;0 282 283;0 283 284;6 284 287;3 289 291;0 308 310;3 313 315;8 316 320;6 324 327;0 330 332;8 339 344;8 348 353;0 353 354;0 361 363;6 394 397;0 398 399
0 18 19;0 34 36;6 43 49;0 52 53;1 59 60;0 75 76;0 76 77;1 82 83;8 103 107;0 113 115;0 116 117;0 117 118;2 123 124
0 2 3;3 27 29;0 47 48;6 61 66;0 75 76
0 6 7;0 22 24;0 38 39;6 50 55;1 64 65;0 103 104;6 125 129;1 131 132;9 142 147;8 170 175;0 177 178;0 178 179;6 195 198;0 209 211;0 236 237;0 246 247;8 247 250;7 269 275;5 284 286;1 295 296;7 298 303;0 312 313
2 2 4;0 13 14;0 29 31;0 32 33;1 39 40;0 51 53;7 79 85;6 95 100;8 100 104;5 104 106;6 111 116;5 116 118;8 129 134;2 149 152;5 155 157;2 164 166;6 195 198;2 198 200;1 207 208;0 211 212;0 212 213;5 216 218;0 236 237
6 2 5;0 6 7;6 29 33;1 44 45;1 69 70;6 79 83;3 85 87;6 94 98;0 107 108;0 122 123;2 129 132
0 18 19;8 41 44;8 48 52;0 55 56;6 74 78;3 80 82
8 1 4;0 32 33;0 40 41;2 63 65;6 71 77
0 18 19;0 34 36;6 43 49;0 52 53;1 59 60;0 77 78;5 82 84;0 89 90;0 90 91;1 94 95;0 132 134;3 137 139;3 143 145;0 162 163;0 180 182
0 2 4;3 6 8;0 13 14;0 34 35;6 46 50;0 57 58;8 69 73;1 82 83
6 18 23;0 26 27;7 41 47;0 59 60;0 60 61;6 61 64
0 17 18;0 18 19;6 19 22;2 35 37;1 44 45;0 50 51;8 60 64;1 70 71;5 76 78;2 88 90;5 99 101;1 103 104;0 110 111;1 117 118;0 123 124;1 146 147;6 149 154
6 8 13;1 28 29;6 38 43;8 43 47;6 73 76
6 2 5;0 6 7;0 23 25;1 34 35;8 64 69;8 94 98;1 105 106;0 140 142;0 143 144;6 156 159;0 160 161
0 2 3;0 20 22;0 32 34;0 35 36;0 36 37;1 40 41;1 45 46;5 53 55;6 66 69;1 69 70;8 71 75;5 75 77;8 83 87;0 95 96;1 104 105;1 110 111;2 124 126;7 132 138;2 148 150;1 157 158;6 159 164;6 172 176;5 178 180;8 193 198
6 2 5;0 6 7;8 29 33;0 39 41;0 42 43;1 49 50;1 52 53;2 60 63;8 90 94;0 99 100;0 100 101;6 101 104;8 110 114;0 121 123;0 126 127;5 131 133;6 138 141;0 142 143;6 154 157;8 167 171;2 173 175;6 178 181;0 182 183;9 202 207
2 2 4;0 13 14;2 30 32;0 32 34;0 43 45;0 46 47;0 64 66;0 67 68;0 68 69;0 82 84;0 88 89;8 100 103;8 110 114;1 116 117;8 135 139;0 154 155;0 164 165;0 165 166;8 177 181;8 181 184;0 201 202;0 211 212;0 221 222;1 234 235;6 245 249
0 18 19;6 42 45;0 58 60;2 65 67;8 70 73;2 89 91;8 94 97;8 102 106;5 106 108;6 126 130;2 139 141;0 141 143;0 150 151;0 151 152;1 155 156;5 166 168;2 175 177;0 177 179;6 182 186;0 193 195;1 200 201;0 212 213;0 213 214;1 221 222;6 227 231;1 245 246;9 247 252
0 30 32;2 42 44;8 47 50;0 53 54;0 69 70;0 70 71;0 89 90;1 96 97;8 118 121
2 13 15;1 20 21;6 27 32;9 38 42;6 71 74;3 77 79;0 99 100;5 116 118;2 120 122;2 128 130;1 137 138;6 139 144
0 2 4;3 6 8;0 13 14;0 32 33;2 107 109;8 112 115;9 127 132
2 4 6;7 21 26;0 58 59;6 75 78;7 85 86;2 94 96;0 96 98;8 101 104;3 113 115;0 123 124;0 135 137;0 138 139;0 148 149;0 167 168;0 168 169;0 187 189;0 190 191;7 205 211
6 80 83;0 95 97;2 100 102;8 105 108;6 120 126;6 126 129;0 152 154
6 9 12;5 18 20;0 40 41;5 41 43;2 47 49;0 49 51;8 54 57;0 69 70;0 77 79;8 82 86;1 88 89;6 93 98;6 123 128;6 144 147;0 159 161;1 181 182;7 196 202
7 5 11;1 20 21;6 23 28;7 28 33;6 35 38;2 38 40;5 43 45
1 12 13;1 22 23;6 24 30
6 4 8;0 13 14;0 23 24;0 24 25;0 38 40;3 42 44;0 54 55;0 73 74;6 89 94;0 97 98;0 98 99;6 99 102;1 107 108;0 113 114;0 114 115;0 130 131;0 131 132;3 139 141;0 146 147;0 147 148;1 151 152;0 171 173;3 175 177
1 2 3;0 8 9;0 23 24;0 42 43
2 2 4;0 13 14;0 31 33;0 39 41;0 55 56;8 56 59;0 62 64;0 78 79;8 79 82;0 85 87
6 4 7;8 10 13;7 20 25;6 34 37;1 49 50;6 56 61;8 67 71;5 77 79;0 89 90;6 119 124
1 13 14;6 26 31;0 34 35;6 51 54;7 59 64;9 72 75;1 95 96;6 105 109;1 109 110;8 122 125
1 8 9;0 26 27;0 34 35;0 54 55;0 61 62;1 62 63;0 66 67;0 67 68;0 79 80;6 96 100;1 102 103;0 120 121;5 132 134;5 150 152;5 174 176
1 21 22;0 42 43;0 52 53;0 76 77;0 77 78;0 89 90;0 90 91;6 91 94;3 96 98;0 103 104;1 112 113;0 116 117;2 144 146;5 153 155;1 166 167;0 172 173;0 184 185;0 185 186;0 207 208;5 208 210;7 223 228;8 230 233;6 240 245;0 245 246;5 246 248;7 261 266;8 268 271
0 18 20;1 25 26;0 46 47;0 56 57;0 73 75;1 80 81;0 101 102;0 102 103;1 106 107;1 117 118;2 122 124;0 124 126;3 135 137;0 140 141;0 141 142;1 149 150;6 155 158;0 166 167;0 167 168;1 175 176
0 18 19;2 46 48;0 48 50;0 74 76;0 77 78;0 78 79;0 84 85;1 85 86;0 97 99;0 100 101;0 101 102;0 107 108;1 108 109;6 116 119;0 139 140;6 162 167;0 185 186;0 186 187;6 187 190;0 205 206;6 233 237;0 243 245;5 264 266;0 279 280;2 296 298;2 310 312;2 317 320;8 326 330;8 334 338;1 345 346;0 349 350;0 350 351;6 366 370;0 370 371;7 388 393;0 398 399
0 18 20;5 23 25;0 34 35;8 53 56;6 69 74;6 82 86;8 88 92;5 94 96;6 108 112;0 118 120;1 123 124;1 128 129;8 137 140;0 141 142;8 153 157;5 159 161;6 174 178;0 184 186;1 189 190;1 194 195;8 203 206;6 218 223;8 228 231;0 232 233;3 250 252;3 256 258;0 261 262
2 3 5;8 28 32;0 37 38;2 49 51;8 64 68;8 74 78;6 80 85;1 104 105;0 110 111;6 111 114;6 124 129;0 138 139
6 3 7;0 12 13;0 13 14;5 27 29;0 38 39;8 50 54;2 66 68;1 79 80
8 19 23;0 36 38;8 46 49;3 62 64;6 69 74;0 88 89;0 106 107;0 178 179;0 197 198
0 23 24;8 56 59;0 67 68;0 84 86;0 93 94;1 100 101;8 102 107
3 10 12;6 24 29;0 32 33;0 47 48;0 65 67;1 72 73;0 96 97;0 97 98;2 113 116;0 119 121;0 125 126;0 155 156;9 172 174;1 182 183;0 210 211;1 241 242;0 245 246;0 258 259;0 259 260;1 267 268
1 4 5;0 22 23;0 70 71;0 91 92;6 101 105;0 118 119;0 135 137;0 140 141;6 161 166;8 176 179
6 3 7;1 18 19;6 31 35;7 37 42;1 44 45;6 52 57;6 67 71;1 82 83;8 86 90;6 96 100;7 102 107;1 109 110;6 116 121;0 135 136;6 161 166
8 16 20;8 28 32;0 38 40;2 58 60;2 74 76;6 79 82;0 83 84
2 10 12;1 17 18;5 37 39;6 43 46;0 65 66;1 72 73;0 116 117
0 17 18;1 24 25;0 46 47;8 64 68;2 78 80;0 80 82;8 98 102;0 107 109;0 123 124;6 135 139;0 146 147;8 158 162;1 171 172
0 6 8;0 39 41;3 59 61;8 62 66;0 80 82;3 100 102;0 123 125;0 138 139;8 150 154;0 161 163;0 178 179;5 179 181;7 202 203;0 230 232;6 248 253
0 7 8;9 39 43;6 63 68;1 71 72;3 82 84;6 115 119;1 121 122;1 141 142;0 147 149;3 170 172;0 175 176;1 214 215;0 232 233;1 258 259;0 279 281;0 293 294;0 294 295;0 316 317
6 36 40;0 63 65;2 92 94;0 94 96;0 103 104;0 124 126;7 138 143;2 170 172;0 172 174;0 186 187;0 187 188;2 205 207;0 207 209;0 237 238;5 238 240;0 277 279;3 281 283;1 324 325;6 326 332
6 25 29;5 29 31;6 59 64;8 66 70;8 91 96;6 113 118;6 125 129;6 134 139;2 153 156;2 165 167;2 173 175;6 178 182;0 191 193;8 198 202;8 208 212;7 223 228;8 247 251;6 268 273;6 280 284;8 286 290;8 296 300;9 303 307;6 327 332;1 335 336;8 337 341;6 346 351;2 365 368;1 377 378;6 398 403;8 410 414;7 416 421;5 428 430;6 475 480;0 483 484;0 499 500
6 4 8;5 8 10;6 22 28;6 32 35;8 36 41;3 45 47;1 51 52;6 57 60;1 65 66;8 69 74;0 88 89;1 115 116;1 131 132
2 2 4;0 13 14;2 30 32;0 32 34;5 45 47;0 64 65;0 84 86;0 101 103;2 117 120;0 132 133;0 133 134;1 139 140;8 157 162;5 162 164;0 179 180;0 186 187;1 187 188;0 191 192;0 192 193;8 206 209;0 210 211;8 236 240;1 242 243;8 250 253;6 253 258;8 258 262;5 262 264;6 271 274;0 275 276;2 305 307;0 307 309;6 312 315;0 316 317
0 15 16;1 20 21;0 34 35;0 58 60;0 64 65;0 65 66;0 76 77;1 83 84;0 104 105;1 120 121;8 132 135;0 150 151;0 158 159;1 165 166;1 182 183;8 194 197;0 210 211;1 215 216;6 231 235;6 239 244;0 249 250;0 257 258;0 279 280;0 287 288;1 294 295;0 309 310;1 314 315;5 325 327
1 6 7;6 8 13;6 29 33;6 40 44;0 50 51;7 64 70
6 2 5;0 6 7;1 24 25;0 30 31;3 37 39;2 53 55;8 58 61;0 74 76;8 85 88;0 97 99;6 102 105;0 127 128;2 142 144;0 144 146;0 168 169;1 178 179;8 184 188;0 198 200;0 212 214;3 216 218;1 230 231;6 240 243;3 250 252
0 7 8;0 31 32;0 32 33;0 44 45;0 45 46;6 46 49;3 51 53;0 58 59;1 67 68;6 96 100
0 4 6;3 8 10;0 21 22;6 31 35;0 59 60
6 4 8;0 28 29;5 40 42;0 47 48;1 61 62;8 65 70;6 74 79;6 84 88;6 90 94;5 98 100;9 104 107;1 114 115;0 133 134;1 152 153;6 156 159;5 162 164;0 171 172;5 185 187;5 197 199;1 203 204;0 211 212;0 227 228;7 241 247
5 12 14;0 23 24;8 63 67;5 67 69;0 74 76;0 82 83;0 83 84;0 89 90;1 90 91;6 110 114;0 125 126;2 141 143;0 143 145;6 148 151;0 152 153;1 157 158;0 172 174;6 188 194
8 10 13;0 40 41;0 41 42;0 47 48;1 48 49;3 65 67;6 72 77;6 81 86;2 103 105;0 105 107;0 138 140;0 153 155;6 158 162;3 164 166;3 186 188;0 217 219;0 232 234;0 255 257;0 292 293;0 309 311;6 387 392;6 397 401;1 401 402;6 407 411;8 436 440;6 454 460;6 460 465;8 477 480;6 480 485;2 489 492;8 495 499;2 503 505;0 505 507;0 530 532;6 546 549;0 550 551;1 572 573;6 587 593
0 19 20;0 20 21;0 26 27;1 27 28;0 33 34;0 41 43;0 44 45;1 56 57;6 58 63;6 69 74;0 101 102;5 102 104;8 110 113;0 126 128;0 129 130;0 130 131;0 136 137;1 137 138;6 143 146;0 147 148;0 148 149;0 154 155;1 155 156;0 173 174;1 192 193;6 194 200
0 13 15;0 20 21;5 21 23;3 27 29;0 32 33;8 44 48;0 54 56;6 73 76;0 128 129;0 162 163
6 2 5;2 5 7;8 10 13;2 17 19;0 29 30;1 36 37;0 42 43;0 69 70;0 70 71;6 71 74;2 82 84;1 90 91;0 94 95;7 112 117;3 121 123
0 2 3;0 14 15;6 24 27;0 28 29;7 48 54
1 10 11;0 21 22;8 46 49;6 58 61;0 62 63;8 84 88
0 19 20;0 20 21;6 21 24;0 53 54;0 117 118;0 135 136
2 2 4;8 6 9;3 14 16;3 20 22;1 27 28;0 50 51;0 57 58;1 58 59;0 62 63;0 63 64;6 77 81;1 83 84;0 89 90;0 113 114;1 120 121;6 128 133;6 133 137
6 4 8;3 17 19;1 45 46;6 49 52;0 66 67;0 81 82;7 95 101
6 4 8;5 12 14;8 20 25;6 27 30;1 44 45;1 61 62;0 71 72
6 4 8;5 12 14;3 19 21;8 37 42;6 42 45;1 57 58;3 63 65;8 67 72;0 77 78;1 93 94;6 95 100;6 105 111
0 17 18;1 46 47;6 52 55;7 55 56;3 60 62;6 67 72;6 81 85;2 116 118;8 121 124;8 152 156;6 159 163;8 165 168;0 171 172;0 188 189;1 195 196;0 201 202;8 238 242;0 264 265
6 22 27;6 27 32;5 32 34;1 37 38;1 99 100;9 101 105;0 111 112;0 112 113;6 113 116;6 124 128;1 137 138;0 143 144;5 144 146;3 150 152;0 165 166;5 194 196
6 4 8;0 16 17;0 17 18;9 30 33;0 58 59;0 95 96;1 119 120;1 145 146;6 151 154;3 161 163
6 2 5;0 6 7;6 29 33;1 44 45;1 69 70;6 79 83;3 85 87;6 94 98;0 107 108;5 119 121;1 132 133;9 134 139
6 2 6;5 6 8;8 16 20;2 25 27;2 33 35;1 40 41;6 42 47;6 49 53;5 53 55;1 74 75;6 76 82
0 10 11;6 37 40;6 62 68
6 11 14;6 27 30;6 32 35;6 51 54;6 72 75;0 85 86;1 94 95;6 109 112;6 130 133;0 141 142;6 153 157;0 165 166;0 166 167;1 174 175;6 184 190;8 190 194;0 198 199;5 210 212;6 228 234
6 17 20;0 43 44;0 44 45;1 52 53
0 2 4;3 6 8;1 20 21;6 30 33
0 2 3;0 20 22;0 32 34;0 35 36;0 36 37;1 40 41;1 45 46;5 53 55;6 66 69;1 69 70;8 71 75;5 75 77;8 83 87;0 95 96;1 104 105;1 110 111;2 124 126;6 132 137;0 142 143;6 154 159;0 178 179
2 29 31;0 50 51;1 57 58;6 63 67;3 76 78;6 79 84;5 84 86;1 93 94;5 105 107;1 112 113;8 116 120;0 124 125;6 138 143
6 4 8;0 20 21;0 21 22;1 25 26;1 30 31;8 36 40;8 52 55;8 72 76;0 78 80;3 82 84;5 91 93;0 101 102;6 106 109
6 20 26;6 26 29;5 43 45;1 49 50;6 73 77;0 77 78;5 96 98;1 100 101;6 113 118;0 118 119;0 127 128;5 137 139;1 141 142
0 18 19;0 19 20;1 25 26;1 28 29;0 42 43;0 60 61;6 81 86
0 22 23;0 23 24;6 24 27;3 29 31;0 39 40;6 64 67;0 98 99;1 105 106;1 117 118;0 122 123;0 123 124;6 124 127;3 129 131;0 134 135;1 138 139;6 158 161;6 177 180;8 197 201;8 201 204;6 209 212;0 215 216;0 239 240;1 248 249;8 256 260;0 266 268;1 277 278;0 285 286;0 310 312;8 323 327;6 329 332;0 333 334;1 351 352
0 7 8;9 28 31;8 62 67;2 89 91;6 94 98;6 123 128;0 128 129;0 129 130;6 143 147;0 158 159;8 163 166;0 169 170;0 170 171;8 182 186;0 193 195;0 206 208;6 213 216;0 217 218
8 4 8;2 17 19;0 19 21;8 24 28;0 35 37;0 45 46;0 46 47;6 47 50;3 52 54;0 89 91;0 98 99;0 123 124;8 142 146;0 153 155;0 166 168;6 173 176;0 177 178;7 197 203
6 4 8;0 26 27;6 38 44;8 44 48;1 54 55;0 64 65;1 74 75
0 18 19;0 19 20;1 25 26;1 28 29;0 42 43;5 58 60;0 72 73;0 88 90;0 91 92;1 98 99;8 104 108;5 108 110;0 135 136;0 142 144;0 145 146;8 157 161;0 168 170;6 175 178;0 195 196;0 196 197;1 202 203;1 205 206;0 219 220;0 237 238
0 18 19;0 19 20;1 25 26;1 28 29;0 42 43;0 63 64
6 2 6;5 17 19;0 33 34;0 34 35;6 35 38;0 73 74;1 90 91
8 3 7;0 27 28;0 28 29;8 42 45;0 46 47;0 62 63;0 63 64;0 75 76;0 96 97;9 110 115
2 2 4;0 13 14;0 31 33;0 40 42;1 48 49;0 57 58;3 73 75;2 97 100;8 103 106;0 118 119;1 123 124;0 135 136;5 140 142;6 152 156;8 181 186;0 186 187;0 227 229;0 230 231;2 237 240;8 243 247;0 254 256;8 261 265;2 269 271;0 271 273;0 288 290;6 295 298;0 299 300
2 2 4;0 13 14;2 30 32;0 32 34;0 43 45;0 48 49;1 67 68;0 71 72;1 78 79;0 82 83;1 114 115;0 118 119;1 125 126;0 129 130;2 135 137;8 140 143;8 148 152;5 152 154;6 161 165;0 174 175;3 188 190;1 198 199;1 210 211;1 222 223;0 226 227;0 236 237;5 251 253;1 264 265;9 266 271
6 2 5;0 6 7;0 24 26;6 29 32;0 40 42;6 45 48;0 57 59;6 62 65;0 73 75;6 78 81;0 82 83;0 91 93;7 99 105;0 115 116
0 8 9;1 15 16;6 28 31
0 23 24;1 28 29;3 45 47;8 52 56;0 60 61;5 79 81;8 91 94;0 99 100;6 114 117;0 118 119
5 4 6;0 30 31;1 37 38;1 68 69;0 72 73;5 124 126;0 131 133;0 159 161;2 182 184;6 187 190;6 198 204;6 215 218;0 219 220;0 235 236;1 242 243;0 253 254;1 258 259;6 275 278
8 36 40;6 56 61;0 64 65;2 77 79;0 79 81;6 93 98;8 109 113;1 123 124;8 138 142;2 145 147;0 147 149;6 193 198;0 201 202;0 218 219;0 253 254;1 260 261;6 270 274;5 274 276;0 281 282;1 295 296;0 310 311
6 2 5;0 6 7;1 13 14;1 26 27;0 35 36;1 52 53;2 75 77;0 77 79;0 86 87;0 87 88;0 93 94;1 94 95;0 104 106;3 121 123;0 129 130;0 130 131;6 131 134;0 156 157
5 5 7;1 24 25;2 32 34;3 44 46;3 50 52;2 59 61;3 71 73;3 77 79;6 86 90;0 97 98;8 109 113;1 122 123
2 2 4;0 13 14;0 31 33;0 48 50;0 51 52;1 56 57;3 73 75;8 80 84;0 88 89;8 118 122;5 122 124;0 129 131;1 157 158;6 159 165
6 2 5;0 6 7;1 13 14;0 26 27;0 27 28;0 36 37;0 53 54;0 54 55;6 55 58;8 66 70
0 7 8;0 23 25;0 37 39;0 42 43;0 52 54;0 57 58;0 76 78;0 101 103;3 105 107;0 117 118;0 148 149;0 156 157;5 173 175
0 14 15;8 38 42;8 58 61;0 72 73
0 13 14;0 21 22;0 33 34;0 34 35;3 38 40;0 48 49;8 67 71;0 84 85
8 2 6;5 6 8;0 11 13;0 49 51;8 54 58;3 58 60;8 61 65;6 67 70;0 71 72;8 91 96
6 2 5;0 6 7;0 30 31;1 48 49;6 65 69;0 77 79;0 87 88;1 105 106;6 136 140;6 156 160;6 173 177;0 185 187;1 197 198
0 2 4;3 6 8;0 18 19;1 23 24;6 36 41;5 47 49;1 59 60;6 74 80
0 2 3;0 20 22;0 25 26;1 43 44;0 62 64;6 77 82;0 91 93;3 95 97;0 141 142;7 155 161
0 19 20;1 26 27;8 32 36;1 59 60;6 61 67;0 70 71;0 71 72;3 77 79;5 86 88;0 96 98;2 104 107;8 119 123;1 123 124;2 136 138;0 138 140;0 149 150;8 164 168;0 181 182;0 182 183;1 186 187;6 209 212;0 213 214;0 222 224;0 225 226;5 230 232;9 238 241;3 253 255;0 264 265;1 274 275;8 292 296;1 296 297;1 329 330;6 331 337
0 23 24;0 24 25;1 39 40;0 64 65;5 65 67;0 72 74;0 75 76;6 90 95;0 121 123;0 128 129;0 129 130;5 133 135;6 156 161;1 164 165
5 10 12;6 16 21;1 24 25;8 42 46;1 52 53;0 56 57;0 77 78;9 83 85;3 88 90;6 106 110;9 137 141;0 152 153
1 50 51
6 15 18;0 30 31;0 48 49;5 49 51;0 71 72;1 115 116;8 118 122;6 139 142;0 143 144;0 153 154;0 163 165;6 182 187;8 200 204;1 206 207;0 227 228;0 237 238;0 238 239;6 242 245
7 2 3;0 14 15;0 39 40
6 4 9;0 19 20;1 26 27;6 47 50;1 55 56;5 59 61;1 72 73;0 83 84;1 90 91
6 9 14;0 17 18;0 33 35;1 65 66;8 102 106;0 112 113
0 13 14;0 14 15;0 20 21;1 21 22;0 22 24;5 29 31;0 37 39;1 66 67;0 70 71;0 71 72;6 72 75;0 81 82;1 86 87;5 100 102;1 112 113
1 3 4;0 9 10;0 10 11;1 14 15;0 27 28;0 48 49;2 79 81;8 84 87;2 103 105;8 108 111;8 116 120;5 120 122;0 129 130;0 143 144;0 144 145;0 150 151;1 151 152;0 157 158;0 170 171;0 171 172;0 177 178;1 178 179;0 184 185;0 201 202;0 211 212;0 221 222;0 234 236;3 238 240;5 261 263
6 2 5;2 5 7;2 18 20;2 34 36;2 47 49;6 61 65;0 65 66;0 66 67;6 67 70;1 75 76;9 82 85;1 92 93;2 106 108;2 113 116;5 119 121;1 123 124;1 138 139;1 153 154;0 171 172;1 219 220;1 236 237;1 258 259
8 7 12;5 12 14;1 23 24;8 40 44;5 44 46;7 56 62;5 67 69;0 97 98
6 6 12;8 27 30;0 55 56;6 56 59;0 69 70;9 83 87;0 93 94;0 94 95;0 111 112
1 3 4;0 9 10;2 30 32;8 35 38;8 52 55;1 59 60;1 71 72;0 75 76;3 82 84;0 114 115
6 2 5;0 6 7;0 23 25;0 34 36;8 39 43;0 49 50;5 59 61;0 68 70;1 75 76;9 77 82
6 2 5;0 6 7;0 23 25;0 35 37;0 50 51
6 19 22;1 27 28;2 41 43;6 49 54;1 62 63;0 74 75
2 2 4;0 13 14;0 14 15;6 15 18;5 24 26;3 29 31;0 38 39;0 39 40;0 51 52;7 62 67;0 86 88;7 94 100;8 109 113;0 120 122;6 127 130;0 147 148;0 148 149;1 154 155;1 157 158;0 163 164;0 181 182
2 2 4;0 11 12;1 18 19;0 33 35;0 64 66;0 73 74;0 88 89;6 99 102;0 106 107;0 124 125;5 125 127;0 147 148;2 167 169;1 177 178;2 180 182;6 205 210;0 226 228;0 231 232;1 249 250;0 265 267;1 272 273;0 278 279;8 279 282;0 285 287;7 293 299;6 306 309;0 313 314;1 325 326;6 327 331;1 331 332;8 335 339;5 339 341;1 343 344;2 348 350;6 353 357;1 367 368;7 374 379;1 381 382;0 391 392;0 392 393;1 398 399;1 401 402;0 415 416;0 436 437
6 3 7;8 11 14;0 17 18;6 30 34;5 42 44;7 45 51;0 63 64;3 70 72;0 79 80;6 99 103;8 107 110;1 129 130
6 4 7;0 9 10;0 27 29;0 39 41;0 42 43;0 43 44;1 47 48;1 52 53;6 94 99;8 99 103;1 109 110;6 115 118;0 120 121;0 130 131;8 135 138;0 141 143;0 146 147;0 158 160;6 192 197;6 215 220;8 220 224;0 228 229;6 242 247
2 2 4;0 13 14;0 14 15;6 15 18;5 24 26;3 29 31;8 35 39;1 43 44;6 45 50;7 50 55;8 67 70;2 74 76;6 92 98
6 4 7;0 9 10;0 27 29;0 32 33;0 42 43;0 52 54;1 59 60;5 67 69;6 89 94;6 106 110;1 135 136;6 137 143
0 21 22;0 45 46;1 52 53;0 63 64;0 70 72;1 91 92;6 98 102;2 106 108;8 114 118;2 157 159;7 162 167;7 174 179;8 188 192;8 194 198;0 205 206;0 227 228;0 228 229;6 242 245;8 258 262;2 265 267;0 267 269;7 277 282;6 286 291;3 295 297;8 298 302;0 304 305;0 326 327;8 331 334;0 351 352;8 368 372;0 378 380;0 383 384;2 410 411
2 41 43;0 52 53;2 69 71;0 71 73;0 81 83;0 86 87;8 111 115;0 123 124;1 132 133;0 183 184;0 184 185;8 197 200;6 212 215;0 216 217;2 241 242;5 242 243
2 2 4;0 13 14;0 31 33;0 46 48;3 53 55;0 60 61;0 74 75;0 75 76;0 84 85;0 101 102;5 106 108;0 117 118;3 124 126;2 135 137;4 140 142;6 142 145;0 149 150;0 159 160;5 172 174;6 187 193;7 193 198;1 214 215;6 216 221;0 240 241;0 249 251;5 260 262;6 266 269;8 294 298;0 312 313;0 324 325;8 337 341;0 348 350;0 363 365;0 372 373;0 383 384;0 384 385;5 388 390;0 411 413;0 420 421;0 432 433;5 437 439;1 441 442;0 447 448;0 454 456;0 457 458;6 467 470;0 471 472;0 487 488;2 494 495;5 495 496
0 21 22;0 35 36;0 36 37;0 52 53;8 57 60;2 68 70;0 88 89;1 100 101;0 104 105;0 122 123;0 139 140;0 158 159;0 159 160;6 160 163;2 175 177;0 185 186;0 186 187;0 237 238;0 238 239;6 239 242;8 251 255;5 259 261;0 266 268;0 271 272;1 280 281;1 286 287;0 301 302;0 318 319;0 335 337;8 340 344;0 373 374;0 383 384;0 472 473;1 481 482;8 489 494;0 499 500;7 540 545;8 550 554;6 556 559;0 560 561;7 574 579;2 581 582
2 20 22;0 58 59;0 59 60;1 68 69;6 87 92;0 95 96;6 135 138;6 141 144;0 158 159;0 173 175;6 178 181;2 181 183;0 208 209;0 216 218;0 219 220;0 225 226;0 244 245;0 251 253;0 254 255;6 264 267;0 268 269;0 284 285;2 291 292;5 292 293
0 25 26;0 26 27;1 35 36;0 49 50;0 65 67;0 68 69;1 75 76;7 83 88;7 111 116;0 123 124;1 134 135;0 143 144;1 154 155;0 160 161;1 171 172;0 180 181;0 196 198;0 199 200;1 206 207;8 212 216;5 216 218;2 229 231;6 246 249;6 259 262;1 286 287;2 310 312;6 321 325;6 327 331;0 340 341;1 348 349;5 356 358;1 374 375;0 387 388;0 405 406;1 410 411;2 415 416
2 2 4;0 13 14;2 30 32;0 32 34;0 56 57;0 57 58;0 63 64;1 64 65;0 70 71;0 78 80;0 114 115;0 129 130;0 137 139;0 175 176;8 193 197;8 197 200;8 208 213;0 213 214;0 223 225;8 230 234;8 234 237;6 237 242;2 246 249;3 276 278;6 286 291;8 291 294;6 294 299;0 302 303;3 307 309;1 321 322;0 331 332;0 332 333;6 333 336;3 338 340;0 357 359;3 362 364;8 365 369;6 373 376;0 379 381;8 388 393;8 397 402;0 402 403;0 410 412;6 438 443;0 460 461;5 472 474;6 487 492;6 500 504;1 506 507;6 509 513;6 543 546;1 557 558;2 590 591
0 2 3;0 10 12;0 22 23;1 48 49;0 54 55;8 71 75;2 77 79;0 118 119;0 125 127;0 128 129;6 138 141;0 142 143;9 156 160;0 167 168;0 168 169;2 174 175
2 2 4;0 13 14;0 31 33;0 40 42;1 48 49;3 69 71;0 76 77;5 94 96;6 100 103;2 130 133;0 150 152;0 153 154;0 161 163;5 171 173;0 180 181;5 184 186;0 193 194;0 200 202;0 203 204;6 213 216;0 217 218;9 231 235;2 248 249
0 7 8;0 15 16;0 33 35;0 45 47;0 48 49;0 49 50;1 53 54;1 58 59;6 66 71;6 78 82;5 84 86;2 93 94
0 2 3;0 19 21;0 32 34;1 43 44;2 48 50;0 53 55;3 57 59;1 70 71;0 74 75;2 81 82
2 2 4;0 13 14;0 31 33;0 34 35;0 42 44;0 54 55;6 80 83;6 93 97;5 97 99;2 103 105;0 105 107;8 155 158;0 163 164;0 170 172;0 173 174;0 189 190;0 213 214;2 224 225
5 6 8;0 16 17;1 29 30;2 37 39;3 46 48;0 75 76;6 96 101;0 107 108;6 117 120;0 149 150;0 150 151;0 156 157;1 157 158;0 175 176;0 176 177;0 182 183;1 183 184;8 194 197;8 197 201;5 232 234;0 243 244;7 264 270;6 279 282;8 285 288;5 313 315;6 319 322;6 329 332;1 332 333;8 334 338;5 338 340;8 346 350;0 358 359;1 367 368;8 375 379;1 393 394;8 401 404;5 411 413;3 424 426;0 429 430;0 430 431;2 436 437
5 10 12;6 16 21;1 24 25;6 36 39;1 39 40;1 71 72;6 77 81;0 92 93;6 104 109;1 118 119;0 127 129;6 134 140;6 140 143;0 153 155;1 160 161;3 195 197;6 202 207;6 227 233;0 242 243;0 259 260;6 269 272;0 273 274;0 289 290;2 300 301
0 7 8;2 22 24;0 24 26;6 29 32;1 38 39;2 41 44;1 60 61;0 75 77;6 82 88;6 88 91;0 101 103;1 108 109;0 135 136;0 150 151;3 159 161;0 178 179;1 185 186;0 214 215;0 234 236;2 245 246
2 2 4;0 11 12;1 18 19;5 24 26;3 29 31;6 72 78;6 78 81;8 85 88;0 106 107;1 113 114;0 126 128;8 131 135;8 139 143;5 143 145;3 148 150;6 154 159;0 162 163;6 174 178;1 182 183;6 184 189;2 191 192
0 13 14;0 26 27;1 41 42;1 46 47;0 55 56;0 56 57;1 62 63;6 78 83;0 86 87;0 87 88;1 95 96;0 105 106;0 106 107;6 107 110;1 124 125;1 151 152;6 153 158;2 164 165
5 5 7;0 15 16;2 30 32;0 32 34;6 37 40;0 41 42;0 54 55;0 65 66;5 66 68;6 89 93;0 105 106;6 137 141;0 148 149;0 159 160;5 160 162;6 178 181;1 183 184;8 189 193;0 195 196;6 211 216;0 231 232;0 232 233;1 238 239;1 241 242;0 247 248;3 292 294;0 299 300;8 325 329;2 331 332
0 10 11;0 23 24;0 24 25;6 25 28;1 30 31;5 45 47;3 49 51;0 53 55;0 56 57;3 73 75;1 79 80;8 104 108;8 117 121;8 126 129;8 129 133;6 136 141;6 141 144;6 167 171;3 173 175;6 192 196;3 198 200;0 220 221;0 221 222;1 227 228;1 230 231;0 236 237;0 275 276;2 282 283
2 2 4;0 11 12;1 18 19;5 24 26;3 29 31;6 80 85;0 88 89;0 89 90;8 100 104;0 110 112;3 119 121;9 130 133;6 138 142;8 152 156;5 158 160;3 163 165;8 169 173;6 177 181;6 187 191;0 191 192;8 217 221;2 223 224
1 31 32;1 35 36;0 43 44;0 51 53;0 63 64;9 105 107;3 110 112;6 125 130;6 134 139;1 145 146;6 148 153;6 172 178;0 181 182;1 186 187;2 191 192
1 2 3;0 10 11;5 11 13;0 18 20;0 21 22;0 31 32;0 46 47;0 61 62;0 92 94;2 99 102;5 105 107;8 121 124;0 129 131;1 134 135;2 139 140
0 6 8;1 11 12;2 17 20;6 23 26;8 39 44;6 58 61;6 65 70;5 70 72;0 97 99;6 112 116;0 123 125;6 138 141;1 145 146;2 150 151
0 21 22;0 51 52;0 71 72;5 72 74;0 79 81;0 93 94;6 128 131;1 138 139;0 155 156;2 174 176;0 176 178;8 181 185;8 185 188;6 188 193;2 199 200
0 6 8;1 11 12;2 17 20;6 23 26;6 30 35;5 35 37;2 43 45;6 51 57;0 65 67;0 77 78;5 82 84;8 87 90;1 105 106;2 110 112;6 115 118;1 122 123;1 131 132;2 136 137
6 14 17;2 21 23;0 58 59;5 63 65;0 85 86;0 95 96;1 100 101;2 105 106
6 10 13;6 57 61;0 74 75;0 103 104;0 113 114;1 118 119;2 123 124
0 2 3;0 26 27;5 27 29;0 44 45;8 75 80;0 131 132;5 152 154;6 158 161;6 172 175;0 191 192;0 204 205;2 214 215
9 5 8;5 34 36;2 46 48;6 64 68;5 86 88;6 97 100;2 100 102;0 111 112;0 125 126;1 130 131;2 135 136
6 2 5;2 5 7;8 18 22;2 24 26;1 71 72;0 75 76;0 76 77;6 77 80;1 88 89;3 98 100;0 102 104;0 105 106;0 106 107;1 110 111;2 115 116
1 16 17;1 26 27;1 53 54;0 71 72;1 76 77;2 81 82
0 9 10;6 23 28;5 28 30;0 39 40;1 59 60;1 72 73;1 102 103;2 111 114;1 148 149;0 153 154;1 170 171;0 207 208;0 208 209;6 209 212;1 212 213;2 217 218
5 7 9;1 14 15;5 24 26;2 41 43;3 50 52;6 60 63;1 65 66;8 69 73;9 83 88;8 114 118;0 120 121;6 136 139;0 150 151;0 151 152;6 152 155;6 165 170;6 192 195;2 197 199;0 208 209;0 209 210;6 210 213;6 223 228;5 232 234;3 237 239;0 260 261;1 270 271;6 276 279;6 282 285;6 292 298;8 302 306;1 313 314;0 323 324;2 343 344
6 2 5;3 13 15;0 17 19;0 20 21;0 43 44;1 62 63;0 81 82;6 102 106;2 113 115;0 115 117;2 132 134;0 134 136;6 176 181;1 188 189;8 199 202;0 204 206;0 212 213;1 224 225;8 242 246;0 248 249;0 249 250;0 272 273;2 297 298
0 7 8;0 23 25;8 28 32;5 32 34;8 39 43;5 43 45;0 50 52;0 66 67;2 73 75;0 75 77;6 80 83;0 84 85;7 98 103;2 105 106
2 2 4;0 13 14;0 31 33;0 34 35;0 41 43;0 44 45;0 54 55;5 55 57;2 61 63;0 63 65;0 75 76;1 92 93;0 98 100;1 114 115;2 136 137
6 2 5;0 6 7;0 23 25;6 33 36;6 41 46;0 52 53;6 68 73;1 81 82;1 89 90;0 102 104;1 109 110;0 131 132;1 138 139;2 188 189
6 13 17;0 24 26;0 32 33;0 33 34;6 34 37;8 49 53;1 55 56;6 87 92;2 94 95
0 2 3;0 3 4;0 15 16;0 16 17;0 30 31;5 31 33;2 37 39;0 39 41;3 60 62;9 63 67;1 84 85;6 86 92;0 95 96;0 105 106;2 125 126
8 4 8;9 15 18;1 32 33;6 49 52;0 53 54;6 80 83;0 84 85;7 98 103;2 105 106
6 18 21;0 22 23;1 34 35;0 43 44;0 44 45;1 50 51;1 53 54;0 59 60;6 81 85;3 87 89;6 107 111;3 113 115;0 120 121;8 146 150;2 152 153
2 2 4;0 13 14;0 14 15;8 34 37;0 38 39;1 52 53;0 65 66;0 80 81;2 95 97;0 97 99;6 105 108;1 118 119;8 139 143;0 160 161;0 176 178;6 181 184;1 184 185;6 204 207;1 207 208;0 262 263;9 275 278;1 295 296;1 326 327;7 345 350;0 366 367;0 374 376;6 381 385;0 390 391;1 408 409;8 414 418;1 429 430;0 436 437;0 455 457;3 459 461;0 466 467;0 488 489;6 498 502;0 533 534;0 534 535;6 549 553;0 564 565;2 589 590
6 2 5;1 5 6;1 28 29;0 37 38;8 50 54;3 54 56;0 64 65;8 69 73;8 109 113;6 133 137;6 152 157;0 173 174;8 178 182;8 188 192;0 192 193;6 204 207;0 208 209;0 224 225;5 229 231;2 235 236
8 28 31;0 36 37;0 37 38;1 46 47;0 64 65;6 74 77;9 95 98;1 106 107;2 116 118;0 121 123;3 125 127;0 134 135;2 145 146
6 2 5;2 5 7;8 10 13;0 19 20;0 20 21;1 29 30;6 43 48;6 52 56;0 69 70;0 70 71;6 71 74;0 83 84;0 102 104;0 122 124;0 127 128;0 128 129;1 135 136;0 147 148;0 166 167;0 178 180;8 183 187;1 189 190;0 193 194;0 209 211;3 227 229;0 246 248;0 249 250;0 250 251;6 251 254;0 260 261;0 285 287;1 296 297;8 306 311;6 315 320;7 322 327;8 336 340;2 342 344;8 347 350;0 353 354;0 365 367;3 369 371;0 381 382;1 386 387;2 391 392
5 6 8;2 28 30;6 33 36;0 37 38;0 38 39;6 39 42;0 49 50;0 50 51;6 51 54;0 61 62;0 73 74;0 85 86;8 90 93;0 96 97;8 101 104;0 107 108;0 119 120;0 131 132;0 132 133;6 136 139;0 142 143;0 143 144;6 147 150;0 153 154;8 170 174;8 176 180;1 192 193;7 210 215;1 217 218;7 223 228;8 237 241;2 243 245;8 248 251;0 254 255;0 266 268;3 270 272;0 282 283;0 283 284;1 287 288;2 292 293
2 17 20;1 26 27;8 31 35;0 42 43;5 43 45;7 65 71;0 96 97;0 97 98;1 106 107;1 121 122;0 125 126;8 130 133;6 146 151;6 155 159;7 167 173;0 198 199;0 199 200;1 208 209;6 217 222;7 231 236;2 245 246
0 20 21;8 25 28;2 36 38;8 41 44;0 47 48;7 65 70;8 79 83;2 85 87;8 90 93;0 96 97;0 108 110;3 112 114;0 124 125;1 129 130;2 134 135
8 4 7;2 11 13;0 23 24;1 30 31;0 36 37;7 53 59;0 84 85;1 91 92;0 120 121;8 125 129;8 135 139;2 141 143;8 146 149;0 152 153;3 182 184;6 193 196;3 200 202;0 212 213;8 227 231;8 241 244;6 254 258;6 266 271;3 278 280;0 283 284;6 306 309;6 310 314;1 314 315;6 320 324;1 326 327;7 329 334;5 336 338;2 353 355;1 362 363;0 370 371;0 380 382;0 383 384;1 392 393;0 402 403;8 429 434;8 445 449;8 455 458;2 477 478
0 7 8;8 12 16;8 22 26;2 28 30;8 33 36;0 39 40;3 69 71;0 80 81;6 94 98;9 111 114;2 122 124;8 127 130;0 133 134;8 154 158;0 165 167;0 170 171;6 180 183;0 195 196;6 205 209;8 216 220;6 243 246;6 253 259;0 262 263;0 263 264;6 264 267;1 275 276;2 280 281
0 11 12;1 16 17;5 29 31;0 58 59;7 71 77;6 82 86;2 91 92
2 2 4;0 13 14;0 31 33;0 48 50;0 51 52;0 64 65;0 65 66;6 66 69;1 71 72;2 74 77;3 86 88;3 110 112;6 120 124;6 126 130;6 139 144;8 144 147;6 154 157;1 159 160;6 172 175;0 176 177;0 196 197;0 206 207;0 207 208;1 211 212;2 216 217
0 8 9;6 31 36;6 39 43;1 45 46;2 79 82;8 85 89;3 100 102;8 107 111;0 117 118;6 127 131;0 140 141;6 160 165;8 170 173;1 175 176;0 188 190;2 200 202;0 211 213;2 216 218;8 221 224;1 233 234;2 238 239
0 10 11;2 27 29;0 29 31;3 36 38;3 42 44;0 47 48;5 59 61;0 66 68;0 71 72;1 92 93;6 102 105;1 136 137;0 155 157;1 160 161;2 165 166
2 2 4;0 13 14;0 31 33;6 36 40;8 50 53;8 58 62;1 67 68;0 86 87;6 101 105;2 129 131;0 148 149;0 179 180;1 184 185;1 197 198;0 218 219;3 254 256;8 259 263;1 263 264;0 276 277;6 296 300;3 302 304;0 309 310;1 319 320;2 329 330
6 2 5;0 21 22;1 40 41;0 44 45;0 62 64;0 65 66;0 86 87;0 87 88;0 93 94;1 94 95;0 110 111;0 111 112;0 117 118;1 118 119;1 131 132;2 136 137
6 4 8;0 16 17;1 35 36;0 39 40;0 57 59;6 64 67;0 75 76;0 88 89;1 93 94;2 98 99
2 2 4;0 13 14;0 31 33;0 48 50;0 51 52;0 61 62;0 70 72;6 88 93;6 98 104;0 107 108;0 123 125;0 126 127;1 133 134;8 139 143;5 143 145;0 154 155;3 174 176;0 181 182;0 188 190;0 191 192;8 201 205;8 205 208;6 208 213;2 219 220
0 26 27;0 27 28;0 33 34;1 34 35;0 38 39;6 56 61;8 66 71;1 71 72;6 81 84;7 94 99;2 109 110
2 7 9;0 16 17;1 23 24;8 34 37;6 45 48;2 48 50;2 56 58;6 69 72;0 76 77;2 88 90;8 93 96;2 113 115;8 118 121;8 126 130;5 130 132;6 139 142;1 158 159;2 163 164
8 21 25;6 29 34;8 34 38;1 38 39;8 56 59;0 60 61;7 70 75;0 82 83;0 126 127;0 140 141;0 163 164;0 164 165;1 168 169;0 177 179;3 181 183;6 192 197;6 201 206;8 216 220;3 222 224;0 227 228;0 228 229;2 234 235
3 10 12;2 25 27;0 27 29;6 35 38;0 54 56;0 59 60;5 78 80;0 88 90;1 95 96;0 99 100;0 128 130;2 139 140
6 15 21;1 32 33;0 45 46;0 57 58;5 62 64;1 66 67;0 83 84;0 84 85;0 112 114;2 123 124
1 15 16;0 21 22;0 22 23;1 29 30;0 41 42;8 56 60;0 69 70;0 92 93;0 93 94;0 121 123;2 132 133
0 10 11;0 26 27;0 75 77;0 90 92;5 108 110;8 123 126;3 140 142;6 156 159;6 166 172;6 176 181;2 181 183;8 186 189;7 203 208;1 220 221;6 222 227;6 232 237;0 260 261;1 267 268;0 275 276;3 284 286;0 303 304;1 310 311;2 323 325;0 335 337;7 342 348;5 359 361;0 369 370;0 394 395;6 410 415;0 415 416;0 435 436;2 446 447
6 9 12;0 20 21;1 27 28;0 39 41;0 44 45;0 52 54;5 99 101;1 107 108;6 115 118;1 118 119;0 122 123;0 123 124;6 124 127;2 129 130
6 9 12;0 25 27;0 28 29;0 29 30;1 38 39;0 44 45;8 49 52;2 60 62;8 65 68;6 79 84;7 84 89;0 106 108;8 111 115;8 128 132;6 147 152;6 161 164;6 165 170;5 170 172;6 179 183;6 189 194;3 203 205;2 220 221
2 2 4;0 13 14;0 14 15;2 34 36;8 39 42;7 56 61;7 71 76;1 115 116;0 119 120;0 143 144;0 144 145;6 145 148;6 154 157;0 158 159;0 178 179;0 188 189;1 193 194;2 198 199
2 7 9;0 16 17;1 23 24;0 66 68;0 69 70;0 70 71;1 79 80;0 85 86;8 90 93;2 101 103;8 106 109;6 120 125;7 125 130;6 149 152;6 159 165;6 169 174;2 174 176;8 179 182;7 196 201;1 213 214;6 215 220;8 225 230;0 247 248;0 257 258;1 262 263;2 267 268
6 2 5;0 6 7;0 24 26;0 29 30;0 45 47;0 50 51;0 51 52;1 55 56;0 67 68;0 68 69;6 69 72;1 74 75;0 95 96;0 105 106;0 115 116;1 137 138;8 141 146;2 187 188
5 4 6;1 22 23;2 30 32;3 39 41;2 59 61;8 78 83;3 92 94;9 107 111;2 126 129;8 132 135;8 148 153;0 159 161;6 170 175;5 175 177;2 181 182
2 8 10;0 10 12;8 35 39;0 44 46;6 51 54;0 55 57;6 60 63;0 70 71;6 91 94;0 100 102;6 107 110;0 111 113;6 120 125;0 134 135;9 148 152;2 165 166
5 4 6;0 14 15;2 29 31;0 31 33;6 36 39;0 40 41;0 53 54;0 64 65;5 65 67;0 87 88;1 100 101;2 105 107;3 114 116;0 122 123;0 130 132;0 133 134;6 162 165;1 167 168;6 171 175;0 184 185;5 196 198;0 207 208;0 224 225;6 229 232;1 244 245;0 248 249;0 249 250;6 250 253;0 265 266;1 269 270;8 285 288;2 288 289
5 5 7;0 15 16;2 30 32;0 32 34;6 37 40;0 41 42;1 61 62;6 65 69;1 82 83;2 91 93;1 98 99;6 100 104;1 104 105;6 108 112;7 114 119;8 124 127;0 130 132;6 135 138;6 160 163;0 164 165;0 181 183;2 205 206
0 25 26;1 52 53;0 56 57;7 70 75;2 77 78
0 5 6;0 16 17;5 17 19;8 44 48;5 48 50;8 60 64;5 64 66;0 71 72;0 72 73;6 85 88;1 90 91;8 101 105;0 122 123;0 123 124;0 133 134;8 134 137;0 164 165;1 172 173;6 178 181;0 182 183;8 183 186;6 191 194;2 205 206
8 21 25;0 29 30;6 65 70;6 79 84;0 84 85;0 97 98;0 98 99;0 108 109;2 115 116
2 7 9;0 16 17;1 23 24;0 38 40;0 62 63;2 86 88;0 88 90;3 97 99;8 107 111;5 111 113;0 120 122;8 125 129;5 129 131;0 144 146;6 153 158;0 164 166;8 169 173;3 175 177;0 180 181;0 181 182;2 187 188
0 7 8;0 24 26;9 30 33;2 36 38;3 45 47;1 73 74;0 86 87;5 87 89;1 103 104;0 120 122;0 132 134;2 143 144
0 6 8;6 29 34;8 34 37;8 38 42;0 69 71;2 80 81
6 13 19;0 40 41;0 57 59;8 92 95;8 104 108;0 113 114;0 138 139;1 156 157;2 161 162
0 13 15;0 30 31;0 40 41;0 41 42;6 42 45;2 55 57;8 60 63;0 79 80;3 101 103;1 110 111;6 113 116;6 123 129;1 138 139;2 143 144
6 8 11;0 20 21;0 21 22;6 22 25;1 33 34;7 37 42;0 59 61;0 62 63;0 75 76;0 94 96;6 107 110;5 113 115;6 121 126;7 132 137;0 154 156;0 157 158;2 172 174;0 174 176;6 179 182;1 188 189;1 196 197;6 206 209;6 241 246;6 248 251;2 272 273
0 15 17;2 20 22;8 25 28;0 37 38;0 38 39;2 52 55;0 82 83;0 83 84;6 94 97;0 106 108;0 114 115;2 141 143;6 149 152;0 156 157;5 161 163;0 172 173;0 173 174;1 177 178;2 182 183
0 27 28;3 43 45;0 56 57;5 69 71;6 78 82;5 82 84;0 106 107;0 116 117;0 117 118;1 121 122;2 126 127
1 6 7;0 14 15;0 34 36;6 39 42;1 42 43;8 44 48;5 48 50;8 56 60;0 68 69;1 77 78;1 83 84;1 103 104;3 113 115;0 118 119;2 129 130
0 2 3;0 19 21;0 32 34;1 43 44;2 48 50;0 53 55;3 57 59;1 70 71;0 74 75;2 81 82
2 2 4;0 13 14;0 31 33;0 48 50;1 58 59;2 64 66;0 75 76;2 104 106;0 106 108;6 111 114;0 115 116;0 135 136;2 146 147
0 7 9;6 12 15;0 28 29;1 40 41;8 42 47;6 51 56;0 56 57;0 63 65;0 66 67;0 74 75;2 80 82;8 85 88;8 88 92;1 94 95;2 104 105
0 18 19;0 28 29;0 29 30;2 40 42;1 49 50;1 61 62;6 64 68;8 77 81;7 90 91;0 97 98;1 106 107;1 117 118;2 124 126;5 129 131;1 150 151;5 177 179;8 239 243;7 245 250;5 257 259;1 274 275;8 287 291;1 291 292;1 302 303;1 314 315;0 341 342;2 348 350;0 350 352;1 359 360;1 371 372;0 387 388;1 407 408;1 412 413;2 434 435
2 2 4;0 13 14;2 30 32;0 32 34;6 37 40;0 44 45;0 56 57;0 70 71;8 75 78;0 84 85;1 93 94;5 99 101;6 102 107;0 117 118;0 118 119;1 126 127;0 132 133;5 133 135;2 165 166
6 2 5;0 17 18;0 18 19;1 26 27;6 32 36;0 53 54;1 60 61;0 68 69;3 77 79;0 86 87;0 98 99;8 126 130;0 135 136;0 150 151;0 151 152;0 157 158;1 158 159;8 171 174;6 174 179;8 179 182;2 184 185
0 10 12;0 13 14;0 31 33;0 34 35;0 35 36;0 47 48;0 55 57;8 62 66;0 80 81;2 87 89;0 89 91;6 94 97;0 119 120;1 126 127;0 130 131;2 137 138
0 13 14;0 31 33;0 43 45;0 46 47;0 47 48;1 51 52;1 56 57;8 66 70;2 81 83;0 83 85;0 96 97;0 103 105;0 117 119;0 129 131;0 132 133;0 133 134;1 137 138;1 142 143;6 148 151;0 152 153;0 159 161;0 173 175;6 178 181;0 182 183;0 189 191;0 204 206;0 209 210;0 225 226;2 236 237
2 2 4;0 13 14;0 31 33;5 38 40;6 44 47;0 52 53;6 67 72;0 75 76;0 76 77;2 94 96;0 134 135;6 144 148;1 155 156;0 159 160;0 176 177;1 195 196;1 207 208;2 221 222
2 2 4;0 13 14;0 31 33;5 40 42;0 47 49;0 50 51;0 51 52;8 64 67;6 75 79;8 81 85;1 91 92;8 95 98;6 98 103;6 107 110;8 111 116;3 120 122;6 123 128;0 149 150;0 150 151;6 151 154;1 172 173;5 182 184;6 185 190;8 190 193;5 198 200;9 201 206;1 207 208;0 213 214;1 235 236;8 239 243;1 253 254;5 267 269;1 274 275;7 286 292;1 316 317;0 324 325;6 334 337;8 363 366;0 371 372;0 388 389;8 402 406;0 408 409;8 409 412;2 414 415
0 22 23;1 43 44;1 49 50;7 51 57;0 66 67;0 107 108;6 134 139;0 139 140;0 146 148;0 149 150;0 157 158;2 163 165;2 183 184
0 7 8;0 15 16;0 27 28;0 37 38;1 52 53;7 54 60;0 60 61;6 61 64;0 70 71;0 71 72;0 80 81;0 93 94;5 98 100;0 105 106;3 112 114;1 121 122;2 137 139;0 139 141;6 144 147;0 148 149;0 173 174;0 174 175;1 180 181;1 183 184;0 197 198;6 211 214;0 215 216;2 242 243
2 7 9;0 9 11;6 14 17;0 18 19;0 34 35;6 49 52;0 53 54;7 67 72;2 74 75
0 11 12;0 12 13;0 29 30;1 36 37;0 42 43;5 65 67;2 87 88
0 19 20;0 32 33;0 33 34;0 70 71;0 83 84;0 90 92;0 93 94;2 103 105;0 107 109;0 113 114;1 122 123;2 146 147
2 2 4;0 13 14;0 31 33;0 48 50;3 62 64;8 69 73;5 73 75;8 100 104;0 112 114;0 139 140;5 154 156;0 172 173;0 190 191;2 210 211
5 2 4;6 20 25;8 25 29;5 29 31;6 40 43;0 53 55;1 64 65;2 69 70
0 11 12;9 22 25;6 32 36;3 42 44;6 49 53;6 65 69;6 77 81;1 83 84;6 86 89;0 90 91;0 107 109;0 128 129;0 136 137;2 173 174
0 30 32;2 42 44;8 47 50;0 53 54;0 69 70;0 70 71;0 86 88;5 107 109;3 127 129;2 133 135;3 156 158;6 187 192;2 204 205
2 2 4;0 13 14;0 31 33;8 47 50;6 70 75;8 75 79;0 89 90;0 109 110;8 136 141;8 152 156;8 162 165;2 176 177
2 2 4;0 13 14;0 31 33;1 38 39;0 79 80;0 95 96;0 108 109;5 125 127;6 128 133;8 133 136;8 178 181;5 188 190;0 199 200;1 215 216;6 222 227;0 235 236;9 265 268;0 274 275;0 275 276;0 281 282;1 282 283;5 290 292;0 302 303;0 315 316;5 320 322;1 345 346;6 352 357;1 400 401;0 406 407;6 416 419;2 419 421;7 425 431;0 436 437;2 446 447
2 18 21;6 24 27;0 33 34;2 43 45;8 51 56;0 97 98;0 107 108;0 129 130;1 140 141;5 148 150;0 160 161;1 174 175;2 181 183;8 194 198;1 200 201;0 217 218;2 228 230;6 233 236;2 236 238;7 242 248;0 253 254;0 254 255;1 258 259;2 263 264
1 2 3;5 10 12;2 14 17;6 20 24;0 29 31;0 34 35;0 35 36;1 41 42;5 56 58;2 62 64;2 77 79;0 79 81;8 84 88;1 100 101;9 102 106;1 118 119;0 128 129;0 135 137;0 138 139;0 148 149;0 156 158;0 161 162;0 181 182;0 191 192;1 196 197;2 201 202
5 9 11;0 16 17;0 24 25;0 25 26;2 49 51;5 56 58;0 69 71;2 87 89;6 92 95;8 100 103;1 109 110;0 113 114;2 120 121;5 121 122
0 11 12;1 21 22;0 29 30;5 30 32;0 44 45;1 82 83;7 102 103;0 117 118;0 137 138;0 138 139;6 139 142;0 150 151;6 167 172;0 189 190;1 196 197;0 202 203;0 216 217;0 217 218;1 226 227;0 232 233;8 237 240;0 265 266;0 266 267;0 286 287;0 287 288;8 310 313;9 338 343;5 356 358;0 363 364;0 377 378;5 382 384;0 415 416;2 457 459;3 466 468;8 476 479;8 493 497;0 497 498;1 507 508;0 519 520;0 536 538;1 555 556;2 558 560;6 573 578;2 580 581
0 24 25;1 37 38;0 54 56;2 79 81;0 81 83;6 89 92;0 96 97;5 101 103;6 108 111;2 123 124
0 11 12;1 30 31;0 38 39;5 39 41;6 80 84;3 104 106;6 111 116;0 119 120;0 120 121;3 126 128;0 137 138;0 144 146;0 147 148;8 157 161;8 161 164;6 164 169;2 175 176
0 6 8;6 19 24;5 43 45;6 49 52;8 77 81;5 81 83;5 88 90;0 121 122;0 122 123;1 126 127;2 131 132
0 13 14;5 14 16;0 28 29;0 29 30;6 35 38;2 46 48;8 51 54;3 69 71;6 76 81;0 84 85;0 85 86;3 91 93;7 114 120;6 152 157;8 157 160;0 163 164;5 168 170;8 178 181;0 189 190;0 190 191;1 194 195;2 199 200
0 6 7;6 16 19;6 49 53;8 69 72;6 79 82;2 82 84;1 96 97;7 104 110;2 110 112;2 124 126;6 132 138;0 141 142;1 146 147;2 151 152
0 13 14;1 23 24;0 31 32;5 32 34;8 50 53;0 63 64;6 64 67;0 71 72;6 88 91;1 98 99;8 108 112;0 116 117;5 132 134;1 136 137;2 156 158;8 197 201;8 201 204;1 213 214;5 219 221;1 232 233;2 263 265;6 294 297;8 302 305;1 311 312;0 315 316;2 322 323;5 323 324
2 27 29;2 46 48;0 54 55;0 62 64;0 65 66;8 96 99;6 117 123;6 144 147;8 166 169;8 172 175;0 176 177;0 177 178;8 202 205;8 224 228;2 230 231;5 231 232
8 2 6;5 11 13;6 22 25;8 44 48;6 66 69;8 74 77;0 78 79;0 89 90;2 96 97
0 6 7;1 16 17;8 30 33;0 36 37;0 37 38;1 41 42;5 52 54;6 70 73;1 73 74;8 75 79;5 79 81;8 87 91;0 99 100;1 108 109;1 114 115;2 128 130;7 136 142;0 147 148;0 171 173;1 183 184;0 189 190;0 199 200;2 206 207
0 15 16;0 16 17;1 22 23;1 25 26;0 31 32;6 52 55;8 81 85;2 87 88
0 57 58;0 72 73;0 73 74;1 79 80;1 82 83;0 88 89;0 107 108;0 108 109;1 116 117;0 122 123;0 123 124;6 124 127;6 133 136;0 137 138;0 154 156;2 177 178
0 5 6;6 21 26;8 26 30;8 32 36;6 36 39;2 44 47;6 53 58;6 63 68;6 70 73;8 77 80;1 82 83;6 86 89;8 92 95;2 106 107
0 7 8;0 19 20;0 20 21;1 26 27;1 29 30;0 39 40;2 104 105
6 15 20;6 29 34;1 42 43;0 69 71;2 88 89
5 4 6;0 15 17;0 20 21;6 31 34;3 38 40;9 71 73;3 74 76;0 78 80;0 91 93;1 98 99;2 112 113
0 13 15;8 35 39;5 39 41;6 45 50;8 50 54;6 57 62;6 65 68;1 68 69;0 78 79;7 104 109;0 128 129;0 129 130;3 135 137;6 148 153;5 153 155;6 159 164;0 174 175;1 183 184;5 189 191;8 197 201;1 222 223;8 225 229;8 245 248;9 257 260;2 285 286
1 31 32;8 33 38;8 48 52;0 84 85;2 100 102;0 102 104;1 112 113;2 115 117;6 130 135;2 137 138
0 8 10;2 17 19;8 22 25;6 42 46;8 53 56;7 67 73;0 80 81;6 92 95;8 102 105;2 107 108
1 15 16;7 24 30;1 38 39;6 47 52;6 72 77;2 87 88
0 9 10;6 28 33;8 33 37;5 37 39;0 54 55;0 71 73;6 80 85;0 93 95;1 100 101;2 114 115
0 11 13;0 18 19;6 30 33;0 34 35;8 35 38;0 41 43;1 59 60;0 67 68;2 79 80
6 9 14;0 20 21;0 21 22;1 27 28;1 30 31;0 36 37;0 82 83;0 83 84;5 98 100;6 104 107;0 126 127;1 133 134;0 156 157;2 172 174;0 174 176;8 179 182;2 208 209
1 6 7;0 23 24;0 34 35;0 35 36;6 36 39;0 52 53;0 53 54;0 63 64;2 70 71
0 14 15;8 38 43;0 49 50;0 50 51;1 56 57;1 59 60;0 65 66;5 84 86;5 99 101;6 113 116;2 116 118;6 176 179;0 185 186;2 196 197
6 7 10;2 10 12;2 61 62
6 3 7;8 30 34;5 36 38;1 47 48;1 53 54;0 59 60;0 69 70;2 76 77
6 4 8;0 17 18;8 31 35;2 51 53;6 70 74;8 90 94;8 117 121;2 123 124
0 7 8;1 34 35;0 43 44;0 54 55;2 61 62
1 31 32;8 35 39;0 42 43;9 56 60;1 100 101;0 105 106;8 122 125;8 129 133;1 135 136;9 142 145;6 155 158;6 179 182;0 188 189;2 222 224;6 241 244;1 257 258;6 259 263;1 263 264;6 267 271;6 273 276;3 284 286;6 287 292;6 292 295;2 305 306
1 19 20;0 25 26;1 32 33;1 49 50;5 71 73;3 75 77;0 84 85;2 100 102;0 102 104;8 107 110;2 136 137
6 18 21;0 24 25;0 40 41;1 77 78;2 82 84;6 87 90;1 92 93;0 107 108;0 108 109;1 112 113;2 117 118
8 28 33;6 33 36;2 64 66;0 66 68;3 82 84;0 91 92;8 103 106;2 117 118
6 2 5;8 15 19;2 35 37;8 40 44;0 48 50;0 53 54;6 76 79;2 89 90
8 1 4;0 21 23;2 28 31;8 34 37;6 58 63;0 71 73;2 82 83
6 8 13;6 13 17;6 70 73;6 78 82;2 96 98;5 114 116;6 117 122;6 124 128;0 132 134;7 147 152;0 163 165;2 177 180;3 189 191;1 201 202;0 220 221;2 236 238;0 238 240;1 248 249;2 251 253;2 259 261;1 266 267;0 273 274;2 283 284
6 50 54;2 69 71;8 74 77;2 98 99
2 11 14;0 27 29;0 36 37;0 37 38;6 38 41;0 53 55;1 58 59;1 101 102;0 129 130;2 140 141
6 15 20;0 28 30;8 43 47;5 47 49;0 65 67;0 76 78;0 90 92;6 104 107;1 116 117;2 121 122
2 7 9;0 9 11;0 40 41;0 41 42;5 68 70;2 75 76
2 11 14;0 27 29;1 64 65;0 71 72;0 86 88;0 121 123;0 124 125;8 143 146;2 157 158
5 2 4;0 12 13;0 30 32;3 39 41;0 44 45;2 57 60;3 69 71;0 80 81;0 81 82;8 98 102;0 106 108;1 111 112;5 140 142;3 213 215;2 228 229
0 6 7;0 13 14;1 14 15;0 18 19;0 19 20;2 27 29;6 42 46;6 51 55;0 57 58;0 65 66;7 83 88;2 124 125
5 2 4;6 16 19;1 21 22;0 36 37;6 59 62;1 90 91;6 93 96;0 97 98;0 98 99;1 102 103;1 119 120;0 123 124;5 133 135;2 139 140
5 6 8;6 24 29;8 29 33;5 33 35;0 49 51;0 71 73;0 82 84;2 90 93;1 99 100;1 139 140;0 143 144;5 157 159;3 162 164;6 171 176;0 180 182;0 183 184;2 194 195
8 4 8;0 49 50;8 63 67;5 67 69;8 81 86;0 88 89;8 109 114;0 116 117;0 117 118;3 123 125;8 140 144;6 151 155;3 162 164;0 167 168;0 194 195;6 217 220;0 226 227;1 231 232;2 236 237
6 2 5;0 21 22;0 45 46;5 59 61;0 70 71;6 80 83;2 101 102
0 8 10;6 42 47;7 47 52;1 57 58;6 66 69;0 70 71;2 90 93;6 96 100;6 114 118;1 120 121;6 123 126;2 152 153
8 8 12;4 12 14;8 18 22;0 24 25;3 42 44;6 47 51;2 76 78;6 97 102;5 109 111;0 119 120;1 126 127;8 132 136;8 139 143;6 143 146;2 172 173
0 2 3;0 20 22;1 31 32;6 40 43;6 42 46;8 51 55;0 57 58;0 58 59;1 66 67;6 72 76;0 81 82;6 104 108;5 115 117;1 135 136;6 137 142;2 148 149
1 30 31;0 44 45;0 68 69;0 69 70;0 88 89;5 98 100;8 108 112;8 112 115;1 120 121;2 125 126
5 16 18;5 41 43;8 60 64;3 64 66;8 73 76;2 93 94
5 6 8;2 19 21;2 26 29;6 35 40;8 40 44;5 44 46;1 61 62;8 64 68;0 68 69;3 77 79;0 84 85;0 85 86;3 92 94;2 120 121
2 8 10;3 18 20;8 24 28;0 46 48;1 53 54;8 56 60;0 94 95;0 95 96;1 103 104;0 117 119;2 128 129
6 4 7;0 14 16;0 29 31;1 36 37;5 61 63;1 65 66;2 87 90;0 104 106;2 111 113;2 119 121;0 121 123;1 132 133;8 135 139;8 144 148;6 156 161;5 161 163;2 167 168
0 17 18;0 27 28;0 44 46;0 49 50;0 73 74;1 78 79;2 83 84
0 30 31;5 53 55;1 57 58;6 90 95;1 102 103;0 113 114;8 130 134;0 137 138;8 138 141;0 161 162;1 169 170;6 175 178;2 192 193
1 30 31;0 44 45;0 96 97;0 106 107;0 107 108;1 111 112;2 116 117
0 15 16;8 54 57;2 132 133
0 2 3;0 20 22;1 31 32;0 50 51;0 73 75;2 84 85
2 7 9;8 27 30;3 36 38;0 43 44;2 55 57;0 67 68;2 81 83;6 101 104;2 144 147;0 176 177;0 190 191;2 220 221
8 4 7;0 15 16;6 38 42;2 48 50;0 50 52;6 81 86;8 86 90;1 95 96;6 103 107;7 117 122;2 139 140
5 8 10;0 15 16;5 27 29;8 42 46;0 46 47;0 53 54;1 54 55;0 60 61;5 84 86;1 90 91;6 119 124;8 124 128;6 131 135;6 162 167;8 167 171;8 174 178;5 180 182;0 206 207;0 207 208;1 211 212;2 216 217
1 6 7;6 16 19;8 29 33;7 38 43;2 50 52;0 52 54;3 59 61;3 65 67;6 72 75;0 76 77;6 92 97;9 98 101;2 108 110;0 120 121;0 141 142;0 142 143;1 146 147;2 151 152
3 10 12;0 17 18;1 47 48;1 65 66;0 113 114;0 114 115;6 127 130;1 132 133;8 148 151;3 156 158;9 159 164;1 169 170;8 173 177;6 177 180;9 190 193;1 200 201;6 217 220;1 222 223;7 230 235;2 237 238
1 6 7;0 22 23;1 30 31;0 58 59;5 63 65;2 69 70
6 7 10;0 34 35;5 46 48;8 56 60;0 64 65;2 79 81;3 98 100;5 109 111;6 124 129;2 131 133;0 146 147;2 157 158
6 7 10;6 27 32;7 32 37;5 49 51;8 53 57;1 59 60;8 67 70;2 96 98;0 104 105;0 137 138;0 160 161;1 165 166;2 170 171
6 12 15;8 18 21;1 47 48;0 58 59;0 91 92;0 110 111;0 111 112;1 115 116;2 120 121
8 4 7;1 9 10;0 21 22;2 45 47;0 79 80;0 90 91;6 117 121;8 159 163;1 171 172;0 175 176;5 193 195;6 196 200;1 227 228;6 229 234;2 236 237
0 7 8;1 25 26;8 28 32;0 32 33;8 64 68;0 68 69;0 69 70;6 70 73;6 81 84;5 87 89;5 108 110;2 112 115;6 121 126;6 128 131;8 130 135;6 135 138;6 163 166;8 178 182;8 188 191;2 202 203
0 7 8;1 34 35;2 72 75;3 84 86;0 100 101;2 152 153
6 2 5;2 11 13;0 13 15;0 22 23;1 37 38;0 43 44;0 63 64;0 89 90;1 94 95;2 99 100
6 7 11;6 19 24;8 24 28;1 32 33;0 36 37;0 47 48;5 59 61;1 68 69;6 78 83;7 90 95;8 102 105;1 106 107;1 118 119;1 123 124;6 134 137;0 143 144;0 144 145;1 148 149;2 153 154
0 5 6;6 23 28;8 38 42;8 51 55;6 55 58;8 61 64;2 75 76
0 10 11;2 25 28;6 31 35;5 35 37;6 59 65;8 65 69;8 85 89;6 130 135;8 151 155;0 167 168;8 168 171;0 191 192;1 199 200;2 223 224
1 14 15;0 32 33;8 61 65;2 69 70
6 14 19;6 27 31;2 46 47
0 17 18;2 40 42;1 48 49;0 91 93;1 114 115;6 120 123;8 127 130;6 132 135;0 138 139;0 139 140;1 147 148;5 159 161;5 163 165;0 173 174;0 174 175;0 190 191;0 200 201;0 201 202;1 205 206;2 210 211
0 12 13;6 47 52;8 52 56;6 59 63;1 65 66;8 68 72;2 98 99
0 7 8;0 17 18;0 26 28;6 44 49;6 54 59;0 71 72;0 78 79;1 79 80;0 83 84;0 84 85;2 108 110;8 113 117;5 117 119;9 129 133;8 162 166;0 170 171;6 184 188;6 198 202;8 204 208;5 223 225;7 226 231;2 248 250;0 253 255;3 257 259;0 264 265;5 276 278;0 283 285;0 299 301;6 315 320;6 329 333;9 347 351;0 362 364;2 373 374
5 9 11;0 14 16;8 19 23;0 27 28;8 45 48;2 85 88;1 119 120;0 124 125;0 134 135;0 142 143;0 156 157;0 157 158;1 163 164;0 174 175;2 198 200;1 207 208;6 209 213;5 213 215;2 222 224;0 231 232;0 240 241;6 256 259;0 266 267;0 279 280;0 320 321;1 325 326;2 330 331
0 15 17;0 18 19;0 19 20;0 25 26;1 26 27;0 32 33;0 49 50;2 55 57;2 75 76
0 7 8;0 22 23;0 23 24;1 29 30;1 32 33;0 38 39;0 50 51;8 78 82;0 99 100;0 115 116;8 134 137;0 144 145;0 145 146;1 155 156;0 161 162;0 173 174;0 174 175;1 180 181;0 193 194;0 204 205;2 211 212
5 15 17;1 19 20;6 79 82;2 82 84;1 90 91;1 113 114;6 115 120;2 122 123
1 6 7;2 16 18;5 21 23;1 25 26;0 42 43;0 43 44;1 49 50;1 52 53;0 58 59;0 85 86;2 95 96
6 4 7;6 11 14;0 24 25;8 46 51;1 57 58;6 73 76;2 76 78;2 94 96;0 105 106;2 115 116
6 4 7;0 15 16;8 31 36;1 42 43;6 58 61;2 61 63;7 81 86;6 115 118;0 124 125;0 134 135;0 135 136;4 139 141;2 144 145
6 4 7;0 15 16;0 16 17;8 33 37;1 43 44;1 57 58;2 60 62;6 76 79;2 79 81;1 99 100;6 109 112;3 118 120;6 121 126;6 126 129;2 139 140
6 2 5;5 19 21;0 42 43;0 43 44;1 49 50;1 52 53;0 58 59;6 74 79;2 81 83;0 96 97;2 107 108
4 4 6;1 11 12;1 21 22;4 35 37;4 40 42;6 42 45;0 51 52;5 63 65;1 71 72;2 79 81;2 110 112;2 118 120;6 123 127;3 129 131;6 147 152;2 204 205
2 19 21;6 54 57;8 72 76;0 76 77;1 107 108;1 126 127;8 128 133;0 139 140;0 164 165;8 176 180;8 180 183;2 194 195
0 18 20;2 36 38;0 38 40;1 46 47;8 51 55;0 64 66;3 68 70;0 82 83;6 96 101;2 107 108
2 18 20;1 30 31;2 33 35;5 38 40;1 42 43;1 64 65;1 81 82;6 83 88;6 88 93;3 95 97;6 102 105;2 126 127
5 6 8;2 16 18;1 25 26;8 79 83;5 83 85;8 92 96;1 106 107;1 113 114;1 127 128;1 166 167;1 179 180;5 187 189;0 193 194;2 204 205
6 50 55;0 58 59;0 59 60;1 63 64;2 68 69
1 8 9;0 17 18;6 43 48;8 52 57;0 72 73;1 77 78;2 82 83
3 12 14;1 31 32;1 47 48;0 57 58;5 58 60;1 68 69;1 84 85;1 101 102;6 103 108;2 114 115
1 2 3;0 14 15;1 34 35;6 38 42;3 44 46;1 63 64;0 81 83;6 99 104;0 112 114;2 123 124
0 2 4;3 6 8;0 13 14;1 32 33;0 38 39;1 45 46;0 51 52;0 63 64;0 64 65;6 65 68;6 80 84;3 99 101;3 105 107;5 114 116;7 139 145;0 150 152;1 163 164;2 168 169
0 2 4;3 6 8;0 13 14;0 29 30;1 46 47;0 52 53;5 53 55;2 69 71;5 97 99;1 135 136;2 140 141
0 13 15;0 16 17;5 32 34;2 38 40;0 52 54;2 57 59;8 62 65;0 68 69;6 88 93;8 93 97;8 100 104;8 114 117;0 120 121;1 127 128;0 131 132;3 141 143;1 150 151;6 164 169;7 172 178;0 178 179;6 179 182;5 188 190;1 199 200;5 214 216;6 243 248;6 257 262;2 277 279;0 279 281;8 284 287;2 294 296;3 302 304;0 316 317;6 326 329;2 362 363
1 4 5;1 13 14;8 19 22;1 26 27;6 38 43;0 51 52;8 81 84;6 89 92;0 93 94;0 122 123;0 146 147;1 175 176;2 212 213
6 18 21;0 24 25;0 40 41;6 110 114;8 116 120;8 128 131;2 143 145;8 148 151;0 154 155;2 173 176;0 182 183;0 183 184;1 187 188;1 206 207;0 210 211;0 222 223;3 229 231;2 245 247;0 247 249;2 270 272;0 272 274;8 277 280;0 287 288;5 299 301;0 316 317;8 333 336;0 356 357;0 371 372;8 384 387;1 400 401;1 405 406;2 419 420
5 6 8;1 26 27;5 42 44;1 46 47;6 66 70;6 78 83;1 94 95;3 104 106;3 149 151;0 158 159;6 181 184;3 203 205;0 207 209;7 214 215;8 248 251;6 251 256;8 260 263;2 274 275
6 2 5;0 6 7;0 22 23;0 33 34;0 34 35;6 35 38;0 52 53;0 66 67;0 88 89;0 104 105;1 115 116;0 123 124;6 135 138;2 149 150
0 8 9;0 30 31;6 44 49;0 49 50;0 50 51;0 61 62;8 79 84;1 84 85;5 92 94;0 100 101;0 111 112;2 118 119
0 7 8;0 29 30;0 30 31;6 31 34;0 51 53;1 70 71;0 74 75;0 85 86;5 97 99;0 111 112;1 119 120;6 130 134;2 140 141
0 7 8;2 13 15;8 18 21;6 25 30;6 30 35;6 38 42;1 42 43;8 48 52;6 62 66;8 77 81;5 81 83;0 95 96;1 103 104;6 114 118;2 124 125
0 7 8;2 13 15;8 18 21;0 29 30;0 30 31;3 36 38;3 43 45;8 46 50;5 56 58;1 66 67;8 87 91;5 97 99;6 115 121;6 139 145;6 153 158;0 163 164;0 164 165;6 165 168;8 175 179;8 195 199;6 205 209;6 211 214;1 214 215;6 216 221;6 232 236;0 236 237;0 237 238;0 251 252;0 252 253;6 256 259;6 272 277;1 290 291;0 296 297;8 297 300;2 302 304;0 304 306;2 322 324;2 329 331;2 351 353;6 356 359;1 366 367;1 381 382;7 383 388;6 393 397;2 403 404
0 9 11;3 26 28;0 31 32;6 36 39;0 62 64;1 69 70;1 85 86;9 87 91;8 104 108;5 108 110;1 112 113;1 117 118;1 125 126;6 133 136;2 144 145
0 8 9;0 9 10;1 15 16;1 18 19;0 24 25;6 36 39;1 54 55;6 61 65;7 74 79;1 81 82;1 85 86;6 91 95;6 113 117;2 141 142
1 2 3;0 10 11;2 30 32;1 37 38;1 55 56;8 72 76;0 76 77;6 112 116;2 118 119
5 7 9;0 16 17;5 21 23;1 25 26;5 38 40;0 45 46;5 50 52;1 54 55;0 65 66;0 66 67;0 76 77;2 83 84
5 2 4;3 7 9;8 13 17;3 19 21;7 28 33;5 50 52;1 69 70;2 101 103;8 119 123;2 127 128
1 6 7;0 22 23;1 30 31;0 46 48;1 73 74;6 82 86;2 92 93
2 11 13;7 33 38;2 46 48;1 53 54;0 85 86;2 96 97
3 9 11;0 14 15;2 24 26;0 36 38;1 53 54;6 74 79;2 81 83;8 86 89;8 98 102;2 106 107
0 14 16;0 17 18;5 29 31;8 39 43;0 47 48;0 65 67;0 68 69;5 78 80;9 81 86;8 99 103;1 105 106;6 116 119;6 131 134;6 150 153;6 168 173;8 197 201;0 211 213;2 222 223
5 4 6;0 11 13;0 16 17;1 37 38;8 49 53;3 53 55;7 70 75;6 83 86;6 100 103;0 107 108;1 115 116;8 121 124;0 125 126;6 154 157;2 159 161;3 170 172;2 189 190
5 32 34;1 36 37;0 64 66;2 71 73;6 88 92;1 113 114;2 129 130
6 9 12;2 25 27;0 39 40;3 46 48;0 69 70;8 115 119;6 122 128;0 136 138;2 149 151;0 151 153;2 159 161;6 164 168;3 170 172;0 175 176;1 187 188;6 190 193;5 209 211;2 215 216
1 6 7;8 44 49;1 51 52;0 58 59;8 63 66;0 69 70;6 74 77;8 108 112;0 119 120;6 135 140;3 147 149;2 199 200
2 10 13;0 35 36;0 63 64;5 97 99;0 106 108;6 115 120;5 120 122;2 128 129
0 11 12;5 21 23;6 34 39;0 44 45;2 50 52;8 55 58;0 72 73;1 79 80;6 91 96;0 96 97;1 115 116;0 121 122;1 128 129;6 146 149;1 151 152;6 161 166;7 166 171;0 179 180;6 201 204;0 210 211;2 221 222
6 4 7;5 29 31;6 32 37;5 39 41;7 42 48;1 68 69;1 73 74;0 82 83;0 83 84;0 93 94;2 100 101
8 4 8;8 24 28;0 30 31;8 53 57;0 63 64;6 73 77;0 95 96;0 96 97;6 100 103;2 131 132
6 2 5;6 30 34;8 42 46;1 53 54;0 73 74;2 84 85
0 7 9;6 12 15;0 24 25;0 30 31;8 49 53;8 53 56;8 56 60;1 66 67;1 71 72;2 81 82
0 29 31;6 34 37;0 46 47;0 52 53;5 73 75;6 88 93;0 125 126;6 152 155;7 162 168;3 187 189;8 193 197;6 213 216;0 241 242;2 252 253
0 7 9;1 12 13;0 18 19;2 39 41;6 44 47;0 48 49;0 70 71;5 84 86;0 105 107;5 110 112;2 118 119
0 15 17;6 20 23;0 39 40;0 45 46;6 66 69;1 71 72;6 80 84;6 86 89;0 90 91;0 91 92;1 97 98;2 119 122;3 131 133;1 146 147;6 182 185;2 200 201
8 6 10;8 19 24;1 34 35;1 54 55;6 60 65;1 75 76;0 81 82;0 82 83;6 83 86;6 94 99;1 105 106;0 111 112;0 112 113;1 120 121;6 139 144;1 154 155;1 174 175;0 193 195;2 204 205
1 6 7;1 45 46;5 53 55;0 75 77;8 114 117;2 138 139
3 10 12;8 27 31;0 35 37;6 40 45;2 78 80;0 96 97;0 104 105;5 130 132;1 148 149;0 160 161;5 172 174;0 179 181;8 192 195;0 196 197;8 212 216;9 220 224;0 235 237;2 246 247
6 4 8;0 13 14;6 23 27;1 35 36;5 48 50;1 54 55;1 66 67;6 74 78;5 80 82;6 85 89;1 96 97;5 100 102;5 109 111;1 115 116;8 131 136;6 138 141;0 160 161;0 161 162;3 167 169;1 176 177;5 184 186;0 191 192;0 199 200;0 200 201;5 204 206;0 215 216;2 237 238
1 4 5;1 13 14;8 35 40;5 40 42;0 54 55;1 62 63;6 73 77;2 85 86
0 13 14;0 14 15;1 20 21;8 26 29;8 56 60;0 70 72;2 81 82
6 28 33;1 33 34;0 43 44;6 48 51;0 57 58;6 70 75;0 78 79;8 83 86;3 103 105;6 109 114;0 117 118;8 122 125;0 135 136;6 164 168;2 176 178;0 189 190;2 195 197;0 220 221;0 221 222;6 222 225;1 236 237;1 244 245;2 258 260;3 274 276;0 279 280;6 289 292;2 313 314
1 6 7;0 28 29;0 29 30;1 33 34;9 47 52;0 63 65;2 74 75
1 2 3;0 12 13;6 17 20;0 23 24;8 28 31;6 55 60;8 60 63;1 93 94;8 102 105;3 119 121;1 137 138;0 148 150;5 155 157;2 165 168;8 171 174;0 194 195;0 201 202;1 202 203;0 206 207;0 207 208;0 226 228;2 233 236;8 239 242;6 251 254;0 265 267;1 270 271;2 275 276
1 2 3;7 10 15;7 22 27;0 42 43;6 59 63;1 75 76;2 80 81
8 8 12;1 16 17;6 18 23;6 23 26;0 35 37;1 56 57;6 64 67;2 77 78
0 10 11;0 25 26;0 26 27;6 39 43;5 54 56;9 79 82;6 89 94;3 100 102;2 109 111;8 114 117;6 121 126;8 126 130;2 153 154
6 2 5;6 27 31;2 33 35;8 38 41;8 41 45;2 53 54
1 7 8;0 15 16;0 23 25;6 49 52;8 60 64;8 85 89;1 99 100;1 103 104;0 111 112;0 112 113;6 122 125;1 127 128;0 142 143;0 143 144;1 147 148;2 152 153
0 9 11;6 22 25;0 39 40;0 51 52;1 60 61;8 70 75;0 81 83;1 86 87;1 116 117;3 129 131;3 157 159;0 185 186;3 240 242;3 251 253;2 268 269
1 6 7;6 28 33;0 36 37;1 64 65;3 78 80;0 114 116;3 147 149;0 152 153;2 199 200
0 8 10;1 13 14;2 18 20;1 27 28;6 29 33;5 42 44;7 45 50;5 54 56;2 62 64;6 74 79;3 81 83;1 107 108;1 140 141;7 142 147;0 161 162;0 167 168;0 185 186;3 192 194;5 210 212;8 217 221;0 231 233;2 242 243
0 8 10;1 29 30;0 35 36;1 44 45;7 56 61;2 88 91;1 98 99;6 109 113;6 115 120;8 125 129;3 146 148;5 155 157;6 178 181;1 183 184;2 197 198
5 2 4;0 12 13;2 28 30;0 30 32;1 39 40;9 52 57;6 70 74;0 82 84;0 100 101;0 108 109;3 115 117;0 126 127;5 136 138;0 145 147;0 160 162;2 171 172
0 7 8;2 13 15;8 18 21;6 26 29;1 29 30;6 31 36;1 43 44;6 45 49;1 65 66;6 67 71;0 71 72;0 72 73;6 73 76;0 83 84;0 84 85;1 113 114;0 117 118;0 118 119;0 132 133;0 133 134;6 137 140;1 150 151;6 154 159;1 172 173;8 176 180;0 183 185;8 188 192;2 198 200;2 205 207;0 225 227;1 235 236;1 253 254;2 269 271;0 271 273;6 276 279;1 281 282;0 295 296;2 306 307
0 7 8;1 16 17;6 28 32;8 37 42;0 45 47;6 50 53;0 66 67;0 90 92;1 99 100;0 103 104;0 104 105;1 112 113;6 118 121;1 123 124;6 138 143;2 145 146
1 4 5;1 18 19;6 20 25;0 28 29;0 29 30;0 38 39;0 55 56;0 65 66;4 82 84;0 84 85;0 110 111;8 115 118;6 127 130;0 132 133;0 163 164;8 168 171;8 202 206;8 206 209;1 214 215;2 219 220
0 7 8;0 17 18;0 34 35;0 44 45;4 61 63;0 63 64;0 89 90;8 94 97;6 106 109;0 111 112;0 142 143;8 147 150;8 164 167;3 176 178;1 192 193;0 198 199;1 210 211;6 233 236;0 239 240;0 255 256;7 268 274;0 282 283;0 283 284;6 284 287;6 309 312;0 313 314;0 333 334;0 343 344;0 344 345;1 348 349;2 353 354
2 7 9;2 23 25;6 66 70;5 70 72;2 78 80;2 86 88;6 91 95;6 118 124;8 147 150;8 152 156;6 158 161;1 163 164;5 167 169;0 202 203;1 214 215;0 223 224;6 243 247;8 255 259;6 261 264;7 279 284;2 286 287
0 8 9;0 24 26;6 53 57;0 62 63;0 74 75;2 117 119;2 151 153;0 159 160;2 169 171;0 181 182;8 198 202;1 202 203;1 216 217;8 219 223;6 238 241;1 247 248;2 252 253
8 4 8;7 21 22;6 45 49;1 49 50;6 55 59;1 79 80;0 86 87;0 96 97;5 101 103;2 107 108
0 10 11;0 29 31;3 39 41;0 44 45;2 54 56;2 73 75;3 81 83;8 108 112;8 115 119;1 121 122;0 135 136;8 147 151;5 151 153;0 174 176;8 199 202;6 204 209;8 217 221;2 237 239;8 242 246;0 264 265;0 265 266;6 269 272;8 282 285;2 303 304
0 15 16;0 26 27;1 31 32;3 48 50;1 60 61;5 68 70;2 74 75
6 9 12;3 19 21;0 28 29;6 52 55;0 56 57;1 74 75;8 83 87;0 92 94;5 107 109;3 141 143;0 146 147;0 164 166;1 175 176;0 184 185;0 212 213;8 229 233;2 251 252
0 14 16;0 73 75;1 80 81;6 88 93;0 95 96;1 100 101;1 116 117;6 118 123;5 129 131;2 135 137;0 137 139;1 146 147;6 151 156;1 165 166;6 167 172;5 211 213;0 218 220;0 221 222;1 228 229;5 274 276;0 281 283;0 284 285;0 285 286;6 286 289;0 294 295;0 310 311;0 327 328;1 338 339;1 352 353;8 355 359;1 361 362;2 383 384
5 8 10;0 15 17;0 24 25;0 44 45;5 76 78;1 92 93;0 103 105;0 106 107;0 118 119;0 132 133;0 200 201;0 208 210;0 248 249;0 263 265;1 268 269;1 282 283;8 285 289;1 291 292;2 314 315
6 4 7;1 10 11;1 19 20;8 34 39;0 39 40;0 67 69;0 70 71;0 71 72;8 101 105;1 112 113;1 116 117;1 130 131;8 133 137;1 139 140;2 160 161
6 2 5;0 24 25;1 31 32;0 50 51;2 56 58;7 78 84;6 95 99;6 102 107;7 114 119;8 126 130;3 134 136;2 157 158
1 4 5;1 13 14;8 19 22;1 26 27;8 38 42;0 42 43;0 56 57;0 63 65;2 86 87
8 2 6;2 11 13;0 13 15;6 18 21;2 23 25;8 28 31;0 34 35;1 41 42;3 54 56;8 69 73;5 73 75;8 85 89;6 89 92;8 96 100;1 116 117;2 121 122
0 13 15;6 23 26;2 26 28;8 31 34;0 47 48;1 54 55;6 62 65;2 65 67;5 90 92;3 95 97;8 101 105;6 111 116;7 116 121;6 134 139;8 146 150;6 166 169;8 169 173;1 187 188;0 191 192;5 220 222;0 226 227;1 258 259;3 267 269;0 272 273;0 295 297;2 306 307
8 7 10;2 21 23;8 26 30;0 41 42;3 48 50;1 105 106;1 144 145;8 162 165;1 181 182;8 212 216;5 216 218;2 237 239;1 245 246;8 257 262;0 265 266;8 266 269;2 273 275;0 275 277;6 280 283;8 287 290;2 294 295
6 2 5;0 6 7;0 24 26;0 45 47;7 53 59;6 86 89;2 91 93;0 111 112;6 121 124;8 136 140;0 150 152;2 161 162
8 2 6;3 6 8;0 13 14;1 31 32;8 57 61;3 61 63;0 68 69;0 69 70;5 89 91;2 93 96;2 133 134
6 7 10;1 19 20;2 29 31;1 43 44;6 45 50;8 58 62;8 64 69;6 72 78;5 86 88;1 90 91;6 103 108;0 123 124;2 134 135
6 7 10;0 67 68;1 72 73;2 77 78
1 16 17;1 24 25;0 56 57;2 67 68
0 14 15;5 24 26;6 34 39;6 61 65;6 129 133;6 149 152;6 167 172;8 196 200;8 206 209;2 228 229
0 7 8;3 30 32;0 37 38;8 79 83;1 87 88;7 89 94;5 96 98;2 113 115;1 122 123;6 130 133;0 150 151;6 165 168;1 170 171;7 180 185;2 187 188
4 40 42;4 42 44;4 44 46
1 4 5;8 10 13;8 35 39;5 43 45;6 55 60;8 69 72;1 79 80;2 104 105
0 9 11;2 14 16;8 19 22;6 33 38;7 38 43;0 67 69;8 72 76;2 81 83;3 92 94;6 103 109;2 120 121
6 4 9;8 9 13;1 30 31;3 39 41;1 61 62;3 78 80;2 84 85
1 19 20;3 32 34;8 38 42;2 48 50;2 56 58;8 61 65;2 68 70;0 70 72;6 75 78;6 82 85;1 89 90;2 94 95
6 13 16;0 17 18;6 60 63;0 64 65;2 75 76
6 11 14;8 23 27;6 32 36;6 42 45;3 49 51;2 55 56
0 2 3;0 23 24;8 36 40;1 51 52;1 59 60;0 65 67;3 69 71;0 81 82;2 92 93
1 19 20;1 27 28;0 33 35;3 37 39;0 44 45;2 60 62;0 62 64;8 67 70;8 74 78;0 88 90;1 99 100;2 114 115
5 6 8;6 14 17;1 17 18;0 27 28;1 67 68;6 79 85;2 95 96
5 6 8;5 13 15;1 17 18;6 25 28;1 38 39;6 46 49;3 66 68;0 75 76;0 83 85;2 104 106;0 106 108;2 114 116;5 119 121;6 136 141;0 144 145;0 145 146;1 149 150;2 154 155
6 69 74;5 83 85;6 93 98;6 100 104;5 108 110;1 114 115;8 118 122;2 122 123
0 8 9;5 13 15;8 45 49;0 68 69;5 73 75;6 78 81;0 89 90;0 90 91;1 94 95;2 99 100
8 8 11;2 15 17;5 34 36;2 40 41
6 8 11;0 19 20;8 24 27;2 29 30
2 12 14;5 33 35;6 39 42;1 54 55;0 60 61;2 71 72
6 2 5;6 15 18;6 20 25;9 26 29;1 78 79;8 90 94;3 96 98;1 135 136;2 140 141
0 6 7;5 11 13;6 30 36;5 36 38;7 42 48;8 50 54;6 80 83;6 88 91;8 96 99;5 104 106;2 110 111
3 4 6;0 15 16;8 25 28;0 40 41;6 45 48;5 89 91;1 99 100;0 105 106;0 106 107;0 133 134;0 134 135;1 138 139;2 143 144
0 19 20;0 20 21;1 28 29;5 36 38;1 57 58;8 75 79;1 83 84;1 109 110;1 134 135;0 140 141;0 141 142;2 157 159;8 162 166;0 203 204;1 208 209;2 213 214
2 13 15;6 18 21;0 38 39;0 39 40;6 40 43;1 43 44;2 48 49
1 8 9;8 23 27;6 29 32;0 41 42;0 42 43;1 74 75;6 119 123;0 128 129;6 133 136;1 147 148;2 163 165;8 187 191;0 199 200;0 200 201;2 226 228;6 231 234;0 235 236;0 236 237;1 244 245;6 262 267;2 269 270
2 24 26;8 29 32;7 42 47;6 88 91;0 97 98;1 102 103;2 107 108
0 6 7;0 14 16;6 43 47;0 58 59;6 78 82;1 86 87;2 99 100
2 62 63
1 2 3;2 7 9;5 20 22;8 25 28;6 51 56;1 58 59;1 69 70;6 83 88;0 96 97;0 97 98;5 101 103;1 110 111;8 121 125;1 125 126;1 141 142;0 145 146;2 175 176
1 2 3;2 7 9;6 30 33;0 38 39;0 39 40;1 47 48;2 55 57;6 77 82;0 85 86;6 90 93;8 98 101;1 147 148;2 154 156;6 159 162;1 164 165;1 171 172;1 193 194;6 226 229;0 241 242;0 242 243;1 248 249;3 263 265;2 291 292
0 15 17;1 20 21;8 26 30;0 34 36;5 41 43;2 55 57;3 63 65;0 73 74;6 104 107;0 108 109;0 131 132;3 140 142;0 164 165;2 188 189
0 21 22;0 41 43;8 58 61;6 75 79;0 79 80;5 80 82;0 105 106;0 106 107;2 138 139
0 44 45;0 45 46;1 51 52;6 59 62;0 67 68;0 76 78;0 79 80;0 80 81;1 86 87;3 101 103;8 108 112;0 116 117;6 140 143;6 145 150;2 156 157
1 2 3;2 7 9;0 23 25;8 40 43;6 57 61;0 66 68;0 71 72;0 79 81;2 96 98;0 98 100;6 103 106;1 108 109;0 122 123;2 133 134
0 26 27;0 34 35;2 40 42;1 63 64;0 67 68;0 68 69;1 77 78;0 86 87;0 87 88;0 125 127;0 132 133;0 139 140;1 140 141;0 144 145;0 145 146;6 163 167;0 172 173;1 179 180;1 189 190;0 205 206;1 213 214;6 224 228;2 234 235
6 7 10;0 30 31;1 37 38;0 77 78;0 89 90;0 108 109;8 121 125;0 132 134;0 137 138;1 168 169;1 176 177;6 178 183;8 185 189;0 195 197;0 204 205;2 228 229
6 12 15;8 23 27;3 35 37;6 77 81;5 91 93;2 97 98
1 2 3;2 7 9;6 20 23;6 33 36;6 46 51;8 51 54;1 84 85;0 96 97;2 159 160
0 2 3;0 20 22;1 31 32;0 40 41;0 52 54;2 61 63;0 66 68;3 70 72;1 83 84;0 87 88;0 88 89;6 89 92;1 110 111;2 115 116
6 18 21;0 24 25;0 40 41;1 77 78;2 82 84;0 87 89;3 91 93;6 119 124;0 127 128;1 134 135;2 143 146;3 155 157;2 199 201;0 201 203;8 217 220;5 225 227;8 235 239;0 243 244;0 257 259;0 266 268;6 271 274;0 285 287;2 292 295;8 298 301;6 310 313;0 324 326;1 329 330;2 334 335
0 6 7;5 7 9;0 14 16;2 19 21;8 27 31;5 31 33;8 43 47;5 47 49;6 53 58;0 61 62;6 66 69;0 72 73;8 77 80;0 85 86;0 86 87;6 87 90;6 114 117;7 118 123;2 145 148;0 155 156;0 165 167;8 181 186;1 199 200;1 213 214;3 230 232;3 236 238;8 272 277;6 280 286;0 289 290;0 290 291;6 291 294;8 310 314;6 317 321;1 323 324;7 326 331;2 341 342
1 16 17;1 31 32;8 68 72;8 75 79;0 85 87;0 88 89;8 107 110;2 121 122
6 2 5;0 6 7;0 24 26;1 35 36;0 44 45;0 56 58;5 90 92;1 94 95;0 98 99;0 99 100;3 105 107;5 118 120;0 128 129;6 133 136;0 154 155;6 170 173;0 174 175;1 191 192;5 199 201;0 205 206;5 210 212;2 216 217
6 4 9;8 9 13;6 15 18;6 27 31;8 33 37;6 52 56;1 60 61;5 68 70;0 74 75;0 75 76;1 79 80;2 84 85
0 2 3;0 20 22;0 32 34;0 35 36;0 36 37;1 40 41;1 45 46;2 86 88;0 91 93;3 95 97;1 108 109;0 112 113;6 117 120;1 137 138;2 142 143
6 29 34;8 41 45;5 45 47;8 53 57;0 66 67;1 75 76;0 87 89;0 90 91;0 108 109;1 121 122;1 130 131;6 143 146;2 167 169;1 180 181;0 185 186;5 197 199;3 202 204;0 227 228;2 243 245;0 245 247;8 250 254;0 261 262;6 266 269;8 296 299;2 310 311
2 7 10;1 17 18;0 21 22;6 26 29;1 38 39;0 42 43;0 43 44;6 44 47;8 53 57;5 57 59;5 64 66;8 97 102;7 111 112;6 115 120;8 143 148;0 152 154;9 180 184;7 196 201;0 208 209;0 222 223;0 223 224;1 227 228;2 232 233
8 23 27;0 33 34;5 45 47;6 61 66;8 68 72;0 72 73;1 87 88;2 92 93
6 20 24;0 30 31;6 49 53;9 67 72;1 79 80;0 94 96;1 103 104;0 107 108;6 112 115;8 120 124;1 126 127;5 148 150;5 168 170;2 174 175
5 19 21;1 23 24;3 37 39;1 48 49;0 52 53;0 53 54;6 54 57;0 67 69;5 85 87;0 100 101;0 110 111;0 111 112;1 115 116;2 120 121
2 7 10;1 17 18;0 21 22;6 40 45;8 56 60;1 66 67;0 78 80;2 83 85;8 97 100;8 122 125;2 140 141
3 4 6;3 10 12;0 15 16;5 27 29;0 54 55;0 73 74;5 74 76;0 81 83;0 84 85;6 89 92;2 121 123;8 126 129;2 140 141
2 7 10;1 17 18;0 21 22;0 22 23;6 23 26;1 36 37;0 40 41;6 45 48;0 64 66;0 82 83;3 87 89;6 99 102;0 115 116;2 128 130;0 130 132;6 135 138;0 139 140;0 166 167;1 171 172;2 176 177
0 10 11;0 19 21;6 37 42;6 47 52;0 64 65;0 71 72;1 72 73;0 76 77;0 77 78;0 89 90;8 101 104;1 105 106;0 122 124;3 129 131;1 147 148;0 164 166;1 175 176;5 184 186;2 190 191
5 6 8;1 15 16;8 18 22;1 26 27;8 28 32;1 39 40;6 60 65;7 72 77;6 82 86;2 92 93
8 7 10;1 34 35;1 62 63;0 72 73;8 92 96;5 96 98;5 103 105;3 108 110;0 133 134;8 157 161;3 165 167;0 181 183;2 188 190;0 222 223;6 232 235;5 248 250;2 257 259;0 259 261;8 264 267;6 288 293;0 301 303;2 312 313
6 2 5;0 16 17;0 24 25;0 39 40;0 40 41;1 46 47;1 49 50;0 55 56;8 84 88;6 88 91;0 92 93;0 108 109;0 126 127;0 135 136;0 136 137;6 137 140;5 148 150;1 156 157;6 164 169;0 169 170;0 170 171;0 181 182;0 193 194;0 194 195;6 195 198;1 213 214;9 215 219;2 228 230;0 242 243;0 254 255;0 274 275;0 288 289;1 293 294;2 298 299
5 1 3;0 6 8;6 27 32;6 43 46;1 48 49;0 62 63;2 73 74
0 15 17;0 22 23;1 45 46;0 54 55;5 55 57;6 68 73;6 83 86;0 96 97;6 110 115;0 118 119;2 129 130
0 7 8;0 24 25;0 25 26;1 31 32;9 40 45;1 68 69;2 75 78;2 83 85;8 102 107;8 111 116;5 116 118;1 120 121;6 131 136;8 140 144;8 146 149;0 160 161;3 165 167;5 178 180;1 188 189;8 192 196;0 200 201;0 201 202;1 209 210;1 217 218;0 232 233;2 265 266
0 2 3;0 12 13;0 13 14;1 41 42;1 59 60;0 63 64;8 103 108;1 110 111;0 126 127;1 134 135;6 145 149;2 155 156
5 4 6;1 41 42;1 53 54;0 61 62;0 69 71;0 72 73;6 88 93;1 100 101;2 112 114;6 117 120;2 120 122;2 161 162
0 6 7;8 18 22;2 28 30;6 33 36;1 45 46;1 57 58;6 59 64;2 66 67
1 8 9;1 31 32;6 35 39;1 41 42;6 44 47;6 55 60;7 60 65;0 69 70;1 74 75;2 79 80
1 18 19;1 21 22;8 36 39;0 65 66;2 89 90
5 8 10;8 17 21;3 21 23;6 35 40;7 40 45;6 65 70;8 70 73;8 80 83;0 102 104;2 127 128
8 17 20;1 24 25;0 30 31;1 46 47;0 52 53;5 70 72;0 76 77;0 94 96;1 105 106;2 110 112;6 115 118;0 129 131;2 144 145
8 29 34;1 40 41;0 48 49;0 56 58;0 59 60;6 75 80;1 87 88;2 99 101;2 117 118
0 6 7;0 16 17;0 33 35;8 38 42;2 48 50;6 53 56;1 65 66;6 81 85;6 87 90;6 98 101;0 109 110;1 114 115;2 119 120
1 8 9;6 35 39;1 41 42;6 44 47;6 55 60;7 60 65;0 69 70;1 74 75;2 79 80
1 18 19;1 21 22;2 60 61
5 8 10;8 17 21;3 21 23;6 35 40;7 40 45;6 65 70;8 70 73;8 80 83;0 92 93;2 99 101;0 101 103;3 126 128;9 134 137;6 154 158;0 172 173;0 184 187;8 190 194;0 194 195;2 201 203;0 203 205;3 211 213;0 216 217;2 244 245
2 5 7;0 7 9;0 33 34;1 49 50;3 84 86;2 116 118;8 121 125;8 125 128;0 134 135;0 135 136;1 139 140;2 144 145
5 8 10;6 26 31;7 31 36;5 46 48;6 49 53;1 66 67;2 80 82;3 89 91;8 92 96;6 96 99;2 108 110;8 113 116;3 126 128;6 132 137;0 147 148;8 163 167;1 171 172;8 173 177;0 177 178;8 178 181;2 185 187;0 187 189;6 192 195;6 203 208;0 211 212;8 216 219;2 223 224
8 4 7;1 11 12;0 17 18;1 33 34;6 44 49;6 49 52;0 74 75;0 92 94;1 103 104;0 122 124;2 133 134
1 29 30;8 33 38;1 44 45;0 52 53;0 60 62;0 63 64;6 79 84;1 91 92;1 103 104;5 107 109;3 112 114;8 120 124;6 130 135;7 135 140;1 150 151;1 155 156;0 165 166;8 186 190;2 210 212;0 220 221;3 250 252;8 253 257;2 282 283
0 2 3;2 9 11;0 11 13;3 36 38;9 44 47;6 57 61;0 77 78;8 102 106;6 121 126;0 138 139;8 155 160;0 160 161;2 167 169;0 169 171;3 177 179;0 182 183;0 204 206;0 211 212;2 229 230
0 6 7;0 16 17;0 26 27;0 38 40;8 43 47;1 53 54;0 66 67;0 78 80;6 121 124;1 127 128;6 131 137;6 142 147;7 147 152;1 157 158;2 164 166;0 166 168;6 171 174;2 180 182;1 196 197;2 206 207
0 6 7;0 16 17;2 27 29;0 29 31;6 34 37;0 41 42;2 47 49;8 55 58;8 58 62;1 64 65;1 68 69;2 73 74
0 9 11;0 12 13;0 13 14;6 14 17;0 31 33;0 64 66;1 69 70;1 72 73;0 78 79;2 101 103;8 106 110;8 110 113;0 119 120;2 130 131
0 15 16;0 16 17;5 20 22;0 38 40;1 57 58;2 62 63
1 31 32;5 43 45;5 48 50;1 100 101;7 103 108;0 121 122;0 122 123;6 123 126;1 126 127;2 131 132
2 30 32;0 45 46;1 50 51;8 70 74;6 88 93;0 96 97;1 101 102;2 106 107
6 2 5;0 22 23;0 23 24;6 40 45;8 45 49;0 53 54;0 54 55;6 55 58;3 60 62;8 72 75;6 83 88;2 94 95
2 28 30;2 36 38;8 41 45;2 48 50;0 50 52;6 64 69;8 69 73;6 86 89;6 100 104;2 113 114
8 4 7;1 11 12;2 25 27;0 35 36;1 46 47;0 61 62;1 66 67;2 71 72
6 22 27;8 30 35;0 35 36;8 36 39;1 57 58;0 65 66;5 70 72;2 76 77
5 11 13;8 35 40;1 46 47;0 54 55;0 62 64;0 65 66;6 81 86;1 93 94;1 105 106;5 109 111;3 114 116;8 122 126;6 132 137;7 137 142;0 159 161;0 162 163;0 174 175;5 194 196;0 201 203;0 204 205;0 205 206;6 206 209;3 219 221;0 243 245;0 250 251;1 273 274;1 282 283;7 295 300;8 307 311;8 311 314;6 314 319;2 325 326
5 8 10;0 15 17;1 30 31;8 32 36;8 60 64;0 70 71;1 95 96;5 101 103;6 117 122;0 122 123;2 129 131;0 131 133;8 141 144;8 153 158;0 172 173;8 173 176;0 179 181;1 197 198;0 205 206;2 216 217
8 4 8;3 14 16;6 21 26;8 26 29;0 40 42;0 45 46;2 51 53;1 69 70;3 75 77;7 82 87;0 99 101;0 104 105;0 112 114;0 132 133;0 164 165;1 169 170;2 174 175
0 6 7;0 16 17;0 26 27;0 38 40;8 43 47;1 53 54;6 65 68;1 73 74;0 85 86;0 103 105;8 115 119;2 127 129;6 144 147;6 180 183;1 187 188;2 192 193
0 5 6;0 24 25;5 47 49;8 66 70;1 86 87;0 91 92;2 125 127;6 130 135;2 146 148;2 154 156;6 159 163;3 165 167;0 170 171;0 230 231;0 260 261;0 299 300;8 312 315;0 323 324;1 328 329;2 333 334
0 8 9;0 18 19;0 35 37;8 40 44;1 50 51;0 59 60;6 84 87;7 95 101;1 103 104;2 108 109
0 15 16;0 16 17;5 20 22;0 38 40;1 57 58;2 62 63
0 18 20;8 28 33;7 35 40;0 51 53;0 61 62;0 79 81;8 89 94;0 98 100;0 106 107;1 111 112;2 116 117
1 31 32;5 43 45;5 48 50;1 65 66;1 68 69;8 126 130;1 130 131;2 135 136
2 4 6;6 30 35;6 35 40;2 51 53;2 62 64;0 77 78;3 86 88;0 93 94;0 94 95;3 101 103;2 128 129
6 2 5;0 25 26;0 26 27;0 38 39;0 63 65;0 75 77;5 80 82;3 94 96;0 102 103;0 103 104;3 110 112;0 117 118;0 118 119;3 125 127;1 140 141;8 143 147;6 152 156;2 173 174
6 9 12;0 20 21;2 27 30;0 39 41;0 44 45;0 52 54;8 75 79;1 83 84;6 85 90;0 93 94;0 94 95;3 100 102;0 107 108;1 121 122;8 124 128;0 134 136;1 147 148;8 150 154;0 164 166;2 175 176
0 18 19;2 25 28;6 31 35;8 43 47;1 59 60;6 61 66;3 73 75;2 79 80
0 18 19;2 25 28;6 31 35;8 43 47;6 58 63;2 76 77
0 11 13;0 21 22;0 51 52;0 66 67;0 76 77;1 81 82;2 86 87
0 37 38;9 50 53;2 67 69;7 72 77;3 84 86;5 93 95;1 97 98;8 100 104;5 120 122;2 165 166
0 7 8;9 42 44;3 45 47;5 59 61;3 64 66;8 83 87;0 87 88;1 97 98;0 113 115;0 127 129;0 144 146;8 149 153;5 153 155;1 162 163;5 170 172;0 177 178;0 200 201;1 205 206;2 210 211
5 10 12;6 28 33;6 41 45;6 47 51;5 53 55;2 57 59;1 77 78;2 82 83
6 2 5;9 19 22;6 29 34;1 48 49;2 53 55;0 82 84;1 86 87;0 97 99;0 108 109;8 109 112;1 130 131;0 138 139;2 149 150
1 18 19;6 32 35;6 43 48;7 48 53;0 57 58;1 62 63;2 67 68
2 12 15;7 18 23;2 23 25;0 40 41;0 55 56;5 66 68;8 77 81;6 89 94;7 94 99;2 129 131;3 138 140;2 142 143
8 8 12;8 12 15;8 32 36;2 45 47;8 50 54;8 54 57;0 63 64;0 64 65;1 68 69;2 73 74
6 40 45;2 47 48
1 15 16;3 36 38;0 43 44;6 44 47;1 47 48;2 52 53
0 6 7;8 18 22;6 40 43;1 46 47;1 55 56;2 65 66
6 10 14;6 22 27;2 58 59
2 5 7;0 7 9;0 44 45;3 51 53;1 60 61;2 65 66
1 20 21;2 30 31
3 4 6;0 9 10;0 10 11;2 37 39;0 39 41;6 44 47;5 58 60;8 66 70;6 70 73;0 82 83;1 87 88;2 92 93
6 17 20;0 32 33;2 44 45
0 6 8;1 11 12;2 17 20;6 23 26;2 26 28;8 31 35;6 46 49;2 49 51;6 54 59;0 72 73;2 81 82
0 13 15;6 20 23;2 23 25;0 34 36;2 43 45;0 45 47;0 57 58;0 58 59;6 59 62;0 68 69;3 89 91;2 108 109
2 12 14;2 27 30;2 85 86
0 9 10;0 37 39;2 48 49
0 9 11;0 24 25;8 25 28;0 33 35;1 38 39;2 43 44
0 11 12;0 12 13;1 25 26;2 30 31
2 5 7;0 7 9;6 15 18;0 28 29;1 33 34;2 38 39
1 18 19;2 21 22
8 22 25;8 25 29;1 31 32;5 35 37;6 62 65;1 68 69;6 80 85;0 101 102;0 125 127;2 134 136;2 164 165
6 11 14;6 40 45;1 52 53;8 54 58;6 58 61;6 73 76;5 83 85;2 89 90
2 5 7;0 7 9;6 12 15;2 15 17;8 36 39;2 43 44
8 8 11;6 16 19;2 19 21;2 27 29;6 40 43;1 53 54;6 68 71;3 75 77;2 92 94;5 116 118;6 119 124;2 143 144
0 8 9;8 20 24;1 67 68;0 80 82;0 87 88;5 142 144;3 146 148;1 167 168;3 173 175;6 186 189;1 204 205;2 209 210
0 25 26;0 36 38;0 41 42;0 51 52;2 58 60;0 60 62;6 65 68;0 69 70;6 100 104;3 106 108;1 125 126;0 129 130;1 134 135;2 153 154
2 5 7;0 7 9;8 22 26;5 26 28;8 33 37;9 52 55;6 100 104;0 146 147;8 160 163;2 181 182
5 6 8;2 17 19;0 39 40;0 40 41;5 54 56;6 57 62;0 65 66;0 66 67;1 74 75;2 100 101
3 10 12;0 21 22;0 39 41;1 50 51;1 55 56;8 61 65;5 67 69;6 82 86;0 95 97;6 112 117;2 121 123;2 128 130;6 133 136;3 142 144;8 155 158;0 159 160;1 171 172;6 174 177;2 203 204
0 8 10;1 33 34;7 46 51;2 97 98
0 25 26;0 26 27;0 39 40;0 52 53;6 57 60;0 65 66;0 66 67;0 80 81;0 81 82;1 93 94;6 95 100;1 107 108;8 109 113;0 113 114;0 125 127;0 136 138;6 144 150;5 150 152;2 156 157
6 4 7;0 27 28;0 28 29;5 32 34;0 43 45;1 48 49;0 56 57;5 57 59;8 91 94;8 101 105;6 114 117;0 119 120;0 120 121;5 124 126;6 139 142;6 160 163;2 175 177;3 184 186;2 188 189
6 4 7;0 28 29;0 29 30;5 33 35;2 42 45;8 55 59;1 59 60;8 81 84;2 86 87
0 2 3;8 3 6;5 31 33;1 35 36;0 45 46;6 50 53;6 58 61;0 74 76;1 85 86;0 100 102;1 113 114;2 118 119
0 14 15;0 24 25;0 40 42;1 63 64;0 69 70;1 85 86;0 94 95;1 104 105;6 124 127;0 147 148;2 170 172;3 179 181;0 200 202;6 207 210;1 256 257;0 270 272;2 281 282
1 4 5;2 19 21;3 28 30;0 36 37;0 54 56;6 69 73;2 87 90;7 99 104;0 115 117;1 120 121;0 128 129;5 129 131;2 140 142;1 147 148;8 149 154;8 173 177;6 183 186;8 196 200;5 200 202;2 206 207
6 2 5;3 8 10;3 14 16;6 27 32;1 49 50;6 53 58;0 66 68;2 77 78
0 15 16;5 25 27;1 39 40;6 41 46;0 69 70;1 74 75;2 79 80
8 9 12;1 16 17;6 19 24;3 61 63;0 66 67;5 92 94;3 96 98;3 125 127;1 142 143;8 147 151;3 153 155;6 156 161;7 161 166;2 178 179
1 4 5;5 7 9;1 25 26;6 39 43;1 53 54;8 65 69;6 71 74;1 80 81;2 91 93;6 113 117;1 143 144;0 150 151;0 208 209;2 219 220
6 4 7;3 11 13;1 31 32;1 49 50;1 58 59;2 78 80;8 83 86;8 106 110;1 113 114;1 122 123;0 128 129;8 129 132;0 141 142;0 158 159;1 178 179;1 194 195;6 203 206;1 225 226;1 246 247;6 252 257;8 276 281;6 283 286;2 286 288;5 305 307;1 309 310;5 317 319;0 348 349;2 359 360
1 8 9;2 14 17;6 20 23;0 25 26;0 45 46;0 46 47;6 47 50;1 60 61;1 63 64;1 76 77;2 90 92;6 109 114;0 117 118;0 118 119;1 122 123;2 127 128
5 6 8;1 16 17;0 22 23;8 37 41;6 50 55;6 62 66;7 74 80;8 91 95;6 111 115;0 140 142;0 161 163;0 177 178;1 182 183;2 187 188
1 21 22;0 27 28;0 56 57;0 75 76;6 88 92;0 96 98;7 111 116;0 127 129;6 140 144;0 148 150;0 159 160;0 160 161;6 192 197;6 199 203;0 207 209;0 218 219;8 246 251;1 251 252;6 261 264;0 277 279;1 288 289;0 303 305;1 316 317;2 321 322
0 2 3;0 20 22;1 31 32;3 44 46;0 49 50;1 77 78;5 92 94;0 118 120;2 129 130
0 2 3;9 29 32;1 39 40;5 60 62;8 63 68;7 71 77;1 79 80;0 102 104;6 107 110;1 112 113;0 159 160;0 179 181;1 184 185;2 189 190
6 4 7;2 18 20;0 41 43;6 46 49;5 56 58;0 65 67;0 74 76;7 81 86;6 136 139;0 145 146;1 150 151;2 155 156
6 4 7;2 21 24;1 40 41;1 48 49;8 57 62;9 94 97;2 102 104;0 145 146;2 193 195;0 211 212;5 212 214;6 219 222;6 225 228;0 229 230;0 239 240;0 263 265;5 268 270;0 301 302;3 310 312;5 323 325;0 338 339;0 348 349;0 349 350;1 353 354;2 358 359
0 12 13;5 38 40;8 67 70;0 80 81;0 81 82;1 85 86;2 90 91
6 2 5;0 6 7;0 16 17;0 25 27;0 28 29;5 33 35;6 57 62;7 62 67;8 83 87;0 89 90;0 96 97;1 97 98;0 101 102;0 102 103;1 118 119;5 126 128;0 132 133;2 143 144
0 2 3;0 19 21;0 22 23;0 23 24;6 39 42;0 49 51;9 55 58;2 76 78;0 78 80;6 83 86;9 98 101;7 118 123;2 125 126
6 4 7;6 18 23;0 28 29;0 45 46;6 79 84;7 91 96;2 130 131
0 2 3;1 27 28;5 31 33;7 44 50;1 55 56;6 66 69;2 69 71;0 85 86;0 86 87;5 90 92;6 133 138;8 138 142;5 142 144;1 154 155;0 185 186;0 186 187;3 194 196;6 201 204;2 204 206;8 251 255;3 257 259;8 274 278;3 280 282;8 287 290;0 304 305;0 320 321;8 335 338;0 346 347;1 351 352;2 356 357
0 2 3;5 7 9;1 22 23;0 28 29;0 29 30;6 46 50;0 54 55;6 69 72;5 76 78;2 80 82;2 105 107;1 120 121;3 131 133;8 168 172;0 220 221;0 221 222;0 227 228;1 228 229;0 234 235;8 246 250;1 256 257;2 271 272
0 23 24;0 24 25;0 34 35;0 35 36;6 36 39;0 45 46;6 50 53;0 57 58;1 76 77;8 91 94;0 103 104;0 104 105;1 113 114;0 119 120;8 124 127;8 141 145;0 145 146;1 167 168;0 178 179;8 183 186;0 206 207;0 207 208;1 216 217;0 243 244;3 250 252;0 288 289;1 297 298;0 301 302;0 330 331;0 348 350;1 355 356;0 384 385;0 393 395;0 396 397;0 397 398;6 398 401;0 405 406;2 411 413;8 416 419;2 428 430;0 433 435;3 437 439;0 449 450;2 460 461
2 7 9;0 18 19;0 19 20;6 20 23;6 29 32;0 42 43;0 70 71;1 82 83;0 91 92;0 92 93;1 98 99;1 101 102;0 107 108;2 119 121;1 126 127;1 148 149;0 171 173;0 176 177;0 196 197;0 197 198;6 198 201;0 207 208;6 212 215;0 219 220;0 238 239;1 254 255;1 259 260;0 263 264;2 295 296
8 4 8;2 18 21;6 24 27;6 28 32;0 42 43;1 57 58;2 67 68
1 11 12;0 17 18;6 52 57;2 67 69;2 82 85;0 91 92;1 101 102;2 113 115;0 121 122;0 139 140;0 151 152;9 153 155;0 170 171;8 193 198;5 198 200;6 220 225;0 260 261;1 267 268;8 275 278;0 295 296;6 300 303;0 306 307;0 307 308;0 323 325;8 328 332;1 337 338;5 349 351;1 353 354;1 380 381;8 383 387;2 390 392;0 392 394;8 397 400;2 415 416
0 20 21;0 28 30;1 33 34;0 39 40;0 58 60;0 93 95;6 102 106;0 106 107;5 107 109;0 114 116;0 117 118;6 132 138;3 156 158;1 161 162;0 179 180;2 190 191
0 10 11;0 27 29;0 54 55;5 102 104;6 105 111;0 114 115;0 115 116;3 121 123;0 138 140;2 149 150
0 19 20;0 31 32;0 57 58;0 86 87;0 87 88;5 91 93;5 135 137;6 150 155;1 198 199;5 206 208;8 213 217;0 227 229;2 238 239
6 17 20;6 21 26;0 56 57;8 102 107;8 111 116;0 120 122;2 172 173
6 4 7;0 14 16;0 29 31;2 36 38;8 41 44;0 50 51;0 76 77;0 77 78;3 81 83;0 98 99;0 115 117;9 126 130;9 136 140;0 151 153;2 162 163
6 4 7;0 15 17;6 20 25;0 32 34;0 63 65;1 77 78;2 83 84
5 29 31;6 35 38;0 64 65;1 71 72;6 79 83;3 95 97;0 100 101;6 113 116;0 135 136;6 150 153;1 155 156;7 165 170;2 172 173
1 11 12;0 21 22;6 36 42;0 49 50;0 50 51;1 54 55;1 82 83;1 98 99;8 101 105;0 105 106;1 114 115;0 120 121;0 121 122;2 155 156
9 12 15;6 30 34;0 39 41;0 42 43;1 49 50;1 74 75;0 79 80;5 84 86;6 125 129;6 143 148;1 154 155;6 192 197;1 200 201;0 204 205;1 211 212;7 217 222;0 232 234;0 241 242;0 256 257;0 274 276;0 289 290;0 290 291;0 298 299;7 316 321;2 357 358
0 2 3;0 27 28;1 34 35;0 48 50;0 51 52;0 52 53;0 58 59;1 59 60;6 65 68;5 84 86;0 89 90;2 100 101
5 11 13;0 17 18;6 42 45;1 47 48;6 55 59;6 61 64;2 64 66;0 66 68;6 71 74;1 76 77;9 84 88;0 99 101;2 104 106;1 116 117;8 119 123;6 129 133;0 133 134;0 141 143;2 173 174
9 25 28;2 31 33;8 44 48;2 92 95;8 98 101;0 135 137;5 149 151;2 153 155;8 158 162;0 168 170;0 178 179;1 185 186;6 193 196;6 200 203;1 212 213;1 219 220;2 224 225
2 12 14;0 14 16;6 19 22;2 24 26;3 41 43;8 51 55;5 55 57;6 64 67;6 78 83;9 84 87;0 126 127;5 131 133;2 137 138
1 6 7;0 22 23;1 30 31;2 56 57
0 2 3;0 26 27;2 32 34;1 44 45;1 53 54;0 62 63;8 63 66;0 92 93;0 93 94;1 101 102;0 118 119;2 126 127
1 25 26;1 39 40;6 42 45;2 47 49;0 65 66;0 77 78;1 91 92;1 105 106;0 116 117;8 128 132;7 179 180;1 184 185;0 197 198;0 207 208;0 225 227;1 236 237;0 245 246;5 246 248;0 253 254;2 286 287
3 2 4;0 15 16;0 25 26;0 43 45;1 54 55;8 65 68;0 81 83;2 92 93
6 2 6;0 11 12;0 26 27;6 43 47;0 58 60;3 62 64;0 74 75;1 79 80;2 84 85
5 6 8;6 25 28;6 37 43;0 46 47;6 51 54;0 57 58;8 62 65;7 79 84;7 120 125;5 129 131;7 161 166;2 184 186;0 189 191;3 193 195;0 202 203;1 211 212;0 235 237;3 239 241;0 251 252;1 256 257;2 261 262
0 10 11;3 19 21;0 24 25;0 38 39;5 39 41;0 60 62;0 63 64;2 87 89;3 96 98;1 102 103;5 108 110;0 127 129;2 138 139
6 4 7;5 14 16;2 18 20;6 23 26;6 27 31;0 41 42;1 56 57;2 66 67
0 2 3;0 20 22;1 31 32;5 46 48;6 54 59;2 81 82
6 19 22;2 35 36
0 21 23;6 39 44;8 44 48;6 48 51;6 77 82;2 84 85
8 11 14;0 17 19;0 34 35;0 35 36;1 41 42;1 44 45;0 50 51;0 73 74;8 83 87;6 90 94;2 103 106;6 109 113;0 124 125;5 125 127;9 161 165;1 172 173;2 182 183
6 2 6;0 13 14;1 39 40;1 64 65;2 80 81
0 20 21;0 21 22;1 47 48;6 59 62;8 78 81;5 109 111;2 115 117;0 143 144;0 144 145;1 150 151;1 153 154;0 159 160;6 199 203;6 220 223;6 249 252;8 268 271;0 272 273;1 284 285;6 287 290;0 300 301;0 301 302;6 302 305;2 321 322
2 7 9;6 34 39;3 63 65;0 68 69;8 85 88;0 98 99;0 110 111;0 129 130;0 155 156;0 156 157;3 160 162;6 190 194;7 200 205;6 210 214;2 220 221
0 5 6;6 21 26;6 26 31;6 34 38;1 38 39;6 44 48;6 98 101;1 111 112;8 139 144;1 156 157;6 162 165;2 165 167;7 176 177;0 187 188;1 228 229;7 232 238;6 245 248;0 254 255;0 255 256;1 259 260;2 264 265
6 4 7;2 7 9;1 16 17;1 25 26;8 29 34;1 44 45;3 52 54;2 62 64;1 71 72;1 84 85;0 89 90;6 99 102;2 112 113
6 37 42;2 55 56
6 33 38;2 40 42;8 45 48;8 57 60;2 62 63
8 4 8;5 8 10;0 24 25;3 57 59;8 98 101;1 106 107;2 111 112
6 2 5;0 6 7;5 18 20;8 28 32;0 36 37;0 68 69;5 69 71;0 95 97;8 107 111;8 111 114;1 119 120;2 124 125
6 16 20;2 32 34;6 52 56;5 56 58;2 70 72;6 92 96;5 96 98;2 110 112;6 132 136;0 157 158;5 158 160;0 163 165;3 172 174;6 183 186;8 204 207;2 209 210
6 2 5;0 16 17;0 24 25;0 40 41;1 47 48;0 69 70;0 70 71;1 74 75;2 79 80
0 2 3;5 14 16;8 24 28;1 33 34;2 69 71;8 74 77;8 86 89;2 91 92
8 4 8;5 8 10;0 24 25;0 47 49;1 57 58;8 65 68;5 96 98;2 102 103
0 5 6;0 26 27;0 52 53;1 57 58;2 62 63
6 4 7;8 11 14;6 16 19;0 27 28;0 28 29;1 36 37;8 45 49;0 49 50;0 61 62;6 71 74;1 76 77;2 90 91
6 2 5;0 6 7;0 16 17;0 24 26;3 45 47;6 50 55;0 58 59;0 59 60;1 67 68;0 81 83;6 94 99;5 99 101;2 105 106
1 8 9;0 35 36;6 46 49;5 56 58;2 62 63
8 21 25;8 32 36;0 40 42;0 51 52;5 52 54;6 73 76;2 78 80;2 100 103;7 114 119;1 126 127;3 135 137;7 144 149;6 162 167;7 174 179;6 184 188;2 194 195
0 15 16;0 30 31;0 40 42;1 47 48;8 53 56;0 59 61;2 82 83
0 2 3;6 39 44;6 50 54;0 60 61;0 75 76;0 87 88;0 100 101;6 122 127;0 130 131;1 135 136;2 140 141
6 2 5;0 6 7;8 18 21;1 66 67;1 84 85;1 92 93;2 102 103
0 59 60;8 64 67;0 76 77;8 81 84;0 98 99;0 99 100;0 111 112;0 118 120;0 121 122;0 140 142;0 170 172;0 173 174;2 192 194;8 197 201;8 201 204;6 204 209;2 215 216
6 2 5;0 9 10;0 24 25;0 47 48;1 109 110;1 114 115;1 133 134;6 135 140;2 168 169
0 21 22;0 22 23;0 28 29;1 29 30;6 37 40;5 46 48;1 50 51;8 58 61;2 63 64
0 2 4;3 6 8;0 18 19;7 37 43;1 54 55;8 60 63;6 85 89;8 94 98;2 100 101
2 4 6;9 29 32;0 42 43;6 55 58;6 65 71;0 74 75;1 93 94;2 98 99
1 4 5;0 19 20;6 52 55;0 76 77;8 95 98;2 100 101
0 18 19;0 34 35;0 35 36;3 39 41;6 54 57;6 83 86;0 100 101;0 101 102;0 137 138;6 147 151;0 157 158;1 174 175;1 179 180;5 185 187;0 200 201;1 205 206;2 210 211
0 10 11;5 23 25;0 30 31;1 35 36;0 55 56;5 60 62;2 66 67
0 32 33;6 52 55;8 66 70;6 75 80;0 83 84;3 90 92;2 107 108
0 15 16;5 45 47;6 51 54;1 59 60;0 79 80;0 80 81;6 81 84;8 103 106;0 107 108;6 117 120;0 121 122;2 141 142
0 18 19;0 19 20;6 20 23;6 36 41;6 66 71;0 74 75;0 75 76;3 81 83;3 88 90;7 91 96;8 107 111;1 113 114;8 128 131;5 136 138;0 141 142;0 142 143;1 150 151;0 203 204;5 208 210;2 212 213
0 26 27;3 33 35;6 44 47;0 68 70;0 71 72;0 89 91;0 114 115;0 131 133;0 134 135;0 135 136;0 146 147;0 154 156;0 164 165;0 179 180;0 187 189;2 209 210
1 2 3;6 12 15;4 22 24;0 28 30;0 31 32;1 50 51;6 56 60;0 68 69;1 87 88;6 93 96;0 97 98;0 113 114;2 120 121;5 121 122
1 2 3;6 25 28;1 35 36;0 52 53;0 53 54;6 54 57;2 57 58
2 2 4;0 13 14;2 30 32;0 32 34;0 51 52;0 68 70;8 76 81;0 98 99;5 103 105;2 107 108
6 4 8;8 27 31;2 37 39;7 57 63;8 101 105;5 107 109;3 112 114;6 124 129;0 132 133;1 149 150;6 157 160;0 172 173;2 179 180
5 9 11;1 25 26;6 28 31;0 32 33;1 84 85;6 87 90;0 91 92;5 112 114;0 119 120;3 145 147;6 160 163;0 164 165;2 184 185
1 2 3;6 14 17;0 18 19;0 41 42;1 46 47;2 51 52
8 2 6;0 17 19;5 24 26;3 29 31;0 38 39;8 52 56;8 56 59;0 62 64;7 77 82;8 91 95;0 101 103;5 108 110;8 115 119;8 128 131;6 151 156;6 174 177;0 178 179;0 191 192;2 202 203
2 2 4;0 13 14;2 30 32;0 32 34;0 43 45;0 46 47;1 65 66;0 82 84;8 96 99;2 110 111
0 14 16;0 19 20;0 35 37;2 67 68
6 2 5;0 12 13;0 13 14;4 19 21;8 27 30;0 31 32;0 39 40;0 40 41;6 44 47;0 48 49;0 58 59;2 80 81
0 14 15;7 35 41;0 84 86;6 92 97;2 103 104
2 2 4;0 13 14;0 31 33;0 34 35;0 45 47;0 60 61;0 106 107;2 113 115;0 115 117;6 120 123;0 124 125;0 147 148;1 167 168;6 173 176;2 178 180;2 198 199
0 2 3;0 9 11;7 19 24;6 33 36;0 37 38;0 54 56;8 59 62;4 67 69;6 73 77;0 77 78;2 84 86;0 86 88;6 91 94;0 95 96;0 111 112;2 118 119;5 119 120
0 2 3;2 9 11;0 11 13;8 21 24;6 33 38;0 56 57;6 79 83;0 97 98;0 98 99;6 99 102;1 115 116;8 132 136;1 144 145;6 156 161;0 164 165;0 165 166;1 174 175;2 198 199
2 2 4;0 13 14;0 31 33;0 46 48;0 49 50;0 59 60;0 60 61;2 79 81;0 81 83;1 88 89;1 91 92;8 103 106;2 117 118
0 2 3;2 9 11;0 11 13;6 16 19;2 21 23;1 30 31;1 46 47;6 61 65;6 67 70;0 71 72;8 81 84;2 86 88;5 91 93;2 100 101
2 2 4;0 13 14;2 30 32;0 32 34;8 37 41;0 47 49;0 50 51;5 60 62;6 82 87;8 99 102;0 141 142;0 153 154;0 163 164;2 170 171
0 21 22;0 38 40;5 62 64;0 114 115;0 124 125;0 139 140;1 144 145;2 149 150
1 33 34;0 46 48;5 51 53;3 73 75;1 97 98;2 100 102;1 110 111;2 113 115;2 121 123;1 128 129;0 135 136;2 145 146
0 13 15;0 16 17;0 17 18;6 23 26;8 29 33;1 39 40;0 49 50;8 65 68;6 100 105;0 108 109;0 109 110;3 115 117;0 125 126;2 148 149
0 12 13;8 40 43;0 64 65;2 105 106
0 34 35;0 65 66;0 77 78;2 99 101;0 101 103;3 112 114;2 118 120;3 134 136;2 140 142;0 150 151;1 168 169;6 171 174;2 200 201
8 26 29;0 30 31;3 51 53;6 54 58;8 67 71;0 77 79;0 80 81;8 99 102;2 113 114
6 2 5;0 6 7;0 23 25;8 28 31;1 43 44;0 61 63;8 66 70;0 76 77;8 90 93;6 104 107;8 134 138;6 138 141;0 156 157;2 172 174;0 174 176;6 188 191;2 202 203
0 10 11;0 18 19;0 34 35;0 35 36;5 49 51;0 56 57;1 75 76;8 89 93;1 103 104;8 111 116;5 118 120;1 126 127;6 136 139;0 144 146;3 148 150;0 160 161;1 165 166;2 170 171
2 22 24;0 24 26;6 29 33;8 33 36;0 39 41;6 55 60;5 64 66;6 78 82;0 88 90;5 95 97;6 107 110;0 113 114;2 123 124
1 4 5;6 42 46;0 54 55;0 55 56;1 70 71;0 87 88;8 88 91;0 95 97;6 102 105;0 106 107;2 136 137
8 4 8;0 15 17;0 20 21;2 27 29;0 29 31;6 34 37;0 38 39;1 53 54;0 66 67;0 87 88;0 88 89;6 89 92;2 94 95
0 2 3;2 9 11;0 11 13;6 16 19;6 31 36;8 36 40;8 43 47;6 49 52;1 69 70;0 75 76;0 93 94;0 107 108;1 114 115;0 122 123;1 129 130;0 138 139;5 139 141;0 144 145;0 145 146;8 157 161;8 161 164;8 172 175;8 175 179;0 179 180;2 191 193;8 196 199;5 214 216;0 229 230;0 249 250;0 258 259;0 273 274;8 299 303;2 305 306
8 7 10;8 10 14;0 14 15;5 19 21;0 26 27;0 27 28;8 41 45;0 45 46;5 50 52;0 57 58;0 71 72;0 72 73;8 92 95;7 112 113;0 121 122;0 139 140;1 147 148;1 155 156;7 158 163;5 165 167;0 172 173;8 185 190;7 202 208;9 232 235;6 242 246;9 269 272;6 279 283;6 285 288;0 289 290;2 311 312
0 17 18;6 45 50;1 60 61;7 74 80;1 99 100;0 113 114;1 127 128;6 130 133;0 134 135;6 152 155;1 157 158;9 165 169;0 176 177;0 177 178;2 183 184
0 27 28;2 43 45;6 65 70;2 86 88;5 106 108;0 113 114;8 126 131;6 143 148;0 154 155;0 171 172;2 178 179
2 2 4;0 13 14;2 30 32;0 32 34;8 56 60;0 60 61;0 68 70;0 73 74;0 81 83;0 84 85;7 98 104;2 122 123
0 10 12;0 13 14;1 32 33;1 44 45;0 50 52;0 64 66;0 90 91;2 97 99;0 99 101;6 104 107;0 108 109;0 121 122;0 122 123;1 126 127;2 131 132
0 14 16;0 19 20;0 36 38;8 41 45;1 47 48;8 52 56;6 59 64;3 68 70;0 73 74;0 74 75;6 75 78;8 97 101;0 107 108;0 117 118;2 147 148;5 148 149
0 22 23;0 23 24;1 31 32;1 41 42;0 76 77;0 91 92;0 92 93;6 93 96;6 104 107;7 113 118;6 127 130;3 136 138;0 143 144;6 191 194;3 200 202;6 203 208;8 208 211;6 216 219;2 219 221;6 248 251;2 251 253;0 262 263;0 272 273;0 288 289;2 295 296;5 296 297
0 13 14;1 20 21;0 31 32;6 54 59;3 72 74;3 78 80;6 97 101;0 117 118;6 129 132;0 133 134;2 153 154
2 11 14;0 31 32;0 48 50;0 51 52;3 58 60;5 95 97;1 99 100;0 115 117;0 126 127;2 133 134;5 134 135
1 2 3;6 40 43;0 44 45;1 66 67;7 68 73;2 79 80;5 80 81
0 28 29;8 40 44;5 44 46;0 60 62;1 71 72;0 75 76;0 96 97;6 120 123;0 124 125;8 138 142;0 148 149;2 155 156;5 156 157
1 2 3;6 12 15;0 16 17;6 42 48;0 99 101;8 110 113;6 124 127;0 128 129;2 148 149
0 28 29;8 40 44;5 44 46;0 61 63;1 72 73;1 98 99;8 101 105;5 125 127;2 129 131;8 155 159;0 163 165;1 168 169;2 173 174
6 2 5;0 12 13;0 13 14;4 19 21;8 27 30;0 31 32;0 39 40;0 56 58;2 78 79
1 12 13;7 15 16;6 31 34;8 37 40;6 73 77;2 93 94
6 4 7;6 17 20;0 29 30;5 46 48;6 53 58;2 94 95
6 4 7;6 16 19;8 22 26;8 39 43;0 43 44;9 45 47;3 73 75;6 80 83;0 84 85;0 104 105;3 109 111;2 115 116
6 14 17;0 18 19;0 35 37;2 44 46;0 46 48;6 51 54;2 71 72
0 10 12;6 17 22;0 24 25;6 35 40;8 40 44;6 48 52;7 54 59;0 65 66;1 91 92;0 101 102;8 138 142;0 170 171;8 199 202;0 205 207;8 210 214;8 217 221;0 231 232;8 262 265;2 280 281
8 4 8;0 13 15;0 18 19;0 29 30;5 30 32;0 61 62;6 71 74;1 76 77;0 83 84;0 84 85;0 94 95;2 101 102
6 4 8;2 13 15;0 15 17;6 20 24;6 38 41;0 51 52;0 64 65;2 70 72;1 93 94;0 99 100;2 110 111
8 36 39;5 39 41;0 52 53;6 68 74;2 74 76;1 110 111;6 113 116;0 117 118;6 146 149;1 151 152;2 165 166
2 2 4;0 13 14;0 14 15;6 15 18;0 33 34;0 48 49;0 64 65;2 75 76
2 2 4;0 13 14;0 14 15;6 15 18;0 32 33;0 53 54;6 66 70;6 72 77;8 77 80;1 95 96;0 113 115;0 118 120;6 133 137;6 139 144;8 144 147;6 147 152;0 152 154;6 157 161;2 167 169;0 169 171;6 177 183;0 186 187;0 203 205;6 210 213;7 223 228;2 238 239
1 6 7;0 18 19;8 28 31;6 45 48;8 62 67;6 69 73;6 75 80;8 80 83;6 83 88;0 88 90;8 93 97;6 103 107;0 114 116;0 119 121;6 134 138;6 140 145;8 145 148;6 156 160;2 166 168;0 168 170;0 191 192;0 201 202;0 214 215;0 215 216;1 219 220;2 224 225
6 22 26;2 36 38;0 69 70;0 97 98;0 98 99;0 110 111;0 126 127;0 141 142;2 161 162
1 13 14;6 15 20;0 23 24;2 55 57;2 81 82
0 7 9;6 12 15;1 32 33;8 34 39;6 43 48;0 48 49;0 55 57;0 58 59;6 68 71;0 72 73;7 86 91;2 93 94
2 2 4;0 13 14;0 14 15;6 15 18;8 33 37;2 37 39;6 49 54;0 57 58;2 66 69;6 72 76;0 83 84;6 112 117;6 131 137;6 137 140;2 140 142;8 152 155;0 178 179;7 192 197;2 199 200
6 4 8;0 14 16;5 33 35;0 42 44;0 45 46;8 55 59;5 59 61;0 86 87;2 106 107
6 2 5;0 6 7;0 24 26;0 37 39;1 44 45;0 50 52;1 61 62;8 73 76;0 95 96;0 105 106;0 121 123;2 133 135;0 135 137;0 140 142;3 144 146;3 170 172;6 180 184;0 184 185;0 202 204;0 222 224;6 233 238;6 238 242;1 244 245;6 251 256;8 256 260;0 283 285;0 293 294;8 298 301;0 313 314;0 314 315;0 335 336;0 336 337;6 337 340;9 364 368;6 388 393;1 396 397;6 398 402;0 402 403;2 432 433
0 2 3;0 19 21;3 41 43;8 76 80;8 85 89;0 91 92;8 109 113;2 115 116
0 2 3;0 20 22;0 33 35;1 40 41;0 46 48;0 61 62;0 71 72;0 87 89;2 99 101;0 101 103;0 106 108;3 110 112;0 122 123;7 141 147;6 149 154;6 161 165;8 170 174;2 176 177
0 2 3;0 20 22;9 26 29;0 45 47;1 52 53;0 58 60;0 74 76;3 78 80;8 87 90;0 97 99;0 102 104;0 105 106;8 145 149;1 155 156;0 159 160;6 169 172;0 173 174;2 200 201
3 4 6;6 9 14;0 17 18;2 36 38;0 45 46;1 57 58;7 60 61;6 64 69;0 72 73;2 83 84
0 8 10;0 15 16;6 43 47;0 47 48;2 54 56;0 56 58;6 61 64;0 86 87;6 98 101;0 102 103;0 118 119;1 123 124;2 128 129
1 6 7;6 8 13;0 16 17;2 35 37;0 44 45;0 45 46;6 46 49;0 60 61;0 69 70;6 83 86;0 87 88;3 99 101;6 102 107;0 110 111;1 136 137;8 142 146;5 146 148;7 165 170;8 179 183;0 197 198;2 204 206;0 206 208;6 211 214;0 236 237;0 254 255;0 271 273;2 288 289
0 7 8;1 19 20;7 22 23;6 26 31;0 34 35;6 51 54;8 62 65;6 79 84;1 93 94;0 99 101;8 118 123;6 127 130;2 130 132;0 132 134;6 178 181;0 182 183;0 198 199;2 208 209
0 8 9;8 9 12;0 17 18;0 29 30;0 41 42;5 42 44;0 49 51;0 52 53;7 78 79;0 104 105;0 119 120;5 120 122;0 127 129;8 150 154;8 156 160;0 164 166;0 177 179;0 180 181;0 181 182;0 187 188;1 188 189;0 201 203;0 204 205;0 205 206;0 211 212;1 212 213;0 224 226;6 241 244;0 245 246;7 259 264;2 266 267
6 12 17;0 20 21;0 35 36;1 80 81;0 84 85;6 94 97;5 100 102;1 119 120;1 123 124;6 133 136;7 146 151;2 161 162
8 40 43;0 44 45;8 56 59;2 69 71;0 79 80;1 91 92;7 94 95;8 103 106;0 107 108;0 119 120;0 136 137;1 143 144;0 147 149;0 159 160;0 170 172;6 182 185;0 186 187;0 202 203;2 212 213
6 11 15;0 22 24;0 49 51;6 64 69;6 75 78;6 79 83;8 92 96;1 102 103;1 150 151;2 155 156
0 9 11;1 20 21;0 24 25;8 37 42;8 46 51;0 57 59;8 62 66;2 73 75;6 78 81;3 88 90;0 103 105;2 114 115
6 33 38;6 44 47;6 48 52;0 54 56;3 58 60;0 70 71;2 81 82
8 4 8;0 12 14;0 25 27;0 28 29;0 29 30;0 35 36;1 36 37;0 49 51;0 52 53;0 53 54;0 59 60;1 60 61;1 72 73;0 84 85;0 85 86;0 105 106;1 113 114;6 124 128;2 134 135
6 4 9;2 13 15;0 15 17;1 24 25;6 29 34;9 35 38;0 64 66;1 85 86;2 90 92;0 92 94;6 99 102;0 105 106;6 117 120;2 127 129;1 136 137;8 161 164;2 166 167
1 10 11;6 24 30;2 34 36;0 36 38;1 45 46;6 57 60;0 61 63;0 76 77;0 77 78;8 91 95;0 140 141;8 158 162;8 173 177;8 177 180;6 180 185;2 191 192
1 2 3;5 20 22;0 27 28;8 66 69;6 109 114;2 120 121
5 8 10;0 40 41;6 57 61;3 63 65;0 70 71;2 90 91
5 9 11;8 18 22;0 29 31;6 36 39;0 50 51;0 58 59;1 70 71;0 76 78;8 81 84;0 104 106;8 109 113;0 117 118;1 140 141;0 148 149;6 171 175;0 175 176;9 189 193;2 206 207
6 28 32;0 39 41;1 46 47;0 52 53;1 62 63;2 75 78;8 81 84;8 88 92;0 92 93;0 104 106;3 108 110;1 130 131;0 144 145;0 145 146;6 146 149;1 160 161;2 165 166
6 2 5;1 22 23;0 28 29;0 51 52;0 61 62;0 71 72;0 92 93;0 93 94;0 99 100;1 100 101;0 113 114;0 114 115;0 120 121;1 121 122;0 146 147;2 160 163;0 166 168;3 170 172;6 179 183;0 189 191;0 197 198;2 208 209
0 23 24;4 28 30;0 46 47;0 58 59;0 86 87;0 96 97;0 106 107;1 121 122;0 139 140;1 159 160;8 165 168;0 169 170;0 179 180;0 199 200;0 209 210;0 210 211;1 214 215;2 219 220
0 18 20;0 31 33;1 38 39;0 44 46;0 59 60;1 75 76;8 87 90;8 117 120;0 121 122;0 133 135;3 137 139;0 149 150;3 154 156;2 160 161
8 21 25;6 32 37;1 50 51;6 52 56;6 58 61;1 61 62;7 63 68;6 86 91;2 93 94
1 2 3;2 16 18;6 29 32;0 33 34;8 43 46;2 48 50;5 53 55;2 62 63
2 2 4;0 13 14;0 31 33;2 47 49;0 49 51;3 57 59;1 74 75;3 90 92;0 100 101;0 111 113;0 114 115;0 130 131;1 138 139;6 146 150;6 159 164;8 164 167;0 174 176;3 178 180;0 190 191;0 191 192;1 195 196;2 200 201
8 7 11;3 20 22;5 33 35;3 37 39;1 54 55;1 70 71;1 102 103;0 106 107;5 107 109;1 130 131;8 134 138;1 164 165;2 182 184;6 201 206;0 209 210;1 228 229;8 238 242;1 253 254;0 267 269;0 287 288;1 305 306;0 309 310;0 329 330;0 339 340;1 344 345;2 349 350
5 4 6;0 18 19;6 48 52;8 117 120;6 129 134;0 153 154;6 180 183;6 193 198;5 198 200;2 204 205
6 2 5;8 8 11;0 14 15;1 33 34;1 51 52;0 61 62;8 80 83;7 92 98;0 121 122;0 138 140;1 145 146;3 155 157;0 160 161;1 165 166;2 170 171
6 2 5;0 14 15;9 25 28;1 36 37;6 51 55;3 57 59;0 64 65;7 78 83;2 85 86
2 2 4;0 13 14;2 30 32;0 32 34;6 37 40;0 44 45;8 64 68;5 74 76;0 81 83;0 84 85;0 96 97;1 126 127;8 154 158;0 177 178;8 187 191;2 197 199;8 202 206;3 206 208;6 213 216;0 217 218;2 237 238
1 2 3;0 8 10;0 11 12;0 39 40;0 55 56;0 65 66;0 107 108;1 126 127;0 151 152;0 165 166;0 181 183;0 184 185;1 191 192;0 210 212;0 213 214;6 227 231;6 232 236;1 243 244;2 248 249
0 10 11;0 30 31;5 31 33;0 36 37;0 54 55;0 55 56;6 56 59;1 61 62;0 66 67;0 77 78;5 78 80;0 83 84;1 93 94;8 107 111;1 117 118;1 129 130;0 146 147;0 163 165;8 168 172;5 172 174;1 179 180;0 189 190;6 199 202;2 213 214
2 8 10;0 10 12;1 35 36;6 51 57;8 57 61;0 65 66;0 75 76;0 86 87;5 87 89;2 105 107;2 114 116;0 116 118;2 136 138;0 138 140;1 145 146;6 147 152;1 152 153;7 156 162;2 162 164;1 169 170;5 187 189;1 191 192;1 196 197;6 200 203;2 213 214
6 13 17;5 17 19;0 25 27;0 34 35;1 50 51;0 68 69;2 81 83;6 86 90;6 92 95;1 103 104;0 119 120;1 124 125;2 129 130
0 5 6;2 11 13;1 32 33;0 36 37;0 54 55;1 75 76;0 83 84;0 84 85;1 99 100;0 115 116;2 126 127
2 2 4;0 13 14;2 30 32;0 32 34;6 37 40;6 47 53;0 56 57;0 71 72;0 72 73;1 104 105;0 108 109;0 109 110;6 110 113;0 119 120;1 124 125;8 145 149;0 155 156;0 165 166;0 187 188;0 188 189;0 199 200;8 218 221;0 242 243;8 261 265;2 277 278
6 40 43;1 105 106;8 129 132;0 147 149;8 156 159;2 170 171
6 2 5;0 14 15;0 15 16;8 27 30;0 31 32;0 39 40;8 58 63;1 69 70;0 73 74;0 95 96;0 96 97;1 102 103;1 105 106;0 111 112;2 127 129;8 146 150;1 150 151;0 156 157;0 157 158;0 165 166;0 191 193;6 199 202;8 205 208;1 219 220;0 225 227;0 228 229;4 245 247;8 251 255;1 263 264;4 278 280;6 284 288;0 288 289;2 295 297;0 297 299;6 302 305;0 306 307;0 319 320;2 329 330
6 2 5;0 9 10;0 10 11;6 11 14;3 16 18;8 29 33;0 35 36;0 58 59;0 75 77;1 90 91;6 96 101;1 115 116;7 121 127;0 138 140;0 161 162;0 179 181;0 194 195;3 219 221;1 230 231;0 240 241;0 260 261;0 270 271;1 275 276;2 280 281
2 2 4;0 13 14;0 31 33;0 64 65;8 65 68;0 71 73;0 86 87;0 94 95;0 114 115;8 133 137;0 137 138;0 144 145;1 145 146;0 149 150;0 150 151;0 165 166;1 188 189;0 192 193;0 199 200;1 200 201;0 204 205;0 205 206;0 219 220;2 243 244
8 9 12;0 15 17;5 25 27;6 47 52;5 58 60;6 107 112;0 112 113;8 138 142;2 144 145
8 9 12;5 22 24;0 34 35;0 58 59;0 75 77;0 86 87;0 111 112;1 137 138;1 144 145;6 161 164;0 165 166;8 185 188;0 191 192;1 210 211;1 232 233;7 242 247;0 278 279;0 295 297;0 298 299;0 299 300;0 321 322;0 334 335;0 347 348;2 367 368
8 1 4;0 7 9;6 16 21;6 27 32;1 34 35;0 40 42;1 51 52;8 63 66;0 85 86;1 95 96;7 108 113;8 120 124;8 124 127;2 138 139
8 16 21;6 25 30;8 35 40;7 44 50;0 50 51;1 66 67;9 70 73;0 92 93;0 93 94;0 121 122;0 134 135;5 153 155;8 182 185;0 194 195;6 213 216;1 225 226;2 230 231
0 6 7;8 16 19;8 29 32;0 65 66;0 82 84;0 96 97;1 101 102;2 106 107
0 20 21;0 44 45;0 54 55;0 64 65;6 77 81;1 83 84;0 89 91;1 100 101;8 112 115;0 124 125;9 138 142;0 143 144;2 153 154
6 2 5;0 25 26;0 53 54;0 63 64;0 73 74;0 86 87;2 142 143
0 15 17;0 18 19;0 39 41;1 46 47;6 54 58;1 60 61;8 63 67;0 72 73;0 80 81;9 82 84;0 117 118;5 118 120;0 125 127;0 133 134;1 138 139;2 143 144
0 12 14;6 20 25;6 51 56;0 67 69;1 74 75;5 84 86;0 96 97;6 120 123;1 123 124;0 139 140;9 153 157;0 158 159;0 159 160;1 163 164;2 168 169
0 7 8;5 8 10;0 16 18;0 19 20;8 33 37;5 37 39;0 52 54;0 60 61;3 81 83;0 86 87;0 111 112;1 128 129;2 133 134
6 8 13;6 13 17;0 23 24;7 28 33;6 47 50;2 50 52;0 63 64;0 82 84;6 89 92;6 97 100;9 113 117;0 118 119;1 123 124;2 128 129
8 2 6;5 8 10;8 20 24;8 37 41;5 43 45;6 56 60;0 66 68;5 71 73;2 82 84;8 97 101;5 101 103;0 118 120;2 135 136
6 7 11;2 18 20;0 39 40;1 65 66;0 78 79;0 102 103;2 113 114
2 27 29;2 35 37;0 46 47;6 92 96;0 106 107;6 122 127;8 132 135;2 137 139;2 169 171;0 171 173;6 176 179;6 187 192;2 201 202
8 7 10;0 13 15;7 34 40;6 40 44;8 56 59;6 64 67;8 74 77;8 85 90;1 90 91;2 95 96
8 19 23;5 23 25;1 45 46;2 58 60;6 63 66;0 78 80;0 83 84;1 104 105;0 122 123;0 123 124;0 129 130;1 130 131;8 166 169;1 191 192;2 196 197
5 12 14;1 23 24;2 35 37;1 44 45;6 54 57;0 69 70;8 90 94;0 102 103;0 109 110;1 110 111;0 114 115;0 115 116;8 138 141;1 157 158;2 162 163
0 16 17;6 26 29;8 38 41;6 52 57;8 57 60;1 67 68;6 70 73;6 83 87;2 93 94
1 35 36;1 38 39;7 55 61;0 68 70;5 89 91;2 95 96
6 8 13;6 13 17;0 30 31;0 31 32;1 39 40;0 57 59;0 73 75;7 80 85;0 96 98;2 105 107;2 127 128
6 9 12;0 22 24;2 27 29;1 36 37;0 42 43;1 61 62;0 71 73;0 84 85;0 105 106;8 115 119;1 125 126;2 138 140;6 143 146;2 146 148;0 155 156;1 165 166;2 170 171
6 2 5;0 9 10;0 10 11;1 18 19;3 32 34;0 39 40;1 46 47;0 55 56;1 60 61;0 81 82;0 114 115;0 115 116;0 127 128;1 132 133;0 155 156;0 165 166;5 166 168;0 171 172;0 172 173;6 190 195;0 198 199;0 208 209;2 228 229
0 11 12;0 31 32;0 32 33;6 33 36;8 65 69;7 84 89;0 105 106;7 149 154;0 171 173;8 176 179;0 184 185;0 212 213;2 239 240
0 14 15;0 45 46;2 64 66;6 77 81;8 91 95;0 99 101;2 110 111
2 15 17;0 17 19;6 22 25;1 27 28;6 31 35;0 43 44;1 62 63;6 68 71;1 76 77;6 88 91;1 96 97;8 100 105;1 112 113;0 118 119;0 128 129;2 135 136
0 9 10;1 16 17;8 27 31;8 56 60;8 69 73;0 98 99;2 109 111;0 111 113;6 116 119;0 120 121;6 135 140;2 150 151
8 6 10;6 30 33;6 36 39;6 45 48;0 78 79;1 93 94;1 98 99;1 111 112;8 115 118;2 133 134
0 15 17;5 20 22;8 31 35;1 45 46;6 55 60;8 67 71;3 71 73;6 78 83;8 83 86;5 96 98;3 101 103;9 108 112;6 115 118;0 129 131;5 134 136;2 140 141
1 7 8;0 18 19;1 25 26;1 30 31;6 42 47;9 48 51;6 55 59;0 71 72;8 76 79;0 100 101;5 117 119;0 145 147;0 148 149;6 171 174;0 175 176;1 182 183;0 196 197;1 201 202;2 206 207
0 7 8;0 15 16;1 22 23;0 33 34;1 40 41;1 45 46;0 51 52;6 73 76;1 81 82;0 126 127;6 149 154;2 156 157
0 2 3;8 14 18;5 18 20;2 32 34;0 34 36;8 47 50;6 59 63;1 78 79;6 80 85;1 91 92;8 93 98;0 98 99;0 110 112;1 119 120;0 129 130;8 142 146;1 150 151;0 164 165;0 176 177;8 188 192;5 192 194;8 198 202;1 206 207;0 227 228;2 240 242;0 242 244;0 247 249;3 251 253;1 273 274;0 285 286;0 286 287;0 298 299;0 315 317;3 319 321;0 331 332;1 336 337;2 341 342
0 25 26;8 37 41;5 41 43;6 61 65;6 69 73;5 92 94;1 96 97;1 111 112;5 117 119;0 126 127;1 139 140;8 162 166;0 166 167;1 176 177;0 192 193;1 219 220;8 222 226;2 229 231;0 231 233;8 236 239;2 254 255
0 2 3;0 19 20;1 30 31;3 53 55;6 63 67;0 79 80;0 110 111;8 115 118;0 134 135;0 135 136;0 141 142;1 142 143;0 158 159;0 159 160;0 165 166;1 166 167;0 183 184;2 202 204;0 207 209;3 211 213;0 233 234;6 243 246;0 247 248;2 267 268
0 7 8;0 15 16;0 32 33;1 43 44;6 49 52;1 52 53;8 54 58;5 58 60;8 66 70;0 78 79;1 87 88;1 93 94;1 115 116;8 129 133;6 137 140;1 140 141;5 146 148;6 149 153;1 159 160;6 161 166;0 169 170;1 188 189;0 199 200;0 209 210;2 216 217
2 2 4;0 13 14;0 14 15;6 15 18;1 26 27;0 32 33;0 46 47;1 53 54;0 64 65;1 92 93;6 102 105;0 117 118;2 124 125
0 14 15;0 32 34;5 41 43;0 50 52;0 62 63;0 81 83;1 97 98;6 109 112;0 113 115;0 135 137;2 150 152;0 152 154;2 160 162;1 175 176;0 181 182;1 200 201;8 204 208;1 214 215;6 220 224;0 230 232;7 243 249;6 258 262;0 271 273;5 281 283;0 288 289;8 311 316;0 318 319;0 319 320;0 331 332;0 361 362;6 373 377;6 381 385;2 393 394
6 8 13;1 18 19;0 24 25;1 45 46;8 52 56;1 62 63;6 76 79;6 91 94;0 100 101;0 101 102;1 105 106;2 110 111
6 4 7;2 7 9;1 16 17;6 19 24;8 24 28;1 34 35;0 43 45;1 50 51;0 62 64;6 70 75;2 81 82
8 21 26;1 66 67;2 72 74;0 84 86;0 87 88;0 123 125;2 134 135
2 15 17;0 17 19;6 22 25;0 26 27;5 57 59;1 62 63;6 72 75;0 76 77;1 89 90;0 93 94;2 100 101;5 101 102
0 22 23;0 44 45;0 63 64;0 64 65;1 72 73;0 78 79;0 150 151;2 188 189
8 50 54;5 74 76;8 88 92;6 94 98;0 105 106;1 122 123;6 132 135;0 147 149;0 152 153;1 171 172;0 175 176;0 195 196;0 205 206;1 210 211;2 215 216
0 7 8;5 27 29;1 42 43;0 54 55;2 70 72;0 72 74;6 77 81;1 83 84;0 89 91;1 100 101;8 112 115;0 134 135;0 150 152;8 159 162;0 165 167;0 172 173;6 196 199;7 214 220;0 229 231;2 240 241
0 13 15;6 22 27;5 31 33;0 36 38;8 45 50;3 52 54;9 55 59;0 70 72;2 81 82
7 4 9;0 16 17;3 33 35;6 40 45;0 54 55;8 91 95;0 102 104;6 117 122;8 124 128;1 130 131;0 136 138;6 157 160;8 172 176;0 176 177;8 201 205;0 205 206;5 206 208;0 213 215;0 221 222;1 226 227;2 231 232
2 18 21;6 27 32;6 36 41;6 50 55;5 75 77;2 81 83;6 86 89;0 101 103;0 106 107;1 125 126;0 135 137;1 147 148;2 152 153
5 12 14;1 23 24;1 39 40;6 49 52;0 64 65;6 74 78;8 87 91;0 99 100;0 100 101;8 123 126;1 142 143;2 147 148
2 6 8;8 11 14;0 40 42;0 45 46;1 57 58;0 63 65;0 81 82;0 98 100;0 103 105;0 106 107;0 107 108;0 133 135;6 148 153;0 156 157;1 161 162;2 166 167
0 5 7;6 12 16;0 22 24;0 30 31;2 90 91
1 2 3;0 8 9;0 9 10;0 21 22;0 39 41;1 48 49;1 52 53;0 58 60;1 69 70;8 81 84;0 95 97;3 99 101;0 113 114;1 122 123;0 130 132;3 134 136;0 146 147;2 157 158
0 8 9;6 25 28;1 28 29;8 30 34;5 34 36;8 42 46;0 54 55;1 63 64;1 69 70;1 87 88;0 93 94;0 103 104;2 110 111
3 4 6;0 9 10;0 30 31;0 70 71;0 87 89;0 90 91;1 109 110;0 121 122;0 138 140;2 162 163
0 14 15;0 15 16;3 23 25;0 40 41;0 64 65;8 94 97;0 123 125;1 145 146;0 157 158;8 174 178;6 182 186;0 186 187;7 200 205;2 207 208
0 12 13;2 30 32;2 66 68;2 78 80;0 111 113;0 143 144;0 144 145;0 175 177;8 184 187;2 189 190
6 2 5;0 9 10;0 10 11;0 26 27;3 70 72;0 80 82;6 87 91;0 97 99;0 105 106;0 127 128;2 173 174
0 73 75;6 78 83;5 99 101;0 113 114;0 150 151;1 180 181;6 184 187;1 208 209;0 214 215;0 226 227;0 227 228;1 233 234;8 252 256;8 262 265;2 276 277
0 16 17;0 37 38;8 38 41;5 43 45;0 72 74;0 95 97;6 109 112;5 119 121;6 122 126;1 133 134;6 143 146;3 153 155;9 156 160;0 171 173;2 182 183
0 29 31;8 45 49;0 55 57;6 71 74;0 75 76;0 101 102;0 111 112;1 116 117;2 121 122
6 26 31;6 37 42;5 44 46;0 67 69;2 80 82;8 85 88;0 91 92;1 115 116;0 119 120;2 139 140
0 7 8;6 22 26;8 40 43;6 53 58;0 77 78;0 78 79;3 84 86;3 104 106;0 113 114;0 114 115;0 125 126;2 145 146
0 7 8;6 22 26;0 35 36;0 45 46;0 55 56;8 84 87;1 96 97;8 102 105;0 106 107;1 122 123;0 126 127;0 127 128;2 141 143;6 146 149;7 160 165;5 174 176;0 185 186;2 207 209;6 212 215;0 216 217;7 230 235;2 237 238
0 2 3;0 3 4;1 7 8;0 16 17;0 35 36;1 42 43;0 53 54;8 58 61;0 67 68;0 77 78;8 88 92;1 98 99;7 100 105;0 110 111;0 134 136;6 163 166;1 166 167;8 168 172;5 172 174;0 188 189;1 197 198;1 203 204;2 217 219;8 225 230;1 230 231;0 236 237;0 246 247;2 253 254
6 4 7;6 18 23;0 26 27;1 43 44;0 66 67;0 86 88;0 95 96;0 96 97;6 97 100;6 156 161;6 173 176;2 207 208
0 13 14;0 23 25;0 47 49;8 55 60;1 60 61;6 64 69;0 92 93;6 102 106;6 125 128;0 129 130;7 143 148;2 150 151
1 16 17;8 31 35;8 59 63;6 88 91;0 96 97;1 97 98;7 108 113;0 120 121;2 140 141
2 15 17;0 17 19;6 22 25;0 26 27;5 41 43;0 48 49;0 49 50;1 74 75;0 87 88;0 88 89;1 96 97;6 104 107;0 108 109;0 121 122;0 122 123;0 133 134;0 134 135;2 140 141
0 7 8;0 15 17;0 28 29;1 58 59;0 62 63;1 101 102;0 107 108;0 119 120;0 120 121;1 126 127;8 145 149;8 155 158;2 169 170
0 33 34;6 43 46;6 66 69;0 92 93;2 112 113
0 2 3;0 12 13;0 21 23;8 31 36;6 40 45;6 50 55;9 63 68;0 74 75;7 99 105;0 118 119;1 137 138;8 141 145;5 145 147;6 162 165;5 175 177;2 179 181;0 189 190;0 203 204;6 222 225;1 234 235;2 239 240
7 22 28;0 51 52;0 52 53;5 56 58;8 93 97;6 121 125;6 136 140;0 150 152;0 155 156;0 171 172;2 184 185
1 23 24;1 28 29;5 39 41;0 51 52;1 67 68;6 80 85;1 102 103;1 107 108;8 133 137;0 137 138;1 150 151;6 166 169;0 174 175;0 194 195;0 204 205;0 205 206;1 209 210;2 214 215
1 18 19;0 26 27;0 40 42;8 49 53;2 72 74;8 77 81;0 103 104;2 123 124
6 2 5;0 6 7;0 14 15;0 29 30;8 46 49;1 64 65;8 69 73;6 75 78;0 86 87;6 91 94;1 101 102;0 122 123;5 134 136;5 148 150;8 179 184;0 186 187;0 187 188;1 196 197;0 202 203;8 207 210;0 216 217;1 255 256;0 262 263;0 272 273;5 277 279;0 284 286;0 300 301;8 317 321;1 323 324;1 329 330;0 340 341;0 350 351;2 357 358
0 1 2;3 5 7;0 15 16;1 20 21;0 29 30;1 34 35;0 43 44;0 44 45;3 48 50;0 58 59;0 59 60;1 63 64;0 72 73;0 73 74;1 77 78;0 86 87;0 102 103;0 117 118;0 118 119;6 119 122;0 134 135;8 139 142;0 147 148;1 152 153;0 171 172;0 189 190;2 200 201
0 12 13;6 13 16;0 24 25;2 41 43;0 43 45;6 48 52;0 63 65;2 94 96;0 96 98;0 101 103;9 119 122;6 151 154;1 165 166;0 169 170;2 176 177
0 12 13;5 27 29;1 31 32;6 57 62;6 69 73;2 79 81;6 95 98;2 114 116;6 119 122;1 124 125;7 132 137;6 162 165;5 168 170;1 172 173;1 186 187;2 194 195
0 12 13;9 35 40;1 56 57;6 84 89;6 104 107;0 108 109;2 135 136
6 2 5;0 6 7;1 18 19;0 27 28;0 28 29;1 34 35;1 37 38;0 43 44;1 59 60;6 81 86;8 86 90;0 94 95;6 104 108;6 112 116;2 124 125
7 5 6;0 14 15;0 28 29;0 29 30;6 30 33;0 41 42;1 48 49;0 59 60;8 64 67;0 71 72;0 81 82;0 105 106;9 120 123;6 161 166;6 175 178;6 198 201;1 203 204;7 218 223;2 225 226
0 8 9;0 9 10;1 15 16;0 21 22;0 39 41;2 47 50;0 76 77;8 124 127;6 138 141;2 141 143;0 143 145;7 148 153;0 169 170;2 182 184;6 196 199;2 226 228;0 228 230;6 233 236;0 237 238;0 250 251;0 251 252;0 262 263;0 263 264;2 269 270
2 2 4;0 13 14;0 31 33;0 34 35;0 41 43;0 44 45;0 60 62;0 68 69;0 69 70;1 73 74;2 78 79
0 19 20;6 47 52;0 55 56;6 70 74;0 84 86;7 89 94;0 100 101;0 123 125;8 130 133;6 142 147;1 153 154;1 157 158;6 167 170;6 196 200;6 209 213;8 226 230;0 240 241;6 272 277;0 283 284;6 323 328;8 352 356;1 358 359;8 365 369;1 369 370;6 377 380;0 381 382;5 403 405;0 408 409;2 419 420
8 8 11;8 24 28;6 34 38;6 50 54;5 60 62;5 104 106;0 115 116;0 142 144;2 153 154
0 12 13;8 31 34;0 37 39;4 42 44;8 48 52;8 69 73;6 84 89;3 98 100;7 105 110;0 122 124;0 129 130;0 130 131;8 144 147;0 150 152;2 176 178;0 178 180;2 212 213
2 2 4;0 13 14;0 31 33;1 36 37;0 42 44;0 45 46;6 64 69;0 72 73;0 95 97;6 113 117;0 117 118;2 124 126;0 126 128;6 131 134;0 135 136;0 148 149;2 158 159
2 10 12;8 15 18;8 29 33;6 39 44;6 44 48;1 76 77;2 81 83;1 89 90;8 91 96;6 98 101;0 103 104;0 121 123;1 143 144;6 145 150;5 161 163;2 167 168
6 4 7;0 9 10;6 32 37;8 40 44;5 58 60;5 73 75;0 90 92;1 102 103;2 107 108
6 19 22;6 53 58;6 83 86;2 123 124
2 10 12;8 15 18;6 29 34;1 74 75;6 77 82;8 90 94;6 94 97;0 98 99;8 99 102;0 107 109;0 117 118;8 134 138;6 140 143;7 153 158;2 168 169
5 4 6;3 9 11;6 24 29;8 34 37;8 91 95;0 95 96;7 116 121;2 123 124
8 4 8;0 15 17;0 34 35;2 44 46;1 51 52;0 101 102;0 111 112;2 118 119
4 40 42;1 56 57;0 60 61;1 67 68;0 71 72;2 78 79
0 10 11;6 11 14;2 41 43;6 56 61;8 75 78;0 81 82;0 82 83;6 83 86;0 100 101;2 117 119;0 119 121;6 124 127;5 144 146;8 151 154;0 171 172;1 176 177;6 187 190;1 193 194;1 202 203;6 206 211;2 213 214
6 2 5;0 16 17;0 24 25;0 39 40;0 40 41;1 46 47;1 49 50;0 55 56;8 84 88;6 88 91;0 92 93;0 108 109;0 128 129;8 144 148;9 164 167;1 181 182;1 185 186;0 193 194;0 213 214;2 241 242
6 28 33;0 38 39;6 55 58;1 60 61;5 64 66;0 70 72;0 73 74;6 85 88;1 98 99;5 104 106;0 111 112;0 129 131;0 141 143;0 144 145;0 145 146;1 149 150;1 154 155;0 160 161;0 172 173;0 189 191;6 205 210;6 219 223;9 237 241;0 252 254;2 263 264
0 5 6;0 20 21;0 21 22;3 34 36;6 37 41;0 41 42;6 55 60;1 69 70;0 92 94;0 102 103;0 103 104;0 115 116;0 137 138;1 147 148;0 162 163;0 181 182;1 189 190;6 200 204;2 210 211
6 2 5;0 10 11;1 17 18;0 21 22;0 32 33;0 33 34;6 34 37;0 56 57;0 68 69;0 69 70;1 75 76;1 78 79;0 84 85;1 101 102;7 103 108;6 113 117;2 122 123
6 2 5;0 6 7;3 34 36;0 49 51;0 54 55;0 61 62;1 62 63;0 66 67;0 67 68;0 79 80;5 80 82;6 86 89;0 90 92;0 101 102;1 126 127;1 135 136;2 140 141
0 2 4;3 6 8;1 20 21;0 26 27;0 27 28;6 28 31;0 47 49;2 58 59
6 2 5;0 6 7;0 24 26;0 36 38;0 39 40;0 40 41;1 44 45;1 49 50;8 72 76;1 81 82;5 91 93;8 99 103;0 112 113;1 121 122;6 131 134;1 134 135;0 138 139;0 139 140;6 140 143;2 145 146
1 7 8;5 22 24;1 26 27;0 32 33;0 33 34;6 39 42;1 70 71;6 72 76;1 91 92;0 102 103;0 126 127;1 131 132;2 136 137
0 17 18;0 27 28;6 28 31;0 35 36;0 36 37;0 44 45;8 58 62;0 62 63;0 112 113;3 140 142;1 158 159;2 174 175
0 14 15;8 19 22;1 22 23;0 26 27;0 27 28;9 49 51;2 54 56;3 78 80;8 83 88;6 90 93;1 119 120;7 131 136;5 141 143;2 147 149;6 161 166;1 171 172;1 177 178;0 217 219;2 228 229
5 6 8;0 21 22;8 34 38;5 38 40;6 49 52;0 61 63;3 68 70;8 87 91;0 91 92;1 101 102;0 117 119;0 131 133;1 138 139;5 146 148;0 152 153;0 162 163;5 167 169;2 173 174
6 2 5;1 14 15;3 24 26;0 35 36;9 48 51;8 65 68;2 86 87
1 47 48;8 49 53;0 57 58;3 85 87;0 93 94;1 120 121;2 123 125;2 160 162;1 179 180;8 183 187;3 191 193;2 202 204;2 236 239;6 250 253;2 253 255;2 304 305
3 12 14;0 17 18;1 39 40;2 56 58;5 61 63;1 66 67;8 69 73;1 75 76;5 81 83;6 106 112;8 112 116;5 116 118;2 122 124;2 141 142
6 18 21;0 24 25;0 40 41;1 77 78;2 82 84;6 87 90;1 92 93;0 107 108;5 112 114;2 118 119
8 16 20;0 24 25;8 60 63;3 85 87;3 91 93;3 102 104;8 112 115;0 116 117;0 145 146;0 176 177;0 177 178;1 183 184;1 186 187;0 200 201;5 212 214;1 216 217;1 221 222;1 229 230;6 237 240;2 250 251
0 12 13;0 13 14;6 14 17;2 26 28;6 31 34;6 35 39;1 39 40;8 45 49;0 49 50;0 59 61;8 79 83;7 92 97;2 146 147
2 19 21;8 24 27;6 45 50;7 50 55;1 60 61;6 71 74;0 78 79;0 98 99;8 99 102;2 106 108;0 108 110;6 113 116;6 124 129;0 132 133;8 137 140;2 144 145
2 6 8;5 13 15;0 19 20;0 20 21;6 21 24;6 35 40;9 41 44;3 55 57;6 82 87;8 90 94;2 94 96;0 114 115;6 141 144;2 179 180
0 5 6;0 31 32;0 42 43;2 57 60;8 69 72;0 79 80;8 104 108;8 112 116;6 122 126;0 133 135;3 144 146;6 166 170;3 172 174;0 181 182;8 193 197;6 207 211;6 213 216;2 216 218;0 218 220;6 223 226;0 252 254;0 255 256;0 280 281;0 281 282;8 298 301;1 316 317;1 321 322;6 332 335;0 341 342;0 342 343;1 346 347;2 351 352
6 4 7;2 7 9;8 12 15;1 16 17;5 35 37;0 47 48;0 66 67;2 77 79;0 88 89;0 89 90;6 90 93;6 99 102;2 121 124;8 127 130;6 134 139;1 141 142;0 145 146;0 152 153;1 153 154;0 157 158;0 158 159;6 170 173;8 210 214;8 220 223;2 234 235
6 2 5;0 16 17;0 23 24;1 24 25;0 28 29;0 29 30;3 43 45;8 50 53;1 57 58;0 66 67;0 67 68;3 73 75;0 80 81;1 94 95;0 104 105;6 116 119;0 130 131;0 131 132;6 132 135;0 141 142;1 150 151;2 159 162;2 167 169;0 179 180;0 203 204;6 219 222;2 231 233;6 236 239;1 246 247;2 263 265;1 271 272;2 274 276;8 306 311;1 319 320;8 330 335;7 337 342;0 354 355;1 368 369;0 384 385;1 392 393;6 403 407;2 416 417
0 2 3;5 12 14;2 16 18;0 18 20;0 34 35;0 35 36;1 41 42;6 57 61;3 63 65;1 79 80;6 81 86;2 92 93
0 21 23;0 24 25;6 46 50;6 80 84;0 98 100;3 102 104;1 115 116;0 119 120;6 124 127;1 144 145;2 149 150
0 2 3;0 19 21;0 22 23;0 23 24;3 41 43;9 54 58;6 90 95;6 101 106;0 109 110;8 128 132;6 134 137;2 139 141;6 170 176;0 179 180;0 200 202;3 204 206;1 217 218;0 221 222;0 222 223;6 223 226;1 244 245;2 249 250
8 28 33;6 33 36;0 65 67;8 82 85;3 96 98;3 143 145;6 149 154;8 158 161;2 182 183
0 11 12;9 25 30;8 54 58;6 58 61;1 86 87;2 91 92
5 12 14;0 17 19;6 31 36;2 36 38;2 57 59;0 59 61;0 68 69;1 83 84;0 89 90;6 112 117;0 125 127;2 136 137
6 7 11;6 19 24;0 27 28;0 28 29;3 34 36;0 41 42;6 53 56;6 56 60;0 67 68;0 68 69;0 79 80;5 84 86;1 88 89;6 96 100;0 107 108;0 121 122;0 143 144;0 159 160;6 172 176;0 184 185;0 209 210;2 239 240
1 4 5;0 12 13;0 30 31;0 55 56;0 71 72;0 72 73;1 78 79;6 86 89;2 100 101
1 4 5;0 41 42;2 57 59;0 59 61;6 64 67;2 84 85
8 12 16;3 20 22;6 26 31;6 31 35;5 35 37;0 41 43;0 44 45;6 56 59;1 69 70;0 76 77;5 86 88;0 92 94;0 95 96;6 107 110;1 120 121;6 126 129;2 140 141
8 12 16;3 20 22;6 26 31;6 31 35;2 39 41;0 48 49;0 62 63;6 94 98;2 102 104;0 111 112;6 130 134;6 144 147;7 147 152;2 161 163;2 169 171;6 174 178;2 213 214
6 38 41;6 45 48;0 49 50;0 50 51;6 54 57;0 75 76;6 95 98;0 99 100;9 113 117;2 130 131
1 14 15;0 19 20;6 34 38;8 49 53;0 57 58;1 69 70;8 72 76;0 84 85;0 120 121;1 127 128;7 150 155;0 159 160;1 164 165;2 169 170
0 16 17;1 24 25;0 40 42;6 51 56;1 62 63;0 66 67;5 67 69;0 72 74;0 80 81;6 91 96;8 96 100;0 104 105;8 114 118;8 118 121;1 126 127;2 131 132
0 13 15;0 35 37;1 48 49;6 54 57;1 81 82;1 87 88;0 101 102;8 113 117;5 117 119;0 128 129;8 129 132;1 150 151;0 158 159;0 159 160;1 163 164;2 168 169
6 8 13;6 13 17;1 28 29;6 38 43;7 43 48;1 63 64;0 86 87;2 97 98
8 4 8;8 58 61;8 61 65;3 67 69;6 78 81;2 81 83;3 106 108;6 109 114;6 114 117;2 127 128
6 8 13;6 13 17;8 44 47;0 57 58;0 58 59;6 62 65;0 79 81;2 94 95
6 8 13;6 13 17;8 17 20;8 38 41;0 50 51;0 73 75;5 82 84;2 88 89
6 2 5;0 6 7;0 27 28;0 28 29;6 29 32;6 42 47;1 49 50;6 52 55;0 56 57;0 57 58;6 58 61;8 67 70;2 85 86
7 26 31;2 42 44;0 44 46;6 60 65;0 68 69;0 69 70;6 70 73;5 107 109;0 117 118;0 135 137;3 144 146;0 149 150;0 169 171;2 180 181
6 4 7;6 15 18;0 28 29;6 63 66;6 96 99;0 100 101;2 135 136
6 12 15;7 16 21;8 25 29;3 37 39;8 69 73;0 73 74;2 102 103
1 22 23;0 27 28;8 39 43;8 43 46;1 51 52;2 56 57
2 7 9;6 33 38;3 63 65;0 68 69;6 86 89;3 107 109;6 152 156;5 166 168;2 172 173
1 28 29;1 43 44;1 49 50;6 65 71;0 96 97;5 101 103;2 107 108
6 4 7;8 30 33;8 33 37;2 39 41;4 44 46;1 51 52;5 59 61;8 64 67;8 67 71;1 73 74;2 87 88
6 2 5;0 30 32;0 39 41;0 50 51;5 67 69;8 91 94;2 105 106
9 9 11;2 50 52;6 55 58;1 60 61;6 68 72;2 74 76;8 79 82;8 82 86;2 94 95
6 9 12;8 26 30;0 45 46;0 57 58;1 71 72;0 83 85;0 86 87;0 87 88;6 88 91;6 101 104;0 112 114;0 115 116;8 143 147;0 147 148;2 176 177
2 4 6;6 9 12;0 29 30;0 30 31;1 36 37;1 39 40;0 45 46;2 59 61;6 64 67;0 75 76;6 87 91;1 93 94;6 96 99;2 125 126
1 11 12;2 42 43
2 2 4;0 13 14;0 14 15;6 15 18;5 24 26;3 29 31;6 37 42;6 49 54;7 54 59;3 73 75;7 76 81;0 89 90;0 90 91;6 105 110;7 117 122;2 132 133
0 14 15;1 36 37;1 44 45;0 63 65;6 76 81;6 81 84;5 88 90;2 94 95
6 15 20;2 20 22;8 25 28;0 31 32;6 43 48;7 48 53;8 56 60;6 68 73;6 84 89;1 93 94;8 95 100;4 105 107;0 139 140;2 155 156
6 8 11;0 12 13;0 40 41;0 48 49;0 65 66;1 72 73;6 80 83;0 84 85;0 111 112;0 112 113;6 113 116;1 124 125;6 127 130;2 156 157
6 23 27;0 38 40;8 50 54;6 60 64;6 101 104;7 165 170;6 178 183;8 197 201;0 203 204;0 223 224;0 224 225;3 230 232;2 239 241;8 253 257;1 257 258;2 267 269;1 294 295;6 296 301;2 303 304
2 4 6;6 9 12;3 21 23;0 26 27;2 75 76
0 18 20;0 29 31;2 39 40
0 7 8;0 23 24;0 30 31;1 31 32;0 35 36;0 36 37;0 52 53;5 71 73;1 87 88;0 91 92;1 101 102;0 112 113;0 122 123;2 129 130
8 12 15;6 29 32;0 33 34;0 66 67;0 67 68;0 77 78;2 84 85
2 4 6;6 9 12;8 23 27;0 29 30;0 30 31;1 36 37;1 39 40;8 47 51;0 53 54;0 79 80;5 91 93;8 101 105;0 109 110;3 123 125;6 130 134;0 152 153;0 153 154;6 157 160;2 188 189
0 5 6;0 27 28;0 47 49;0 58 59;0 59 60;6 60 63;5 71 73;6 81 84;1 91 92;1 104 105;7 106 111;6 116 120;2 126 127
0 6 8;0 9 10;0 18 19;8 31 36;5 36 38;1 40 41;1 45 46;0 52 53;1 67 68;0 77 78;0 78 79;1 84 85;1 87 88;0 101 102;8 118 121;6 123 128;8 128 132;1 136 137;9 138 142;1 145 146;2 148 150;0 170 171;2 194 195
6 7 10;0 11 12;0 39 40;0 47 48;2 69 70
1 4 5;8 6 10;0 12 13;0 13 14;6 25 28;6 54 57;0 70 71;0 81 82;0 82 83;0 104 106;2 115 116
0 2 3;1 53 54;1 57 58;8 67 71;6 90 95;1 123 124;0 127 128;0 143 144;5 167 169;2 173 175;0 175 177;3 197 199;6 208 211;6 247 250;8 251 255;6 255 258;0 259 260;5 260 262;2 264 266;0 266 268;8 285 288;2 290 291
8 4 8;6 36 41;5 46 48;5 58 60;0 78 79;0 115 116;2 126 127
1 24 25;6 32 37;1 41 42;0 47 48;1 67 68;3 77 79;5 92 94;0 98 99;0 116 118;1 127 128;0 136 137;8 137 140;1 158 159;0 166 167;8 171 174;2 176 177
6 2 5;9 19 22;1 29 30;3 61 63;8 68 72;0 72 73;1 82 83;0 98 100;0 112 114;0 129 131;1 136 137;8 140 144;5 144 146;1 153 154;5 161 163;0 183 184;2 194 195
6 2 5;9 19 22;6 29 34;1 44 45;0 77 79;1 81 82;1 91 92;0 100 101;0 112 114;0 123 125;6 131 137;5 137 139;2 143 144
6 4 7;3 11 13;0 20 21;8 36 39;2 48 50;0 50 52;6 55 58;1 61 62;6 73 78;2 80 81
2 11 14;6 40 43;3 47 49;1 67 68;0 87 88;0 88 89;1 92 93;2 97 98
2 5 7;0 7 9;6 38 41;5 47 49;3 67 69;0 93 94;5 98 100;3 104 106;0 113 114;2 154 155
0 19 20;1 39 40;2 49 50
6 4 7;3 11 13;0 16 17;0 17 18;6 38 43;2 46 49;0 57 59;2 62 64;8 67 70;6 70 75;2 79 80
6 4 7;2 7 9;0 18 20;8 45 49;0 52 53;0 53 54;6 64 67;0 68 69;5 80 82;2 88 90;6 93 96;0 97 98;0 125 126;2 136 137
0 10 11;0 18 19;1 35 36;1 40 41;0 56 57;5 61 63;2 67 68
2 4 6;2 22 25;6 42 47;8 47 51;1 57 58;6 71 76;8 76 80;0 97 99;6 106 110;6 125 128;8 146 150;0 152 153;6 166 169;1 171 172;0 180 181;2 191 192
1 18 19;8 28 32;8 32 35;8 43 46;8 46 50;0 50 51;2 78 80;0 80 82;8 85 89;8 89 92;6 92 97;2 103 104
0 8 10;0 17 18;5 53 55;7 70 75;0 84 85;0 85 86;1 89 90;2 94 95
0 29 30;0 39 40;1 44 45;2 49 50
2 12 14;8 42 46;6 84 89;0 89 90;5 90 92;0 97 99;5 114 116;6 119 123;0 131 133;0 134 135;0 135 136;0 141 142;1 142 143;0 156 157;2 167 168
2 23 25;6 28 31;1 65 66;6 73 77;1 83 84;8 85 90;0 92 93;0 99 100;1 100 101;0 104 105;0 105 106;0 134 136;8 139 143;0 160 161;5 161 163;2 172 175;1 182 183;0 192 193;5 197 199;0 234 236;0 251 253;0 254 255;0 265 266;2 272 273
5 8 10;7 18 19;0 37 38;4 64 66;6 66 69;0 78 79;2 100 101
1 4 5;2 19 21;3 28 30;0 36 37;1 83 84;6 90 95;5 97 99;2 108 111;2 116 118;5 121 123;0 130 131;8 151 154;6 157 160;1 162 163;2 166 168;1 173 174;0 184 185;2 190 192;1 207 208;2 213 215;0 215 217;3 224 226;0 246 247;2 257 258
4 2 4;1 9 10;5 17 19;5 31 33;8 40 43;0 49 50;2 60 61
0 2 3;6 66 70;6 72 75;6 82 88;0 91 92;0 92 93;6 93 96;1 110 111;1 121 122;2 126 127
5 6 8;2 24 26;3 33 35;5 53 55;6 56 60;5 64 66;1 68 69;6 71 76;0 79 80;0 80 81;1 89 90;0 99 100;0 109 111;3 122 124;0 131 132;6 143 146;5 157 159;0 181 182;1 188 189;0 207 209;2 226 227
8 4 8;8 8 11;6 20 25;6 25 28;2 28 30;8 33 36;2 40 42;0 62 63;5 74 76;0 84 85;1 91 92;8 97 101;5 101 103;5 112 114;3 117 119;0 124 125;7 135 140;6 159 162;0 168 169;2 179 180
6 13 16;0 22 23;0 40 42;1 51 52;0 55 56;0 78 79;1 83 84;2 88 89
6 2 5;0 6 7;2 64 65
3 9 11;0 48 50;0 51 52;0 62 63;2 69 70
2 47 49;1 55 56;2 60 62;6 87 90;2 90 92;0 101 103;0 131 132;0 145 146;0 152 153;1 153 154;0 157 158;0 158 159;1 179 180;2 194 195
3 9 11;8 34 38;0 40 41;8 75 78;0 88 89;0 89 90;6 90 93;0 113 115;2 124 125
8 23 27;0 50 51;5 62 64;0 69 70;0 70 71;5 74 76;0 85 86;2 107 108
0 5 6;8 6 9;0 12 14;0 26 27;0 27 28;1 33 34;1 36 37;0 42 43;0 66 67;1 74 75;0 80 81;0 81 82;6 82 85;8 92 96;7 99 104;2 114 115
8 9 12;0 43 44;0 59 61;8 64 68;5 68 70;0 84 85;8 85 88;2 92 94;0 94 96;6 99 102;6 110 115;0 118 119;8 123 126;2 130 131
6 2 5;0 27 28;0 45 47;1 52 53;8 77 80;0 81 82;2 92 93
2 7 9;0 18 19;0 19 20;6 20 23;8 29 33;8 33 36;6 47 52;8 52 56;2 65 67;0 77 78;8 101 105;0 109 110;1 121 122;0 136 137;0 144 145;1 162 163;0 197 198;2 208 209
5 16 18;0 25 26;6 39 44;6 55 58;0 64 65;2 75 76
5 8 10;8 15 19;0 23 24;8 41 44;8 69 73;6 84 87;6 93 99;0 102 103;0 103 104;1 107 108;2 112 113
6 4 8;0 17 18;8 31 35;2 51 53;6 70 74;5 76 78;8 88 92;4 98 100;1 114 115;1 128 129;6 132 136;3 138 140;1 157 158;0 166 167;0 177 178;0 178 179;2 184 185
2 7 9;0 18 19;0 19 20;6 20 23;5 29 31;3 34 36;0 43 44;7 54 59;0 74 75;6 88 91;1 115 116;8 121 125;6 133 136;2 162 164;8 180 184;2 188 189
0 2 3;2 20 23;0 35 36;0 60 61;0 82 83;1 87 88;2 92 93
4 40 42;1 48 49;1 68 69;1 73 74;6 77 80;7 93 98;2 115 116
2 15 17;0 17 19;0 27 28;6 37 40;6 48 53;6 64 68;2 72 73
0 7 8;0 19 21;6 34 37;2 43 45;0 45 47;6 68 73;1 75 76;2 92 95;6 101 106;6 108 111;6 110 115;8 137 141;1 147 148;8 153 157;0 164 166;6 171 174;2 174 176;8 209 213;2 215 216
0 6 7;8 52 56;2 58 59
2 4 6;6 9 12;0 52 54;6 144 147;1 149 150;9 157 161;0 168 169;0 169 170;2 175 176
8 8 12;4 12 14;8 18 22;0 24 25;0 47 48;8 113 117;1 123 124;6 125 130;2 132 133
0 7 8;0 22 23;0 23 24;1 29 30;1 32 33;0 38 39;6 67 71;1 85 86;0 93 94;3 98 100;5 107 109;6 142 147;8 151 155;6 162 165;6 167 172;5 172 174;9 186 189;0 195 196;6 214 217;0 218 219;2 234 236;0 236 238;1 246 247;2 249 251;6 264 269;2 271 272
0 29 30;2 44 47;6 50 53;6 54 59;7 67 72;6 79 82;2 97 99;6 164 169;0 177 179;1 184 185;2 198 199
5 13 15;0 19 20;8 24 27;1 27 28;6 33 36;8 45 49;6 49 52;1 61 62;6 75 78;1 80 81;8 91 95;2 97 98
5 13 15;1 17 18;3 27 29;3 44 46;6 68 71;0 79 80;0 80 81;6 96 99;2 99 101;6 104 107;1 109 110;8 118 122;2 124 125
0 7 8;0 24 26;0 36 38;0 39 40;0 40 41;1 44 45;1 49 50;0 55 57;3 59 61;6 70 75;6 82 86;5 88 90;8 91 95;2 97 98
9 18 22;2 37 40;3 54 56;9 59 63;1 66 67;5 70 72;6 79 83;0 89 91;2 98 100;8 103 106;8 120 123;3 131 133;1 142 143;6 153 156;2 158 160;8 163 166;6 173 177;0 177 178;6 203 207;2 209 210
0 16 17;1 24 25;0 40 42;6 57 62;1 68 69;1 80 81;6 82 86;0 86 87;5 87 89;0 92 94;0 100 101;6 111 116;8 116 120;0 124 125;8 134 138;8 138 141;1 146 147;2 151 152
0 22 24;0 34 35;2 41 43;0 43 45;6 48 51;2 53 55;8 58 61;0 73 74;7 85 90;2 90 92;1 97 98;8 122 125;6 125 130;2 136 137
8 2 6;0 18 19;0 25 26;1 26 27;0 30 31;0 31 32;1 79 80;5 114 116;2 120 121
0 2 4;3 6 8;0 13 14;0 41 42;0 61 62;0 62 63;6 63 66;0 90 92;1 104 105;6 108 113;0 121 123;2 132 133
8 6 10;6 29 34;7 34 39;1 44 45;6 64 69;8 78 82;5 82 84;1 88 89;1 94 95;2 103 106;6 113 118;0 129 131;3 133 135;1 156 157;6 162 166;1 177 178;0 184 185;0 199 200;0 200 201;6 201 204;1 218 219;6 242 247;6 254 257;0 260 261;7 271 276;1 286 287;6 289 292;0 302 303;0 303 304;6 304 307;2 323 324
6 18 21;0 24 25;0 40 41;0 58 60;3 62 64;0 108 109;1 117 118;3 123 125;3 129 131;0 134 135;0 151 153;0 186 187;0 200 201;0 201 202;1 205 206;2 210 211
8 23 27;0 33 34;5 45 47;6 61 66;8 68 72;0 72 73;1 92 93;2 97 98
0 2 4;3 6 8;0 26 28;0 45 46;6 71 76;8 76 80;0 84 85;3 105 107;1 114 115;0 127 128;0 148 150;0 166 167;0 167 168;0 188 190;5 193 195;2 199 200
0 2 4;3 6 8;0 13 14;2 29 31;0 31 33;8 36 39;6 60 65;0 73 75;2 84 85
6 13 16;0 25 26;0 43 44;2 54 55
6 2 5;0 6 7;0 24 26;0 36 38;0 39 40;0 40 41;1 44 45;1 49 50;2 63 65;0 65 67;0 87 89;3 91 93;1 104 105;0 108 109;6 113 116;1 133 134;2 138 139
0 7 8;0 24 25;0 38 39;6 45 48;0 51 52;0 64 65;0 65 66;2 119 120
5 6 8;2 43 45;6 48 51;6 66 71;2 73 74
7 2 7;2 17 19;0 19 21;0 29 30;6 39 42;2 42 44;2 83 84
0 8 9;0 18 19;0 35 37;8 40 44;1 50 51;1 61 62;6 77 83;1 102 103;0 106 107;0 124 125;0 160 161;0 161 162;8 202 206;9 209 213;6 221 224;1 231 232;2 236 237
1 8 9;8 31 35;8 35 38;6 54 59;7 59 64;1 77 78;6 89 94;8 99 102;1 104 105;6 110 113;8 152 155;1 166 167;2 171 172
1 4 5;2 14 16;5 54 56;0 74 75;2 86 88;0 106 107;2 123 125;0 125 127;6 130 133;6 135 140;1 142 143;0 146 148;1 163 164;6 166 169;2 169 171;1 177 178;8 188 193;5 193 195;2 199 200
1 4 5;6 14 18;8 18 21;0 32 33;8 42 46;7 48 49;2 74 75
2 4 6;8 24 27;3 33 35;0 40 41;2 52 54;0 64 65;2 78 80;6 91 94;6 101 105;2 107 109;2 137 139;6 155 159;0 170 171;0 186 187;2 211 213;8 216 219;6 228 231;2 231 233;7 237 243;0 248 249;0 249 250;1 253 254;2 258 259
0 6 8;1 11 12;5 20 22;1 25 26;1 53 54;2 84 86;8 89 93;8 93 96;0 102 103;0 103 104;1 107 108;2 112 113
6 8 11;8 24 28;0 31 32;8 41 45;3 45 47;2 54 56;8 59 62;8 62 66;2 74 75
8 8 11;2 24 26;7 36 37;8 48 51;8 63 67;0 71 72;6 89 93;2 138 139
0 16 17;1 24 25;0 38 39;1 51 52;5 65 67;3 87 89;6 90 95;6 95 98;5 102 104;2 108 109
6 25 28;1 30 31;6 34 38;8 47 51;8 67 71;5 71 73;5 90 92;0 111 113;2 122 123
0 2 3;0 10 11;1 56 57;5 59 61;0 69 70;2 85 87;0 87 89;6 92 95;6 97 102;2 108 109
0 11 12;6 52 57;8 57 61;1 67 68;0 76 78;8 94 98;0 105 107;6 110 113;6 119 122;8 135 138;2 155 156
6 23 27;6 41 45;6 78 83;2 85 86
2 5 8;3 17 19;0 40 41;0 41 42;6 45 48;0 60 61;8 77 81;8 83 87;0 96 97;8 126 130;0 144 145;2 173 175;2 190 192;2 204 205
0 8 9;0 16 18;0 33 34;5 43 45;1 48 49;1 62 63;2 65 67;6 70 73;7 89 94;2 96 97
5 9 11;8 31 35;0 35 36;0 62 63;5 63 65;1 69 70;6 90 94;1 94 95;0 103 104;7 108 109;6 110 113;6 129 134;0 137 138;1 142 143;2 147 148
2 14 16;6 29 33;0 48 49;3 53 55;0 76 77;0 98 99;7 115 120;0 145 146;0 168 169;2 179 180
2 10 12;0 19 20;5 20 22;3 30 32;1 41 42;3 46 48;5 53 55;0 69 70;3 74 76;0 88 89;0 100 101;0 116 117;7 141 147;0 156 157;0 157 158;1 161 162;2 166 167
7 14 19;1 24 25;6 42 45;0 46 47;5 47 49;6 70 73;0 83 84;8 96 99;0 109 110;1 114 115;2 119 120
1 8 9;6 17 20;1 22 23;6 47 50;1 52 53;1 70 71;8 74 78;1 114 115;6 125 128;2 128 130;8 142 146;0 157 158;1 162 163;2 167 168
6 14 17;2 17 19;1 69 70;6 76 80;2 112 114;6 119 124;0 127 128;1 132 133;2 137 138
1 8 9;0 15 16;5 20 22;1 29 30;6 31 36;6 36 39;1 49 50;2 68 71;6 77 82;6 82 85;6 85 90;8 102 106;6 122 125;6 135 140;6 140 143;2 157 158
9 15 17;3 18 20;0 23 24;2 41 43;8 59 62;2 73 75;8 78 81;8 99 103;5 103 105;1 110 111;0 117 118;6 127 130;0 131 132;1 136 137;2 155 156
8 29 34;1 40 41;0 48 49;0 56 58;0 59 60;6 75 80;1 87 88;2 99 101;8 109 112;2 130 131
1 2 3;2 12 14;5 40 42;5 53 55;0 73 74;2 89 91;2 108 109
1 4 5;0 12 13;0 24 26;6 39 42;2 48 50;0 50 52;0 71 72;0 72 73;3 78 80;6 91 96;5 96 98;6 102 107;5 111 113;0 162 164;5 167 169;2 173 174
0 6 8;1 11 12;6 42 46;2 66 68;8 84 88;2 123 124
6 2 7;0 20 21;1 28 29;3 56 58;8 59 63;6 69 72;2 72 74;0 84 85;0 94 95;2 101 103;0 103 105;6 108 111;3 117 119;6 120 125;6 125 128;2 138 139
8 2 6;1 11 12;8 31 36;6 36 39;8 46 49;2 51 52
6 2 5;0 25 26;6 49 54;8 58 62;4 62 64;9 88 92;2 104 106;6 109 112;1 131 132;6 133 138;2 144 145
8 4 8;0 15 17;5 22 24;5 27 29;6 37 42;2 42 44;2 60 62;1 133 134;6 146 149;2 181 182
6 4 7;3 11 13;6 41 46;0 46 47;0 64 66;1 73 74;6 84 89;6 89 92;1 105 106;6 108 113;2 128 129
8 13 17;0 22 24;1 33 34;0 55 57;1 66 67;0 70 71;2 78 80;0 80 82;2 109 110;5 110 111
0 11 13;1 20 21;0 26 27;0 27 28;6 44 48;0 55 56;1 62 63;2 72 74;6 77 80;8 85 90;0 95 97;7 119 125;8 129 133;2 140 141;5 141 142
1 29 30;8 33 38;1 44 45;0 52 53;0 60 62;0 63 64;6 79 84;1 91 92;1 103 104;8 112 115;6 119 124;0 127 128;0 139 140;0 164 165;6 181 184;2 190 192;0 192 194;6 206 209;6 223 228;2 230 231;5 231 232
0 6 8;1 11 12;1 14 15;5 22 24;8 27 30;8 46 51;5 51 53;1 58 59;2 61 63;1 73 74;2 76 78;6 81 86;3 111 113;6 123 126;6 140 145;6 145 148;5 152 154;2 159 161;2 175 176;5 176 177
1 8 9;8 31 35;8 35 38;6 54 59;7 59 64;1 77 78;8 96 100;6 102 106;8 106 109;0 120 121;1 143 144;2 178 179
1 4 5;1 14 15;1 19 20;0 29 30;8 50 54;2 74 76;0 84 85;3 114 116;8 117 121;8 140 144;2 146 147;5 147 148
0 31 33;1 52 53;8 65 69;1 69 70;2 95 96;5 96 97
6 4 7;3 11 13;1 39 40;6 43 48;0 48 49;0 66 68;1 75 76;6 86 91;6 91 94;6 123 126;0 140 141;0 151 152;2 158 159
0 9 10;0 26 28;0 29 30;0 30 31;0 52 54;1 63 64;1 73 74;2 78 79
7 4 9;0 20 22;2 28 30;2 35 37;6 40 43;0 51 53;0 61 63;7 85 91;2 95 96;5 96 97
5 6 8;3 11 13;2 26 28;5 31 33;1 35 36;0 44 45;0 62 64;1 69 70;8 71 76;1 84 85;8 86 90;8 103 107;3 107 109;5 116 118;2 125 126
6 4 7;2 13 15;8 86 90;0 94 96;6 110 113;2 113 115;2 126 128;2 145 146;5 146 147
0 2 3;1 13 14;3 17 19;8 24 28;1 48 49;1 61 62;6 69 73;3 75 77;1 86 87;2 96 97;5 97 98
1 10 11;2 19 22;6 47 51;1 53 54;6 76 79;1 82 83;2 100 101;5 101 102
2 5 7;0 7 9;0 36 37;0 53 54;1 69 70;1 74 75;0 94 95;6 106 109;1 111 112;6 119 124;2 126 127;5 127 128
6 4 7;5 23 25;1 27 28;0 34 35;0 35 36;3 48 50;0 57 58;1 73 74;2 95 96;5 96 97
6 2 5;5 8 10;1 12 13;1 34 35;6 36 41;2 43 44;5 44 45
2 2 4;5 6 8;1 10 11;1 33 34;2 36 38;6 41 44;1 46 47;5 50 52;3 55 57;6 79 82;2 119 120;5 120 121
6 4 7;3 11 13;8 32 37;3 37 39;6 69 74;1 82 83;2 98 99;5 99 100
3 4 6;1 10 11;1 20 21;8 47 51;5 51 53;0 62 64;0 77 78;0 78 79;1 100 101;3 110 112;3 116 118;6 132 135;5 138 140;0 154 155;0 161 163;0 164 165;2 198 200;8 212 215;7 223 228;2 230 231;5 231 232
0 6 8;5 13 15;6 58 62;6 64 67;2 89 90;5 90 91
6 13 16;2 46 48;8 61 65;2 67 68;5 68 69
0 6 8;1 11 12;6 20 23;6 42 46;2 50 52;0 52 54;5 88 90;6 91 96;0 99 100;8 127 130;0 147 148;6 161 164;1 166 167;2 181 183;6 198 201;0 215 216;0 216 217;5 220 222;0 234 235;0 235 236;5 239 241;2 250 251;5 251 252
6 4 7;3 11 13;1 38 39;6 90 95;8 95 99;6 104 109;8 109 112;2 112 113;5 113 114
8 15 18;0 43 44;0 44 45;1 48 49;2 63 64;5 64 65
5 11 13;8 35 40;1 46 47;0 54 55;0 62 64;0 65 66;6 81 86;1 93 94;1 105 106;8 115 118;0 121 123;0 124 125;0 139 140;6 153 156;2 156 158;1 164 165;8 167 171;6 176 180;6 182 185;2 185 187;6 220 225;2 227 228;5 228 229
1 4 5;0 19 21;0 22 23;0 37 38;0 51 52;5 69 71;0 76 78;0 79 80;0 80 81;6 81 84;3 94 96;0 117 119;0 124 125;2 142 143
0 10 11;7 23 28;8 35 39;8 39 42;6 42 47;2 61 63;8 79 83;2 87 88
0 6 8;1 11 12;0 27 28;1 28 29;6 47 52;3 77 79;2 83 85;6 93 98;2 107 109;1 116 117;3 131 133;0 135 137;6 140 143;8 150 153;0 154 155;0 165 166;0 166 167;2 172 173;5 173 174
1 8 9;8 31 35;8 35 38;6 54 59;7 59 64;6 101 106;2 108 110;2 147 149;1 157 158;0 190 191;1 199 200;0 207 208;2 234 236;0 246 247;2 290 291;5 291 292
1 4 5;5 18 20;6 24 27;2 39 41;6 44 48;6 55 60;2 67 69;1 123 124;6 127 131;6 146 151;8 151 154;8 154 158;2 162 163;5 163 164
0 2 3;0 14 16;6 29 32;2 38 40;0 40 42;6 54 57;6 71 75;2 77 78;5 78 79
0 6 8;1 11 12;6 40 46;6 46 49;6 63 66;1 75 76;6 92 97;1 124 125;2 132 134;8 137 140;2 157 158
1 8 9;2 24 26;6 43 48;0 51 52;0 61 62;3 81 83;6 103 106;2 136 137;5 137 138
1 4 5;0 12 13;0 20 22;6 46 49;1 53 54;8 57 61;6 80 84;6 98 102;1 124 125;6 128 132;0 132 133;2 141 143;0 143 145;6 148 151;2 166 167;5 167 168
6 4 7;3 11 13;6 44 49;0 49 50;0 67 69;1 76 77;6 87 92;6 92 95;0 108 109;0 125 127;0 128 129;0 129 130;0 151 153;1 162 163;1 172 173;2 177 178
7 4 9;0 20 22;2 28 30;7 42 48;5 50 52;2 76 77;5 77 78
5 6 8;1 37 38;1 52 53;6 54 59;2 61 62
0 26 28;1 30 31;0 34 35;2 42 44;0 44 46;2 69 71;2 96 97;5 97 98
5 2 4;1 17 18;0 26 27;1 33 34;0 54 55;0 55 56;6 56 59;0 72 73;0 82 83;2 91 92;5 92 93
0 11 13;1 20 21;1 25 26;6 34 38;0 45 46;1 52 53;0 65 66;0 66 67;0 75 76;2 84 85;5 85 86
1 2 3;9 16 18;3 19 21;0 24 25;1 43 44;3 64 66;6 69 73;2 77 78;5 78 79
1 14 15;1 24 25;8 27 31;2 35 37;0 37 39;8 42 45;2 56 58;0 91 92;5 101 103;8 111 115;0 119 120;8 129 133;7 136 141;6 141 144;3 148 150;2 198 199;5 199 200
1 6 7;2 31 33;0 41 42;1 60 61;6 70 73;2 82 84;8 91 95;2 97 98;5 98 99
6 2 5;1 12 13;7 26 31;0 50 51;1 65 66;6 76 81;5 81 83;7 87 92;0 95 96;0 96 97;6 97 100;1 108 109;6 119 124;2 128 129;5 129 130
2 17 19;6 34 39;2 43 44;5 44 45
1 52 53;6 71 75;2 79 80;5 80 81
6 4 7;0 9 10;0 24 26;0 33 34;0 34 35;6 35 38;6 62 66;2 70 71;5 71 72
1 2 3;0 30 31;0 31 32;1 37 38;1 40 41;0 46 47;3 69 71;6 84 87;7 103 108;2 116 117;5 117 118
6 4 7;0 9 10;0 26 28;0 35 36;6 40 43;1 48 49;0 76 77;0 77 78;1 83 84;1 86 87;0 92 93;3 115 117;3 132 134;5 146 148;2 150 151
6 22 27;6 27 30;3 43 45;3 49 51;3 97 99;6 103 108;8 108 112;5 112 114;6 121 124;8 162 165;2 165 166
5 6 8;0 27 28;1 34 35;0 40 41;8 73 77;7 86 91;6 121 124;6 139 144;2 153 154;5 154 155
6 4 7;7 12 18;6 18 21;6 34 37;1 56 57;6 66 69;1 71 72;2 95 96
0 2 3;2 16 18;8 32 36;5 55 57;0 61 63;6 66 69;1 71 72;2 95 96
2 14 16;0 16 18;0 25 26;0 42 44;0 59 60;0 60 61;6 61 64;6 78 83;8 83 87;0 91 92;3 112 114;6 119 122;8 129 132;2 134 135
0 9 10;0 10 11;0 16 17;1 17 18;0 30 31;0 31 32;6 32 35;6 48 54;0 57 58;6 68 71;0 72 73;1 81 82;5 91 93;0 96 97;0 97 98;1 113 114;0 130 131;1 134 135;2 139 140
0 2 3;6 14 17;0 18 19;5 40 42;0 45 46;2 56 57
0 21 22;8 34 38;5 38 40;0 49 51;0 54 56;6 65 69;0 83 84;0 98 99;6 121 127;6 127 130;8 135 138;0 155 156;0 164 165;0 181 183;2 186 188;0 198 200;0 215 217;5 220 222;2 226 227
0 31 32;6 48 52;2 70 71
3 9 11;0 31 32;0 32 33;6 33 36;6 42 45;6 46 50;1 50 51;6 56 60;2 85 86
7 9 14;1 33 34;6 54 57;6 87 90;6 95 98;0 106 107;6 111 114;0 119 120;0 120 121;6 121 124;5 130 132;2 136 137
6 6 12;9 35 37;3 38 40;0 43 44;0 44 45;1 71 72;3 87 89;1 100 101;0 106 107;6 126 130;2 151 152
0 34 35;0 42 44;6 68 71;1 75 76;2 80 81
0 2 3;8 3 6;2 10 12;0 12 14;6 17 20;8 24 27;2 31 32
0 17 18;0 18 19;1 24 25;1 27 28;0 33 34;0 63 64;1 80 81;0 84 85;5 89 91;1 133 134;6 141 144;2 154 155
4 40 42;1 56 57;0 60 61;1 67 68;0 71 72;2 78 79
6 2 5;2 5 7;8 10 13;1 17 18;1 27 28;7 40 46;2 64 65
0 33 34;2 47 49;2 60 62;1 74 75;0 79 80;8 96 100;8 100 103;8 106 110;5 110 112;1 116 117;0 125 126;1 130 131;2 135 136
2 31 33;6 42 45;6 77 82;0 82 83;0 83 84;0 94 95;1 123 124;2 128 129
1 8 9;5 23 25;2 44 47;0 69 71;6 87 90;0 91 92;0 92 93;1 100 101;8 110 113;1 113 114;6 123 128;2 130 131
1 6 7;5 14 16;8 48 52;0 60 61;6 80 83;1 94 95;2 111 114;2 135 137;6 142 145;2 153 156;8 170 174;5 174 176;5 181 183;1 185 186;1 200 201;6 206 209;2 230 231
5 5 7;2 38 40;1 46 47;7 48 53;0 53 54;3 57 59;2 63 64
0 11 13;2 46 49;6 61 64;6 86 89;1 109 110;6 111 116;2 118 119
5 1 3;0 8 10;0 24 25;5 25 27;6 40 45;5 59 61;0 84 86;9 90 93;1 100 101;8 107 112;1 112 113;2 117 118
3 8 10;6 13 18;5 31 33;0 38 40;1 69 70;0 75 76;5 92 94;0 104 105;0 105 106;8 120 124;8 124 127;1 132 133;2 137 138
0 6 8;2 11 13;6 42 45;6 66 69;1 75 76;1 81 82;2 86 87
6 22 27;5 42 44;6 49 52;1 58 59;1 64 65;2 69 70
6 8 11;2 25 27;8 30 34;0 41 43;1 48 49;6 62 66;0 75 76;0 76 77;8 89 92;1 104 105;2 109 110
0 6 8;0 25 26;0 26 27;6 55 58;2 58 60;7 64 70;1 72 73;2 77 78
6 4 7;0 16 18;1 23 24;5 29 31;2 35 37;0 37 39;6 42 46;5 46 48;1 64 65;0 70 71;2 91 93;6 114 117;8 119 123;1 136 137;2 160 161
3 4 6;2 8 10;3 25 27;6 28 32;5 32 34;2 36 37
0 6 8;2 11 13;2 20 22;6 25 28;5 34 36;8 73 76;1 81 82;0 99 100;0 100 101;2 113 115;8 118 121;7 131 136;6 149 152;1 156 157;2 161 162
3 4 6;1 26 27;8 33 37;8 40 44;8 72 75;8 87 92;5 94 96;8 97 101;6 105 109;0 109 110;0 117 118;2 149 150
3 4 6;8 20 24;0 33 35;5 52 54;1 67 68;1 77 78;1 89 90;1 98 99;6 100 104;1 119 120;6 123 127;0 127 128;9 141 145;2 158 159
9 18 22;8 26 30;1 32 33;6 48 52;0 58 60;0 72 73;0 73 74;1 77 78;2 82 83
0 8 9;0 16 17;1 24 25;6 30 35;0 42 43;2 53 55;1 73 74;2 81 84;6 87 91;8 91 94;2 98 100;1 117 118;6 124 129;1 133 134;6 144 147;0 163 164;1 188 189;8 192 196;0 204 205;0 220 221;2 240 243;1 252 253;1 258 259;6 261 264;0 274 275;0 275 276;6 276 279;2 295 296
6 4 7;2 25 27;1 37 38;6 46 51;6 56 61;1 65 66;5 73 75;0 79 80;2 90 91
1 4 5;0 14 15;6 43 48;1 54 55;0 68 69;5 73 75;1 77 78;0 117 118;6 127 130;1 132 133;2 139 141;6 163 166;1 168 169;0 183 184;0 184 185;1 188 189;2 193 194
5 6 8;6 11 14;1 21 22;6 27 30;2 43 45;7 48 53;1 63 64;1 74 75;1 80 81;0 104 105;0 105 106;3 109 111;0 116 117;3 125 127;6 132 135;1 137 138;0 155 156;2 166 167
0 2 3;0 13 14;1 41 42;8 45 49;6 52 56;0 83 84;3 108 110;3 139 141;2 150 152;6 155 159;2 183 184
1 13 14;6 26 31;6 52 57;2 68 70;8 73 77;1 90 91;8 100 104;8 107 111;0 132 133;1 137 138;2 142 143
8 4 8;1 21 22;8 31 35;8 38 42;0 63 64;0 64 65;1 68 69;2 73 74
6 4 7;1 24 25;8 34 38;8 41 45;6 51 54;1 56 57;8 60 64;6 70 73;6 76 79;6 88 91;2 96 97
1 24 25;0 31 32;9 49 51;6 57 60;8 65 68;0 74 75;2 85 86
8 15 19;0 21 22;0 34 35;0 44 45;1 59 60;1 70 71;6 77 82;1 88 89;5 92 94;6 114 117;1 126 127;1 139 140;6 141 146;2 148 149
6 4 7;6 28 31;6 51 54;6 72 75;6 85 90;1 106 107;6 112 117;6 121 124;6 132 137;0 145 146;5 150 152;6 161 164;6 169 172;2 184 186;1 199 200;6 223 226;1 238 239;1 256 257;1 276 277;2 279 281;8 294 298;2 300 301
1 12 13;6 17 20;0 21 22;6 35 38;5 54 56;1 59 60;7 62 63;1 68 69;6 72 77;1 83 84;0 87 88;7 105 110;2 124 126;1 136 137;6 148 151;6 162 168;0 171 172;0 172 173;1 176 177;2 181 182
0 12 13;0 13 14;5 17 19;6 40 43;5 47 49;2 56 58;6 88 91;6 101 104;6 120 123;6 130 135;0 138 139;1 143 144;2 148 149
0 2 3;1 17 18;1 26 27;6 52 55;6 58 61;1 63 64;0 70 71;0 71 72;0 81 82;2 88 89
6 2 5;6 16 21;9 22 25;0 41 43;0 44 45;1 52 53;6 66 69;1 71 72;2 83 84
0 16 17;0 17 18;5 21 23;2 52 54;6 57 60;2 60 62;1 68 69;2 71 73;6 88 93;0 99 100;6 112 115;2 115 117;1 123 124;2 126 128;5 155 157;8 158 163;0 170 171;0 171 172;2 211 213;6 216 219;1 226 227;0 235 236;2 246 247
8 29 33;2 44 46;1 82 83;5 86 88;6 93 97;1 111 112;6 122 125;2 143 145;6 148 151;7 175 180;0 196 197;8 208 212;0 212 213;1 232 233;2 237 238
0 2 3;3 26 28;2 30 32;5 35 37;1 39 40;1 54 55;2 84 86;6 89 94;0 103 104;8 113 117;8 120 124;1 124 125;8 132 136;0 141 142;0 167 168;0 168 169;6 169 172;1 180 181;6 183 186;0 196 197;0 197 198;6 198 201;2 217 218
1 2 3;1 6 7;0 14 15;0 15 16;5 19 21;6 34 39;0 64 65;0 72 73;1 77 78;0 83 84;2 91 92
8 18 22;2 27 29;2 35 37;3 44 46;8 47 51;6 51 54;2 63 65;8 68 71;3 81 83;6 87 92;2 92 94;8 97 100;0 103 104;8 119 123;1 127 128;0 136 137;2 183 185;0 185 187;2 193 195;1 207 208;0 213 214;0 214 215;0 222 223;1 237 238;6 240 243;0 253 254;0 254 255;6 255 258;2 274 275
1 2 3;1 6 7;0 14 15;0 15 16;5 19 21;6 26 29;2 29 31;1 61 62;6 68 73;6 75 78;0 80 81;0 113 114;0 114 115;7 125 130;1 136 137;0 145 146;0 155 156;2 181 182
6 19 22;6 25 28;1 30 31;6 36 41;0 49 50;8 62 65;8 78 81;1 82 83;0 86 87;0 87 88;1 95 96;1 113 114;0 128 129;0 129 130;5 133 135;2 149 150
0 8 9;6 20 23;2 23 25;5 35 37;1 46 47;8 48 52;6 56 60;6 68 71;5 74 76;6 85 89;5 91 93;9 99 101;1 104 105;6 113 117;1 131 132;6 133 137;2 137 139;0 148 149;1 179 180;8 185 189;8 189 192;0 197 198;2 215 216
2 5 7;0 7 9;1 16 17;1 26 27;6 28 32;0 55 56;1 64 65;1 72 73;2 77 78
0 8 9;0 34 35;6 52 55;8 76 80;1 91 92;2 103 104
0 17 18;0 18 19;5 45 47;1 56 57;8 58 62;6 66 70;6 78 81;5 84 86;6 95 99;5 101 103;9 109 111;1 114 115;6 123 127;1 141 142;7 143 148;2 153 155;0 171 172;0 172 173;6 173 176;2 200 201
5 20 22;8 38 43;7 51 52;9 75 77;2 82 84;6 98 104;6 104 107;2 117 118
6 2 5;9 17 20;1 28 29;5 36 38;8 39 43;6 47 51;6 80 83;6 97 103;6 103 106;2 116 117
6 2 5;9 17 20;1 28 29;8 38 42;0 54 55;0 55 56;6 56 59;2 79 80
0 8 9;0 18 19;1 32 33;6 38 41;3 45 47;0 52 53;0 53 54;0 69 70;0 114 115;0 115 116;6 116 119;0 126 127;1 130 131;6 155 158;6 161 164;6 182 185;2 190 191
5 12 14;6 18 21;1 29 30;7 32 33;6 36 39;6 50 55;1 61 62;1 72 73;8 109 113;3 113 115;8 116 120;0 126 127;0 136 137;0 147 148;1 153 154;0 166 167;1 184 185;7 187 188;1 193 194;6 197 202;1 208 209;6 214 217;1 219 220;0 228 229;0 229 230;1 233 234;2 238 239
1 2 3;6 21 24;0 42 43;6 56 59;0 60 61;0 87 88;3 92 94;2 98 99
2 4 6;2 23 25;6 28 31;0 32 33;0 33 34;6 34 37;6 46 49;9 53 57;0 58 59;0 59 60;3 63 65;2 91 93;6 96 99;7 113 118;2 120 121
0 8 9;0 18 19;2 32 34;6 64 67;1 78 79;6 88 91;0 94 95;2 126 127
0 6 7;5 7 9;3 28 30;0 35 36;6 47 50;2 64 65
1 6 7;6 17 20;0 36 37;3 77 79;6 106 111;3 113 115;5 134 136;0 139 140;2 150 151
5 6 8;0 11 12;7 29 34;0 51 53;0 62 64;2 72 73
3 4 6;0 35 37;1 71 72;8 75 78;2 80 81
6 4 7;8 18 22;0 40 41;7 55 60;6 62 67;6 97 100;2 100 102;0 110 111;0 136 137;8 141 144;2 146 147
7 4 9;1 27 28;8 51 54;5 64 66;2 70 71
0 6 8;1 15 16;6 40 43;1 49 50;2 54 55
1 16 17;0 22 23;5 23 25;0 30 32;1 37 38;2 88 90;0 97 98;8 98 101;2 105 107;0 107 109;2 114 117;2 149 150
6 4 7;2 15 17;0 17 19;2 24 27;0 44 46;2 49 51;6 69 72;0 74 75;2 101 103;6 126 129;1 135 136;1 141 142;2 146 147
2 43 45;8 50 53;2 62 65;8 76 80;5 80 82;0 87 88;1 104 105;6 108 113;0 127 128;0 128 129;1 132 133;2 137 138
6 4 7;0 16 18;1 23 24;0 38 40;1 45 46;0 80 82;2 85 87;5 102 104;1 110 111;1 115 116;1 121 122;8 213 217;1 217 218;6 228 232;2 234 235
1 21 22;6 57 63;0 66 67;6 82 85;2 93 95;2 101 103;6 106 110;6 127 130;2 130 132;0 162 163;2 193 194
1 10 11;5 25 27;0 32 34;9 38 41;6 44 48;1 48 49;6 52 56;0 56 57;5 57 59;0 64 66;5 74 76;1 78 79;6 80 85;6 95 99;2 101 103;8 114 117;6 117 122;0 125 126;8 135 139;0 149 150;0 222 223;2 236 237
6 4 7;0 16 18;6 49 54;6 76 81;0 84 85;8 94 98;8 116 120;1 144 145;6 153 156;1 158 159;7 171 176;1 189 190;1 197 198;6 200 203;0 213 214;0 214 215;6 215 218;2 234 235
6 4 7;0 16 18;2 39 42;6 68 71;2 71 73;5 97 99;0 118 120;2 129 130
6 4 7;8 18 22;0 41 42;0 42 43;6 75 78;0 108 109;6 119 122;1 131 132;2 136 137
0 6 8;5 13 15;0 20 22;6 31 36;2 49 50
0 6 8;0 26 27;8 42 46;3 46 48;1 55 56;6 70 74;1 85 86;2 91 92
0 6 8;0 11 12;5 23 25;6 34 39;0 64 65;6 82 85;1 89 90;2 94 95
0 6 8;3 19 21;2 25 27;8 30 34;8 34 37;1 42 43;2 47 48
0 6 8;3 13 15;1 19 20;6 23 27;1 44 45;3 57 59;1 63 64;1 69 70;5 77 79;0 83 84;0 84 85;1 88 89;2 93 94
5 28 30;3 37 39;6 52 55;0 56 57;6 73 77;3 79 81;1 96 97;5 104 106;0 159 160;2 174 176;6 179 183;3 185 187;0 190 191;1 213 214;6 215 220;6 220 225;3 227 229;2 262 263
2 5 7;0 7 9;6 12 16;5 20 22;5 27 29;7 40 45;1 47 48;8 51 55;5 55 57;1 93 94;5 104 106;8 127 130;6 137 142;6 146 151;0 151 152;2 180 181
0 6 8;2 11 13;0 22 23;6 35 38;2 43 45;8 49 54;8 57 62;8 66 71;2 95 97;6 100 103;1 110 111;0 119 120;2 130 131
0 14 15;6 24 29;6 45 49;5 51 53;1 61 62;8 70 73;2 75 77;6 80 83;2 83 85;7 89 95;1 97 98;2 102 103
6 4 7;0 9 10;0 22 24;0 39 41;8 48 53;2 84 86;0 86 88;6 91 94;5 107 109;6 125 130;6 135 141;0 144 145;8 156 160;5 160 162;5 201 203;0 208 209;2 237 239;2 244 246;0 261 262;0 287 288;1 292 293;2 297 298
2 7 9;0 9 11;2 16 19;0 38 40;2 43 45;2 52 54;6 57 60;0 61 62;5 62 64;5 86 88;2 90 92;6 124 127;1 142 143;2 147 148
0 10 11;0 22 23;6 32 35;0 46 47;0 55 56;2 61 63;5 66 68;6 87 90;1 96 97;2 101 102
8 30 33;8 45 50;5 52 54;8 55 59;0 71 72;6 81 85;6 113 116;1 118 119;0 125 126;0 136 137;2 143 144
2 31 33;0 59 60;5 60 62;0 85 86;2 106 107
0 6 8;0 11 12;0 27 29;0 89 90;1 94 95;2 99 100
6 8 11;2 13 15;0 23 25;2 41 43;0 50 51;0 74 75;2 98 99
1 2 3;0 11 12;0 19 21;0 34 36;6 39 43;0 67 69;0 77 79;7 82 87;0 92 93;6 102 105;1 107 108;0 115 117;7 127 132;0 137 138;0 152 153;0 162 163;1 167 168;2 172 173
6 4 7;0 16 18;0 34 36;2 39 41;0 50 51;0 82 83;0 83 84;1 107 108;6 111 116;1 121 122;8 123 127;0 140 141;5 159 161;2 170 172;6 175 178;0 179 180;5 189 191;0 195 196;2 209 210
6 19 24;8 34 38;8 63 66;1 71 72;2 76 77
2 5 7;0 7 9;6 14 17;8 24 27;1 61 62;2 64 66;5 75 77;6 80 83;0 84 85;2 100 102;6 105 108;1 110 111;6 114 118;6 139 142;0 143 144;5 165 167;0 170 171;2 181 182
0 6 8;0 11 12;5 23 25;0 36 37;8 58 62;6 62 65;1 71 72;2 77 78
0 31 32;0 50 51;0 81 82;0 82 83;1 86 87;2 91 92
0 8 10;1 24 25;5 50 52;6 74 79;5 103 105;2 109 110
6 4 7;0 18 19;6 45 48;2 79 81;8 84 88;6 90 93;2 95 96
0 6 8;0 11 12;6 21 24;1 37 38;0 43 44;2 50 51
6 4 7;2 7 9;8 12 16;3 16 18;0 21 22;1 39 40;5 52 54;1 58 59;0 62 63;8 77 82;6 109 112;2 112 114;0 129 130;2 153 154
0 6 8;2 11 13;0 22 23;2 49 51;6 54 57;6 61 64;1 68 69;2 74 75
2 38 40;6 43 46;1 48 49;0 55 56;0 66 67;0 67 68;2 73 74
6 4 7;0 16 18;2 39 42;0 71 72;5 72 74;0 79 81;8 91 95;3 95 97;0 100 101;2 115 116
0 26 27;0 44 46;1 51 52;6 59 64;2 72 74;1 83 84;1 104 105;8 110 114;5 114 116;5 121 123;6 145 150;5 152 154;2 166 168;0 191 192;0 192 193;5 196 198;3 205 207;6 214 219;0 222 223;5 227 229;9 235 238;6 246 251;0 256 257;0 257 258;1 265 266;2 294 296;6 299 302;7 316 321;3 329 331;6 336 339;1 341 342;0 348 349;0 359 360;2 366 367
5 8 10;0 29 30;8 56 60;0 68 69;0 90 91;0 91 92;1 97 98;1 100 101;0 106 107;8 118 121;1 129 130;0 135 136;0 136 137;0 148 149;6 179 184;5 190 192;0 198 199;0 199 200;1 203 204;2 208 209
1 2 3;9 16 18;3 19 21;0 24 25;8 60 63;5 82 84;2 88 90;0 90 92;2 119 120
2 4 6;0 16 17;0 17 18;6 18 21;2 51 52
5 36 38;7 63 68;1 72 73;2 77 78
6 9 14;8 23 27;0 29 30;0 30 31;1 36 37;1 39 40;0 45 46;2 99 100
8 25 29;0 29 30;6 48 53;2 59 60
2 10 12;0 12 14;8 17 21;1 34 35;6 40 45;0 56 57;0 82 83;0 83 84;6 100 104;2 121 122
1 7 8;1 12 13;2 21 23;5 26 28;2 30 32;0 32 34;0 41 42;0 80 81;5 96 98;1 100 101;0 104 105;2 116 118;0 131 132;2 142 143
2 4 6;8 21 25;5 25 27;6 45 51;2 54 56;6 65 70;0 80 81;2 87 90;0 108 110;0 115 116;8 129 132;0 135 137;1 153 154;0 161 162;8 173 177;5 177 179;0 196 197;7 214 219;0 228 229;0 236 238;2 255 256
2 5 8;0 15 16;0 28 29;0 29 30;6 42 45;2 45 47;0 47 49;6 52 55;5 62 64;0 72 74;3 77 79;6 108 113;3 115 117;0 149 150;0 159 160;5 164 166;2 170 171
5 4 6;5 30 32;7 35 40;0 42 44;0 48 49;1 57 58;6 77 82;1 95 96;8 98 102;0 110 111;6 157 161;6 164 169;7 176 181;6 186 190;2 196 197
4 40 42;4 42 44;1 58 59;0 62 63;1 69 70;0 75 76;2 81 83;8 86 89;7 103 108;0 114 115;1 127 128;6 130 133;0 143 144;0 144 145;6 145 148;2 164 165
0 8 9;0 23 24;0 24 25;1 30 31;1 33 34;8 51 55;6 67 70;0 71 72;0 87 88;0 107 108;0 108 109;0 119 120;6 133 137;5 137 139;6 150 155;6 157 160;6 159 164;0 172 173;0 192 193;1 200 201;8 213 217;3 221 223;2 243 244
0 7 8;0 21 22;1 51 52;1 65 66;6 67 72;8 74 78;0 82 83;0 83 84;1 91 92;0 120 121;0 138 139;0 147 148;0 148 149;6 149 152;6 160 163;1 170 171;1 183 184;7 185 190;6 195 199;2 208 209
0 6 7;6 21 26;1 30 31;1 35 36;6 37 41;6 43 46;1 46 47;6 48 53;1 62 63;6 64 68;6 73 77;8 83 87;6 93 97;6 112 116;3 127 129;6 130 134;1 134 135;6 138 142;8 174 178;0 180 181;6 192 195;1 202 203;1 215 216;7 217 222;6 227 231;2 237 238
8 4 8;5 12 14;8 22 26;6 45 48;1 54 55;6 63 66;8 79 83;0 91 93;3 95 97;0 102 103;0 119 121;0 138 140;3 142 144;0 149 150;1 158 159;2 164 166;0 185 187;3 189 191;1 202 203;0 206 207;0 207 208;6 208 211;1 229 230;2 234 235
0 22 23;0 23 24;5 37 39;0 42 43;5 58 60;8 70 74;5 74 76;0 83 84;1 92 93;6 100 103;7 127 132;0 132 133;6 133 136;6 162 165;0 184 185;2 191 192;5 192 193
0 10 11;0 27 29;2 36 38;8 41 44;6 62 67;7 67 72;2 77 79;6 82 85;2 87 89;8 92 95;8 98 101;6 102 106;2 123 124;5 124 125
8 38 41;0 58 59;8 104 107;1 109 110;5 115 117;2 119 120
1 2 3;0 8 9;0 20 21;0 21 22;1 27 28;0 33 34;0 44 45;2 53 54
3 4 6;6 7 12;8 12 15;6 15 20;0 31 32;8 45 49;1 58 59;9 81 85;0 86 87;9 103 107;0 108 109;0 109 110;6 110 113;2 115 116
1 4 5;1 15 16;6 17 22;9 23 26;1 56 57;1 71 72;0 85 86;6 95 98;0 99 100;0 152 154;8 163 166;2 179 181;0 190 191;8 205 209;3 209 211;8 212 217;1 233 234;6 245 250;8 250 254;1 259 260;6 263 267;2 267 268
0 5 6;0 23 24;6 38 43;6 48 53;8 55 58;0 61 62;0 62 63;0 72 73;0 73 74;2 79 80
0 12 13;0 13 14;1 32 33;0 36 37;3 43 45;1 66 67;0 79 80;0 80 81;1 86 87;6 110 114;3 116 118;1 132 133;0 145 146;0 168 169;2 175 176
1 4 5;0 15 16;0 26 27;5 38 40;8 48 52;1 57 58;8 82 86;1 104 105;0 126 127;3 131 133;5 140 142;1 168 169;1 175 176;3 187 189;0 192 193;1 197 198;2 221 222
8 21 25;0 27 28;0 28 29;1 34 35;1 37 38;0 43 44;6 58 63;6 68 73;1 77 78;8 82 86;0 86 87;0 99 100;2 107 108
7 7 12;0 16 17;0 17 18;1 23 24;1 26 27;0 32 33;0 47 48;0 64 65;6 74 79;8 79 83;2 88 90;3 99 101;8 124 127;6 139 144;8 152 157;0 175 176;0 189 190;0 220 221;0 221 222;1 229 230;0 235 236;0 236 237;6 237 240;0 256 258;3 273 275;0 285 287;1 298 299;1 306 307;0 312 313;0 338 339;1 348 349;6 365 369;0 374 375;1 379 380;0 385 386;2 393 394
8 2 5;0 13 14;0 14 15;3 20 22;3 27 29;8 30 34;9 51 55;0 68 69;0 78 79;0 79 80;7 93 99;6 103 108;6 110 113;0 139 140;0 140 141;6 141 144;0 148 149;5 149 151;3 155 157;1 178 179;8 180 184;6 187 192;1 198 199;1 204 205;0 219 220;0 227 228;0 238 239;1 243 244;6 253 256;0 258 259;0 259 260;3 283 285;6 286 290;6 292 295;8 303 306;0 309 310;0 310 311;6 311 314;0 333 334;1 347 348;0 362 363;0 370 371;2 379 380
0 11 12;0 22 24;0 37 38;0 51 52;0 78 80;1 85 86;6 94 97;6 102 107;0 113 114;6 129 134;1 142 143;1 150 151;0 154 155;0 163 165;2 170 172;0 175 177;3 179 181;3 195 197;0 200 201;1 220 221;6 230 233;0 245 246;2 252 253;5 253 254
6 6 10;6 19 22;2 24 26;8 29 32;7 46 51;0 57 58;2 84 87;6 90 93;0 111 113;0 116 118;0 119 120;2 128 129;5 129 130
0 28 29;8 44 47;0 53 54;2 61 62;5 62 63
0 2 3;2 24 26;0 34 35;2 46 48;6 51 55;3 99 101;0 104 105;2 111 112;5 112 113
0 2 3;0 19 21;0 22 23;5 23 25;3 29 31;5 36 38;0 61 63;0 64 65;0 65 66;0 71 72;1 72 73;8 80 83;0 86 88;6 91 94;5 100 102;1 104 105;6 114 119;6 129 133;5 135 137;0 147 148;0 159 160;0 160 161;0 174 176;3 178 180;5 194 196;0 200 201;0 201 202;2 205 206
6 2 5;1 5 6;5 11 13;6 14 18;5 18 20;8 35 39;3 54 56;1 71 72;1 89 90;0 99 100;3 106 108;5 117 119;6 135 140;8 140 144;2 150 151;5 151 152
1 4 5;8 16 20;5 46 48;0 52 53;0 53 54;2 57 58
0 2 3;8 14 17;0 30 31;9 41 44;1 55 56;1 60 61;5 66 68;2 78 80;0 88 89;2 100 102;6 105 109;0 133 134;0 145 147;3 149 151;0 163 164;0 164 165;3 186 188;0 191 192;0 192 193;2 196 197
5 10 12;0 17 18;0 18 19;6 31 35;3 37 39;5 46 48;0 62 64;0 67 68;0 74 75;1 75 76;0 79 80;0 80 81;0 96 97;0 103 104;1 104 105;0 108 109;0 109 110;0 123 124;2 147 148
0 10 11;0 27 29;2 36 38;8 41 44;6 62 67;7 67 72;1 77 78;6 86 89;0 90 91;6 108 112;3 114 116;2 127 129;2 148 149;5 149 150
0 18 20;5 25 27;6 31 34;8 44 48;0 55 56;0 78 79;5 88 90;6 94 97;0 98 99;2 105 106;5 106 107
0 18 20;0 30 32;0 33 34;0 34 35;1 38 39;1 43 44;2 76 77;5 77 78
1 4 5;1 20 21;2 26 28;6 31 34;8 35 39;5 39 41;8 51 55;5 55 57;2 61 63;7 69 74;0 82 84;0 96 97;2 102 104;2 115 117;0 148 149;0 149 150;1 157 158;2 180 182;1 187 188;2 239 240;5 240 241
6 9 12;8 21 26;0 39 40;0 70 71;0 98 99;0 123 124;0 153 155;0 163 164;2 180 182;0 182 184;7 187 192;3 199 201;0 204 205;0 220 221;0 221 222;6 222 225;6 235 240;0 252 253;0 269 271;8 281 285;0 296 298;6 328 334;8 334 338;0 370 371;6 380 383;0 384 385;0 405 406;2 413 414;5 414 415
0 9 10;6 28 33;8 33 37;5 37 39;0 75 77;6 80 83;2 116 117;5 117 118
3 16 18;9 41 45;0 68 70;3 85 87;6 97 100;1 126 127;0 151 152;8 163 167;1 169 170;6 173 178;0 181 182;0 222 224;0 244 246;0 252 253;0 253 254;6 267 271;0 278 279;1 296 297;2 305 306;5 306 307
8 14 18;0 20 21;0 27 28;1 28 29;0 32 33;0 33 34;0 55 56;6 86 91;0 94 95;6 104 108;2 108 109;5 109 110
0 8 9;6 13 16;0 19 20;0 34 35;5 50 52;8 58 62;0 70 71;1 79 80;3 95 97;6 100 104;5 122 124;0 128 129;0 138 139;0 145 147;5 153 155;0 159 160;1 164 165;0 173 174;0 174 175;6 175 178;2 178 179
0 2 3;1 21 22;0 27 28;1 34 35;2 54 56;8 59 62;0 81 82;6 96 100;8 100 103;1 114 115;6 123 126;2 128 130;0 154 155;2 166 168;2 182 184;5 196 198;0 201 203;2 220 221;5 221 222
1 6 7;8 14 17;1 21 22;6 41 46;0 53 54;3 70 72;8 76 80;3 90 92;0 102 103;0 126 127;6 136 140;6 144 148;2 154 155;5 155 156
5 6 8;6 26 32;8 32 36;5 36 38;1 68 69;6 70 75;6 84 88;6 110 114;0 148 149;8 169 173;2 175 176;5 176 177
0 7 9;0 10 11;3 26 28;8 46 49;2 51 53;6 56 59;0 60 61;2 67 68;5 68 69
6 4 9;6 17 20;0 30 31;6 65 68;6 75 78;0 91 92;1 98 99;0 114 115;2 121 122;5 122 123
0 15 17;6 20 23;0 33 34;8 45 48;5 61 63;0 74 75;1 115 116;0 132 133;2 139 140;5 140 141
5 4 6;0 14 15;8 26 30;5 30 32;0 49 50;6 65 70;6 101 105;0 116 117;1 124 125;5 137 139;0 143 144;0 144 145;2 148 149
0 10 11;0 27 29;8 44 49;0 61 62;9 75 80;8 109 112;1 114 115;0 123 124;2 130 131;5 131 132
4 40 42;1 48 49;8 54 57;1 61 62;0 85 86;0 86 87;6 87 90;0 99 100;0 100 101;1 108 109;0 118 119;0 119 120;6 120 123;1 157 158;0 161 162;0 172 173;2 179 180;5 180 181
0 8 9;1 20 21;0 30 31;0 31 32;1 37 38;1 40 41;0 54 55;7 71 76;1 80 81;8 100 104;2 106 107;5 107 108
0 25 26;0 32 33;1 33 34;0 37 38;0 38 39;0 54 55;8 82 86;0 92 93;5 104 106;0 125 127;3 129 131;1 144 145;9 146 150;2 153 154;5 154 155
2 4 6;7 21 26;1 57 58;0 88 89;6 98 102;3 104 106;6 121 125;3 127 129;0 139 140;0 150 151;2 157 158
5 6 8;1 37 38;2 42 44;5 56 58;0 73 74;0 74 75;1 82 83;0 92 93;0 93 94;6 94 97;8 112 116;1 122 123;0 126 127;6 136 139;1 146 147;1 159 160;7 161 166;8 179 183;2 185 186
0 32 33;0 40 42;0 52 53;8 78 81;1 82 83;6 85 90;3 127 129;0 132 133;5 160 162;3 164 166;3 193 195;1 210 211;8 215 219;3 221 223;6 224 229;7 229 234;2 246 247
8 31 35;6 53 56;8 67 71;6 82 85;2 101 102;5 102 103
2 13 16;8 19 23;2 29 31;0 31 33;8 36 39;8 46 50;0 52 53;8 68 73;6 75 78;0 79 80;2 101 102;5 102 103
0 24 26;0 27 28;8 39 43;5 43 45;6 63 67;6 71 75;0 85 86;9 98 101;0 135 136;3 145 147;8 164 168;0 168 169;1 178 179;2 189 191;0 191 193;2 209 211;1 218 219;2 233 235;0 235 237;6 240 243;2 259 261;8 272 276;1 278 279;6 284 287;6 299 304;6 304 307;5 311 313;2 320 322;2 336 337;5 337 338
0 25 26;8 37 41;0 47 48;0 48 49;1 54 55;1 57 58;0 63 64;5 75 77;6 100 105;8 105 109;2 139 142;6 148 153;6 155 158;8 157 162;2 165 167;0 167 169;8 177 180;6 195 200;8 221 225;6 237 240;3 262 264;1 289 290;6 291 296;2 298 299
6 28 33;6 50 55;1 68 69;6 71 74;0 75 76;6 87 90;6 100 104;3 106 108;1 125 126;2 143 145;6 148 153;8 161 165;1 171 172;0 191 192;0 207 208;0 231 232;2 242 243
2 10 12;0 38 39;5 50 52;1 58 59;6 85 88;2 98 100;0 125 126;0 149 150;2 163 164
0 8 9;0 25 27;6 51 54;6 56 61;2 72 74;6 89 92;2 116 119;6 151 154;0 155 156;0 156 157;1 160 161;2 165 166
6 12 15;0 20 21;9 33 36;1 48 49;2 88 89;5 89 90
0 2 3;0 14 16;2 44 45;5 45 46
6 3 7;3 9 11;1 15 16;6 21 24;6 40 45;3 45 47;8 48 52;2 54 55;5 55 56
1 13 14;1 38 39;0 52 53;8 64 68;6 78 82;6 99 103;6 105 109;3 111 113;1 117 118;2 131 132
0 8 9;0 25 27;1 46 47;0 64 65;0 80 81;0 81 82;7 106 111;5 115 117;6 127 130;0 139 141;8 154 158;1 158 159;0 169 170;0 170 171;1 176 177;0 180 181;2 187 188;5 188 189
6 14 17;0 18 19;0 33 34;0 34 35;1 40 41;1 43 44;0 49 50;0 61 62;6 72 76;5 87 89;8 110 114;2 116 117;5 117 118
1 8 9;0 20 21;2 34 35
0 9 11;8 26 31;0 37 38;0 38 39;3 46 48;0 50 52;0 64 65;2 75 77;0 77 79;6 82 85;6 89 92;8 106 111;8 118 121;6 121 126;6 136 139;0 154 155;8 164 168;8 171 175;0 179 181;1 192 193;0 197 198;1 215 216;3 225 227;2 238 240;2 251 253;6 281 286;2 288 289
0 8 9;0 9 10;1 17 18;6 23 26;0 35 36;6 47 50;0 51 52;0 77 78;7 92 93;6 143 148;8 148 152;1 156 157;2 165 167;8 170 174;0 187 188;5 194 196;2 230 232;0 232 234;8 237 240;6 244 249;2 249 251;2 278 280;8 283 286;8 286 290;6 304 307;2 322 324;8 343 347;5 347 349;6 354 357;0 358 359;0 359 360;1 363 364;2 391 392
5 4 6;0 11 12;0 29 31;0 41 43;0 44 45;0 45 46;1 49 50;1 54 55;6 60 63;1 63 64;8 65 69;5 69 71;8 77 81;0 89 90;1 98 99;1 104 105;2 164 165
0 26 27;8 39 44;8 49 53;8 59 63;8 70 74;6 98 102;0 116 117;0 117 118;3 123 125
2 6 8;9 29 33;0 61 62;0 69 70;0 84 85;6 85 88;2 115 116
8 26 30;0 49 50;5 50 52;8 62 66;0 71 72;8 93 97;2 99 100
0 10 11;0 18 19;0 36 38;0 41 42;0 51 52;0 52 53;0 66 67;0 73 74;1 74 75;0 78 79;0 79 80;0 95 96;0 118 119;0 126 127;0 127 128;1 131 132;0 151 152;3 167 169
0 18 19;0 36 38;0 48 49;6 61 66;0 74 76;0 94 95;2 101 102
6 4 7;0 33 34;2 40 41
0 9 11;8 22 25;7 27 33;0 41 43;8 46 50;1 57 58;0 74 76;6 81 84;0 103 104;0 104 105;6 105 108;2 108 109
0 17 18;0 35 37;0 46 48;0 49 50;0 50 51;0 56 57;1 57 58;8 65 68;0 71 73;6 76 79;5 85 87;1 89 90;6 99 104;6 114 119;8 119 123;5 123 125;6 130 134;7 146 151;8 158 162;2 176 177
0 8 9;0 23 24;0 24 25;1 30 31;1 33 34;0 39 40;8 53 56;0 64 65;0 65 66;3 71 73;3 78 80;8 81 85;1 98 99;0 105 106;0 106 107;1 114 115;7 123 129;0 151 152;5 165 167;0 176 177;1 196 197;0 215 216;2 224 225
0 17 18;0 18 19;0 29 30;3 41 43;0 69 70;0 80 81;0 81 82;6 82 85;2 87 88
1 8 9;6 11 16;8 16 20;8 46 50;0 56 58;0 68 69;2 89 91;6 94 97;0 98 99;8 103 106;1 106 107;8 118 122;2 125 126
5 15 17;1 19 20;0 32 33;5 33 35;1 42 43;0 47 48;6 63 68;0 68 69;5 69 71;5 73 75;6 91 96;0 103 104;2 112 113
6 8 11;6 13 16;6 34 40;0 43 44;0 44 45;6 45 48;8 56 60;6 72 75;1 77 78;6 81 84;6 106 109;7 118 123;2 125 126
2 8 10;6 13 16;2 16 18;8 25 28;8 31 35;8 73 76;0 86 87;0 118 120;0 121 122;0 122 123;0 128 129;1 129 130;0 135 136;5 136 138;6 153 158;0 161 162;0 162 163;6 163 166;2 176 178;0 192 193;5 197 199;6 201 206;0 209 210;0 210 211;1 218 219;2 242 243
2 7 9;6 12 15;0 75 76;8 85 89;8 92 96;0 98 99;0 118 119;0 119 120;3 125 127
0 18 19;0 43 44;1 59 60;1 74 75;6 80 83;0 101 102;0 102 103;3 108 110
0 6 7;5 7 9;0 25 26;0 26 27;0 32 33;1 33 34;8 41 45;3 80 82
0 9 10;1 27 28;0 69 70;2 76 77;5 77 78
6 14 17;0 18 19;1 28 29;6 37 40;0 51 52;0 52 53;1 56 57;6 67 70;8 95 99;0 112 113;5 117 119;2 121 122
5 14 16;3 92 94
8 4 7;0 10 11;0 11 12;6 12 15;0 38 39;0 59 60;0 76 78;2 86 88;2 98 100;2 105 108;8 114 118;6 122 127;5 129 131;0 155 156;0 156 157;2 181 183;0 183 185;5 188 190;6 196 201;8 201 205;5 205 207;6 218 223;8 223 227;2 229 230
8 6 9;1 20 21;0 26 27;2 42 44;0 44 46;8 49 52;5 108 110;0 121 122;2 130 131
5 4 6;0 14 16;8 32 35;0 36 37;8 59 63;0 95 96;2 102 103
6 14 17;0 18 19;1 43 44;2 53 55;6 58 61;0 62 63;8 76 80;0 82 83;8 83 86;2 88 89
0 17 18;0 34 35;0 46 47;0 47 48;1 53 54;1 56 57;0 69 71;0 80 81;1 85 86;0 91 92;2 99 100
0 8 9;5 13 15;6 32 37;0 52 53;2 61 62;5 62 63
6 12 17;8 17 21;6 27 31;0 52 53;0 53 54;6 54 57;2 57 58
5 4 6;0 11 12;6 30 35;6 48 51;0 52 53;0 68 69;2 75 76;5 76 77
1 2 3;1 11 12;7 13 18;0 18 19;6 19 22;8 32 35;0 38 40;1 45 46;2 59 61;0 61 63;6 66 69;1 82 83;6 84 88;1 88 89;6 92 96;0 111 113;0 116 118;0 119 120;2 128 129;5 129 130
4 40 42;1 56 57;0 60 61;1 67 68;6 81 86;2 88 89
0 17 18;0 34 36;0 48 50;2 59 60
0 18 20;0 35 37;0 51 52;2 78 79
2 4 6;8 21 25;6 53 58;2 62 63
6 21 24;2 56 57
0 8 10;2 13 15;0 24 25;0 49 50;0 50 51;6 61 64;5 71 73;2 75 76
0 23 24;3 30 32;8 41 45;8 45 48;0 54 55;0 55 56;1 59 60;2 64 65
0 14 15;3 21 23;0 39 40;2 59 61;0 61 63;6 67 73;8 73 76;2 78 79
6 2 5;0 25 26;0 26 27;6 39 42;1 48 49;1 54 55;2 59 60
5 6 8;8 23 27;5 27 29;0 45 46;2 55 56
6 15 20;7 20 25;0 44 46;1 51 52;2 65 66
1 4 5;1 20 21;0 34 35;5 39 41;2 45 46
1 20 21;5 26 28;6 38 41;0 44 45;2 54 55
8 25 29;6 31 37;0 40 41;0 41 42;3 47 49;0 60 62;2 77 78
2 7 9;0 9 11;6 14 17;5 33 35;1 37 38;6 61 66;2 73 74
5 6 8;0 23 24;0 24 25;3 30 32;6 41 46;6 51 54;1 54 55;0 61 62;6 62 65;1 65 66;2 70 71
1 10 11;8 17 21;1 31 32;7 33 38;2 40 41
0 12 13;0 22 23;0 23 24;1 44 45;6 52 57;2 59 60
0 2 3;5 16 18;1 20 21;1 50 51;9 61 63;8 79 83;6 92 97;2 101 102
1 30 31;7 40 45;1 56 57;1 62 63;2 67 68
6 4 9;8 9 13;8 27 30;3 38 40;1 46 47;2 65 67;6 82 87;2 91 92
0 14 15;0 15 16;1 21 22;1 29 30;8 39 42;0 53 54;0 54 55;3 60 62;3 67 69;8 70 74;1 84 85;2 97 99;8 102 105;1 112 113;1 118 119;2 123 124
6 4 7;1 24 25;0 45 46;1 50 51;2 55 56
5 6 8;0 19 20;5 28 30;8 40 43;5 52 54;0 65 66;2 81 82
6 4 7;6 36 39;1 41 42;2 55 56
5 6 8;5 13 15;0 19 20;8 24 27;1 27 28;8 33 37;1 41 42;6 43 48;6 56 61;2 65 66
0 2 3;4 7 9;6 9 12;5 17 19;1 21 22;8 27 31;5 31 33;6 38 43;0 47 48;0 48 49;2 54 55
3 29 31;6 40 43;1 47 48;9 51 55;6 59 65;8 65 69;1 73 74;6 75 80;6 88 93;2 97 98
1 19 20;7 40 45;0 57 59;1 64 65;1 68 69;2 73 74
0 9 10;3 16 18;5 37 39;2 43 44
2 5 7;5 10 12;2 22 25;6 28 32;0 43 44;0 44 45;1 48 49;2 53 54
2 8 10;5 12 14;0 49 50;0 50 51;1 54 55;2 59 60
7 15 20;5 42 44;1 48 49;8 52 56;1 60 61;6 62 67;6 75 80;2 84 85
0 8 9;5 13 15;6 28 31;2 38 39
6 4 7;0 17 18;0 18 19;0 43 44;0 44 45;2 48 49
8 16 19;2 23 25;5 42 44;2 48 49
6 10 13;0 21 22;8 26 29;2 31 32
0 14 15;5 19 21;0 24 25;2 33 34
2 16 18;6 44 47;0 59 60;6 81 84;5 91 93;2 97 98
0 26 27;2 37 38
1 8 9;1 17 18;2 37 38
6 2 5;1 44 45;0 60 61;0 76 77;2 84 85
6 4 7;6 12 15;5 35 37;2 41 42
5 8 10;5 17 19;1 21 22;7 23 28;6 38 43;6 55 60;5 60 62;2 64 65
6 2 5;0 6 7;6 26 29;1 29 30;6 31 35;2 39 40
5 1 3;1 18 19;2 29 30
6 29 34;1 49 50;6 66 71;1 75 76;2 80 81
6 28 32;6 38 43;2 59 60
2 15 17;6 20 23;2 23 25;0 32 33;0 43 44;0 44 45;2 50 51
6 4 7;0 22 23;0 33 34;2 40 41
8 16 20;5 27 29;1 31 32;2 34 35
0 12 14;0 32 34;1 39 40;8 41 46;6 52 55;8 59 62;2 71 72
0 6 8;6 24 27;1 47 48;2 55 56
2 28 31;6 34 39;0 47 48;2 73 74
0 6 8;1 18 19;0 24 25;6 43 48;0 51 52;1 56 57;2 61 62
6 10 14;5 14 16;7 23 28;2 42 44;0 52 53;0 53 54;4 57 59;2 62 63
5 14 16;0 32 33;2 43 44
2 5 7;0 7 9;6 12 15;2 15 17;2 28 30;6 43 48;5 48 50;2 54 55
2 5 7;6 22 25;5 44 46;2 50 51
0 7 8;1 18 19;2 29 31;6 34 37;0 48 49;1 53 54;2 58 59
6 4 7;3 11 13;0 28 29;2 39 40
6 8 11;6 21 26;8 26 29;2 31 32
0 6 8;1 20 21;0 36 38;2 53 54
1 10 11;0 16 17;6 29 32;1 38 39;2 43 44
5 24 26;6 27 32;0 35 36;0 46 47;5 57 59;1 61 62;8 88 91;6 99 103;0 103 104;0 109 111;2 127 128
2 10 12;1 24 25;0 30 31;6 42 45;3 56 58;3 62 64;5 69 71;6 75 80;2 86 87
3 4 6;0 16 17;5 35 37;2 41 42
6 8 11;3 14 16;3 20 22;2 47 48
0 2 3;0 9 11;0 12 13;2 32 33
2 5 7;0 7 9;0 33 34;1 38 39;2 43 44
3 8 10;3 14 16;2 26 28;8 31 35;8 35 38;1 43 44;2 48 49
6 13 16;2 48 49
0 15 16;0 16 17;2 35 36
1 14 15;6 67 72;8 72 76;2 79 80
6 2 5;1 12 13;1 25 26;7 27 32;2 45 46
6 4 7;6 21 26;2 28 29
6 2 5;1 12 13;7 26 31;2 41 42
8 4 8;1 18 19;0 22 23;1 38 39;2 43 44
0 2 3;8 3 6;6 27 30;6 46 51;2 53 54
5 6 8;1 23 24;0 27 28;5 32 34;0 37 38;2 48 49
1 11 12;1 22 23;0 37 39;2 56 57
0 8 10;0 28 29;2 55 56
0 15 16;0 16 17;2 35 36
2 4 6;6 22 27;0 35 37;2 46 47
5 10 12;0 16 17;0 17 18;1 23 24;1 26 27;0 32 33;2 58 60;0 70 71;6 83 86;0 87 88;0 88 89;8 108 112;0 112 113;0 120 121;0 121 122;0 130 131;2 137 138
6 2 5;0 19 20;1 27 28;0 31 32;2 38 39
5 6 8;1 18 19;5 24 26;6 27 33;0 36 37;0 50 51;0 63 64;2 70 71
6 11 14;2 52 54;1 61 62;6 63 69;0 104 105;2 134 135
6 9 12;2 12 14;0 21 22;0 22 23;6 23 26;0 32 33;2 39 40
2 4 6;8 9 12;0 24 25;5 29 31;2 37 38
0 17 19;0 20 21;2 37 38
6 23 26;5 33 35;2 39 40
6 2 5;0 13 15;2 24 25
0 2 3;0 41 42;2 52 53
6 2 5;1 15 16;0 19 20;2 34 35
5 12 14;0 27 28;1 39 40;2 69 70
5 6 8;6 20 23;5 36 38;2 56 57
6 31 36;0 39 40;0 40 41;1 44 45;2 49 50
0 2 3;5 7 9;0 37 38;2 44 45
2 43 46;0 54 55;5 86 88;1 90 91;1 95 96;1 103 104;6 111 114;2 124 125
0 10 11;3 17 19;0 28 29;0 29 30;1 50 51;6 61 65;3 67 69;2 86 88;8 96 99;2 101 103;0 103 105;6 108 111;1 113 114;2 117 119;1 124 125;2 133 135;0 145 146;2 151 152
0 7 8;0 8 9;1 14 15;1 17 18;0 23 24;0 35 36;1 48 49;6 56 59;2 69 70
0 7 8;8 12 15;1 15 16;6 21 26;5 26 28;8 31 35;6 52 57;2 59 60
0 2 3;1 11 12;6 44 48;1 52 53;2 76 77
2 57 58
7 37 42;0 53 55;1 58 59;0 82 83;8 87 90;6 95 98;7 117 122;2 124 125
0 2 3;0 14 15;0 27 28;6 61 65;2 90 91
0 8 9;0 23 24;0 24 25;3 46 48;6 51 55;3 62 64;1 74 75;5 82 84;2 88 89
0 5 6;2 11 13;8 16 19;0 27 28;0 28 29;3 34 36;3 41 43;7 44 49;6 51 56;6 67 71;8 83 87;2 98 99
9 3 5;8 13 17;0 20 21;0 21 22;0 32 33;0 33 34;0 47 48;0 48 49;6 49 52;0 60 61;1 69 70;8 77 81;0 85 86;0 86 87;1 94 95;6 100 103;1 110 111;7 124 129;6 134 138;2 147 148
0 17 18;0 28 29;0 29 30;6 30 33;0 41 42;0 42 43;0 53 54;0 65 66;0 66 67;6 67 70;1 85 86;9 87 91;2 100 102;6 105 108;1 115 116;1 128 129;7 130 135;6 140 144;2 150 151
0 24 25;1 52 53;2 57 59;6 62 65;1 72 73;7 86 91;6 96 100;2 108 109
0 7 8;0 23 24;0 44 46;8 59 64;6 68 73;0 86 88;8 103 107;0 128 129;5 160 162;0 167 169;8 172 176;1 182 183;2 206 207
0 15 16;1 29 30;8 37 41;1 62 63;6 64 69;7 74 80;2 98 99
1 6 7;1 9 10;6 11 15;0 17 18;0 18 19;6 19 22;5 22 24;2 40 41
6 6 10;7 21 26;2 54 55
8 4 8;0 14 16;0 26 27;2 47 49;6 52 55;0 56 57;7 72 77;2 79 80
0 2 3;2 48 49
0 2 3;5 14 16;8 24 28;0 32 33;6 62 67;2 80 81
1 6 7;3 23 25;6 26 30;5 57 59;2 63 64
1 4 5;1 16 17;6 18 22;1 22 23;8 26 30;0 30 31;0 58 59;6 80 85;8 85 88;6 91 95;6 97 102;2 112 113
6 13 16;0 17 18;6 69 72;1 74 75;0 88 89;2 103 104
6 18 23;2 26 28;8 31 34;2 52 54;0 54 56;1 61 62;0 68 69;2 78 79
2 10 12;0 12 14;6 37 41;0 46 47;1 53 54;0 76 77;8 98 102;3 124 126;2 139 140
5 2 4;0 12 13;8 24 28;5 28 30;0 45 46;1 59 60;6 64 69;0 72 73;0 104 105;0 105 106;5 109 111;8 116 120;1 136 137;0 142 143;2 177 178
6 2 5;0 13 14;1 20 21;3 61 63;0 68 69;8 80 83;4 90 92;0 113 114;0 129 131;0 132 133;6 144 147;0 148 149;0 158 159;0 170 171;0 171 172;3 175 177;0 186 187;1 191 192;2 196 197
1 20 21;0 26 27;3 33 35;2 49 51;8 54 57;0 74 76;0 77 78;0 78 79;6 93 96;8 109 113;3 113 115;9 116 120;2 123 126;6 129 132;0 133 134;9 147 151;8 158 161;2 172 173
0 2 3;5 3 5;2 9 11;0 11 13;5 16 18;1 20 21;6 28 31;1 36 37;0 71 72;2 85 86
0 19 20;0 27 29;2 35 37;8 40 43;0 62 64;7 70 76;0 94 96;1 103 104;0 109 110;0 110 111;6 127 131;0 139 140;6 157 161;0 176 177;2 186 187
6 2 5;1 5 6;5 11 13;6 14 18;5 18 20;5 33 35;8 41 45;0 53 54;1 62 63;3 88 90;1 100 101;5 108 110;0 114 115;0 122 123;2 132 133
1 20 21;0 26 27;3 33 35;1 68 69;0 83 84;5 84 86;0 91 93;0 94 95;6 99 102;8 113 116;2 127 128
8 7 10;2 21 23;8 26 30;0 41 42;3 48 50;1 90 91;0 103 104;8 115 119;5 119 121;0 145 146;1 157 158;8 160 164;2 167 169;0 169 171;8 174 177;2 192 193
0 37 39;6 52 57;0 65 67;1 72 73;2 86 87
0 8 9;0 27 29;3 37 39;0 42 43;5 58 60;8 66 70;1 75 76;8 79 83;6 86 91;2 100 102;3 108 110;8 135 139;1 144 145;8 148 152;8 155 159;1 161 162;0 174 175;8 186 190;5 190 192;0 212 213;0 213 214;0 229 230;1 236 237;0 240 241;2 247 248
5 6 8;6 31 34;7 35 40;0 52 53;0 60 62;0 63 64;0 73 74;5 74 76;0 83 85;0 86 87;0 87 88;1 91 92;6 106 111;0 120 121;6 136 141;0 161 162;0 162 163;1 168 169;0 182 184;0 189 190;0 201 202;8 202 205;0 208 210;1 226 227;0 234 235;2 246 247
8 2 6;1 25 26;6 35 38;0 39 40;6 61 65;6 81 86;6 86 91;1 91 92;2 96 97
5 4 6;0 11 13;0 16 17;1 37 38;5 51 53;0 58 59;6 68 72;6 106 111;1 113 114;6 116 119;0 129 130;0 130 131;6 131 134;2 150 151
0 19 20;0 60 61;2 76 78;0 78 80;6 83 86;0 97 99;1 102 103;2 107 108
6 2 5;2 32 34;5 39 41;1 43 44;6 49 54;1 64 65;8 68 72;2 76 77
0 2 3;0 20 22;0 27 28;9 38 41;0 58 60;6 72 75;0 84 85;0 85 86;6 102 106;5 110 112;0 115 116;0 148 150;2 159 160
0 17 19;2 50 51
2 4 6;8 21 25;5 25 27;6 45 51;2 54 56;2 77 79;0 79 81;0 89 90;0 90 91;8 101 105;8 105 108;2 123 124
0 2 3;1 12 13;0 18 19;0 19 20;8 32 35;2 39 41;0 51 52;0 52 53;0 75 76;6 76 79;2 131 132
0 11 12;0 28 30;0 31 32;0 32 33;6 48 52;0 59 60;0 74 75;0 102 103;2 137 138
8 44 48;2 56 57
8 33 37;6 39 42;7 61 66;2 68 69
0 15 17;0 36 37;8 46 50;6 53 57;0 66 68;1 73 74;1 78 79;0 85 86;0 98 99;0 99 100;3 105 107;7 118 124;1 139 140;2 144 145
0 27 28;0 28 29;1 34 35;1 37 38;0 51 52;8 63 67;4 67 69;6 73 77;0 77 78;3 84 86;2 116 117
6 18 23;8 23 27;2 62 63
0 8 9;2 29 31;0 31 33;1 38 39;0 46 47;6 58 61;1 74 75;6 76 80;1 80 81;8 84 88;1 93 94;0 99 100;2 106 107
1 6 7;0 16 17;0 17 18;1 23 24;1 26 27;0 32 33;0 49 50;0 50 51;0 78 79;2 93 94
6 10 15;6 15 20;8 25 29;0 34 35;6 44 47;0 64 65;0 65 66;5 86 88;2 93 94
6 2 5;0 19 20;0 20 21;8 30 33;6 48 53;8 53 56;8 56 60;2 78 79
0 11 13;2 18 20;1 30 31;0 48 50;2 68 69
5 4 6;6 42 48;6 48 51;5 57 59;1 61 62;0 69 70;6 88 91;6 94 97;8 101 104;2 115 116
5 4 6;0 22 23;1 29 30;5 35 37;1 39 40;1 44 45;6 52 57;2 67 68
8 24 28;0 28 29;8 33 36;5 47 49;1 53 54;6 63 68;2 77 78
1 6 7;0 17 18;8 29 33;3 33 35;2 54 56;1 69 70;1 98 99;0 104 105;0 105 106;3 123 125;2 140 141
0 29 30;0 49 50;0 50 51;0 69 70;0 79 80;0 98 99;0 109 110;2 116 117
0 17 18;0 25 26;0 26 27;6 27 30;6 44 49;8 70 74;4 74 76;6 80 84;1 86 87;6 89 93;2 109 112;6 118 123;6 125 128;8 127 132;3 140 142;6 183 187;5 197 199;2 203 204
5 4 6;0 62 63;6 74 77;0 85 86;6 110 113;0 121 122;0 122 123;6 123 126;6 134 137;6 139 144;2 150 151
0 2 3;5 14 16;2 27 29;2 34 37;6 43 48;8 48 52;5 52 54;0 76 77;0 77 78;1 85 86;1 95 96;0 122 123;2 153 154
2 4 6;8 9 12;0 27 28;1 34 35;0 64 65;0 72 73;0 82 84;6 96 101;7 108 113;6 118 122;2 128 129
0 2 3;8 12 15;0 23 24;0 24 25;3 30 32;3 37 39;8 40 44;0 57 58;2 82 84;6 87 90;1 97 98;7 111 116;6 121 125;2 131 132
6 4 7;0 19 20;1 28 29;5 36 38;6 41 46;6 53 58;6 58 61;1 76 77;9 81 84;6 95 99;7 102 107;8 119 124;3 124 126;7 129 135;0 135 136;1 139 140;2 144 145
8 4 8;1 12 13;0 16 17;0 17 18;6 18 21;0 29 30;1 38 39;6 67 72;6 90 93;1 100 101;7 114 119;6 124 128;2 134 135
0 25 26;0 26 27;6 27 30;0 40 41;0 55 56;6 72 77;0 82 83;0 83 84;6 96 99;2 109 110
6 2 5;8 14 18;0 22 23;0 23 24;1 31 32;0 37 38;6 66 71;9 81 84;6 100 105;1 120 121;1 125 126;3 137 139;7 140 145;0 145 146;6 146 149;6 155 158;1 165 166;7 179 184;6 189 193;2 202 203
0 2 3;6 23 26;1 37 38;8 47 50;6 50 55;6 55 59;2 69 72;0 82 83;8 124 128;6 137 140;0 141 142;8 155 159;2 161 162
0 2 3;8 41 45;0 47 48;0 48 49;0 63 64;0 81 83;4 88 90;1 132 133;3 157 159;0 177 178;5 187 189;2 193 194
0 2 3;6 21 26;8 31 34;1 47 48;6 49 54;6 65 70;1 79 80;8 84 88;6 103 107;6 115 120;0 123 124;0 124 125;1 133 134;0 143 144;1 148 149;0 179 180;2 200 201
8 16 20;0 24 25;6 61 67;0 70 71;0 71 72;1 77 78;1 80 81;0 86 87;6 102 107;2 122 123
0 15 17;0 26 27;6 41 44;0 45 46;8 66 69;2 84 85
0 7 8;5 25 27;6 28 34;7 40 46;5 50 52;6 69 73;7 75 80;5 82 84;1 86 87;6 92 95;8 110 115;8 122 125;6 139 144;1 165 166;0 169 170;2 217 218
0 9 10;7 22 28;2 47 49;5 52 54;5 65 67;6 84 88;1 113 114;6 183 187;0 196 197;5 201 203;1 224 225;6 226 231;2 237 238
0 17 18;0 18 19;1 24 25;1 27 28;0 33 34;2 47 49;0 57 58;0 58 59;0 84 85;5 106 108;6 115 118;0 119 120;8 145 149;2 151 152
0 2 3;6 20 25;9 26 29;6 38 41;1 43 44;6 73 78;0 92 93;0 93 94;0 104 105;5 109 111;1 113 114;0 119 120;2 154 155
0 13 15;0 22 23;0 23 24;1 41 42;8 43 47;0 55 56;0 56 57;3 62 64;6 81 84;0 92 93;6 102 105;1 112 113;1 125 126;7 127 132;6 137 141;2 147 148
0 2 3;6 21 26;9 27 30;6 46 51;6 62 67;8 67 71;0 77 78;1 86 87;8 96 101;2 206 208;1 213 214;6 215 220;1 224 225;2 238 239
0 2 3;6 21 26;6 26 29;1 42 43;6 44 49;6 60 65;0 68 69;1 85 86;6 87 92;1 110 111;0 127 128;1 142 143;8 156 160;1 173 174;6 183 186;1 197 198;2 230 231
8 4 8;0 15 17;6 22 25;0 38 39;1 45 46;0 49 50;2 56 57
0 21 22;6 31 34;8 37 40;0 64 65;1 69 70;2 74 75
5 11 13;8 20 24;6 30 33;8 34 38;8 42 47;6 47 50;0 82 84;2 108 109
0 14 15;0 31 33;0 34 35;8 83 86;2 88 89
0 14 15;0 33 35;3 42 44;0 57 59;3 71 73;3 77 79;3 88 90;0 96 97;6 108 111;5 115 117;0 120 122;8 125 129;0 145 147;0 159 160;6 171 174;1 183 184;2 188 189
0 10 12;0 19 20;0 38 39;0 39 40;6 62 67;0 75 77;2 86 87
0 17 19;0 28 30;8 33 37;0 43 44;5 53 55;1 57 58;8 69 74;0 79 80;0 102 104;2 113 114
5 11 13;6 30 33;8 34 38;6 53 58;8 63 66;3 106 108;3 112 114;0 139 140;1 146 147;5 152 154;1 156 157;7 158 164;6 175 179;6 182 187;6 194 198;2 219 220
6 2 5;0 6 7;0 25 26;5 30 32;0 37 38;1 46 47;3 57 59;0 66 67;0 94 95;3 103 105;0 110 111;8 115 118;0 123 124;2 165 166
0 9 11;0 21 22;1 37 38;7 40 41;8 55 58;0 61 63;0 64 65;1 73 74;5 101 103;0 115 116;6 145 148;0 149 150;2 178 179
0 14 16;0 19 20;9 49 52;8 68 71;1 71 72;8 73 78;1 95 96;9 108 113;8 125 129;6 137 140;6 164 167;6 172 175;5 181 183;0 191 192;1 203 204;6 218 221;0 236 237;1 243 244;8 255 258;2 277 278
3 9 11;0 14 15;6 37 40;6 41 45;1 45 46;6 51 55;1 57 58;6 60 64;6 72 76;3 78 80;6 95 99;3 101 103;6 119 122;6 125 128;8 132 135;2 146 147
2 15 17;0 17 19;1 26 27;9 39 44;9 69 73;0 100 102;0 103 104;0 104 105;3 108 110;7 123 124;8 132 136;0 142 143;2 171 172
0 15 17;0 27 28;8 40 45;6 54 57;8 63 66;0 67 68;7 85 90;8 97 101;8 101 104;2 115 116
8 6 9;8 16 19;8 30 33;0 34 35;6 46 50;5 54 56;6 60 63;0 64 65;2 80 82;0 82 84;5 87 89;8 93 97;0 116 118;2 127 128
1 14 15;6 18 24;8 24 28;8 40 43;8 60 64;6 74 77;1 79 80;0 85 86;1 86 87;8 88 92;6 98 102;5 106 108;6 112 115;5 122 124;8 128 132;0 151 153;2 162 163
0 17 18;0 32 33;0 44 45;0 57 58;0 58 59;1 66 67;0 70 71;0 71 72;2 77 78
6 2 5;1 7 8;1 20 21;1 28 29;0 38 39;0 56 58;2 89 90
6 2 5;1 15 16;1 20 21;0 28 29;1 53 54;0 57 58;8 69 73;1 75 76;2 85 86
2 17 19;6 26 31;6 43 47;0 47 48;2 85 87;0 87 89;6 92 95;2 97 99;8 102 105;9 113 117;2 146 147
1 14 15;0 22 23;7 34 39;0 47 48;0 68 69;0 86 88;6 94 99;2 120 121
5 6 8;6 20 23;6 41 44;1 59 60;7 66 71;0 77 78;6 116 120;1 122 123;6 143 148;2 150 151
6 2 5;0 6 7;1 40 41;0 44 45;0 68 69;2 97 98
6 2 5;0 19 20;0 29 30;1 63 64;0 67 68;0 79 81;3 83 85;0 95 96;1 100 101;2 105 106
8 2 6;0 13 14;9 24 27;1 38 39;2 43 45;1 77 78;5 81 83;6 87 91;9 89 93;0 94 95;1 102 103;1 110 111;6 113 118;8 118 122;0 129 130;5 141 143;8 144 149;6 165 170;0 173 174;2 202 203
1 2 3;6 12 15;0 20 21;0 31 33;0 34 35;0 41 42;1 42 43;0 46 47;0 47 48;0 63 64;6 80 83;0 84 85;0 104 105;0 114 115;1 119 120;2 124 125
0 2 4;3 6 8;0 13 14;0 30 31;5 74 76;1 78 79;0 90 92;3 94 96;0 106 107;1 111 112;2 116 117
6 13 16;0 25 26;0 43 44;1 48 49;2 53 54
6 2 5;6 8 11;0 39 41;9 45 48;0 65 67;6 70 73;1 76 77;0 82 84;2 93 95;0 95 97;6 100 103;9 115 118;7 135 140;2 142 143
8 26 30;1 32 33;6 40 45;6 76 81;2 111 112
0 9 10;8 22 27;8 32 36;6 50 55;5 55 57;6 61 64;6 65 69;6 93 99;8 99 103;8 113 117;0 137 138;1 151 152;0 158 159;0 174 175;0 185 186;0 207 209;2 218 219
5 6 8;3 11 13;6 26 31;0 64 65;1 84 85;2 89 90
0 7 9;6 12 15;0 28 29;1 40 41;8 42 47;6 51 56;0 56 57;0 64 66;0 76 77;8 86 90;8 90 93;2 113 114
6 2 5;0 28 29;0 42 43;0 43 44;0 59 60;8 64 67;2 75 77;0 95 96;1 107 108;0 116 117;6 136 140;8 148 152;6 154 157;0 158 159;7 172 177;2 179 180
0 14 16;0 45 46;1 57 58;1 66 67;6 68 72;1 74 75;7 85 90;0 99 101;0 108 109;0 116 117;6 128 131;0 132 133;0 160 161;0 168 169;2 190 191
1 4 5;8 6 10;6 14 18;2 37 38
0 8 9;0 24 26;8 63 67;5 67 69;1 86 87;1 96 97;8 99 103;2 106 108;0 108 110;8 113 116;2 131 132
6 2 5;6 8 11;0 38 40;0 41 42;0 42 43;3 46 48;1 57 58;8 61 65;6 65 68;0 75 77;9 81 84;1 92 93;2 108 110;0 110 112;6 115 118;9 130 133;7 150 155;2 157 158
6 2 5;5 8 10;1 12 13;6 27 30;8 31 35;7 39 45;6 57 62;0 77 78;2 88 89
7 6 12;0 23 24;5 24 26;1 31 32;1 42 43;1 57 58;6 59 64;2 70 71
1 11 12;0 19 20;0 20 21;6 37 41;6 43 46;1 48 49;0 54 55;0 74 75;0 75 76;1 79 80;2 84 85
6 2 5;2 16 18;0 33 34;5 52 54;1 56 57;6 69 74;0 89 90;2 100 101
6 2 5;0 16 17;0 17 18;5 21 23;0 32 33;0 42 43;0 52 54;6 65 68;0 106 107;1 113 114;0 132 134;2 151 152
5 1 3;0 31 32;0 45 46;0 59 60;1 75 76;8 82 86;0 86 87;6 110 113;8 140 144;8 150 154;1 161 162;0 181 182;2 192 193
5 12 14;0 29 31;5 50 52;8 54 58;1 60 61;8 68 72;7 93 98;0 98 99;1 102 103;2 107 108
0 2 3;5 18 20;0 34 35;6 88 93;6 93 96;2 106 107
6 2 5;0 6 7;0 19 20;0 29 30;0 36 38;0 42 43;6 54 59;2 65 66
5 41 43;1 45 46;0 49 50;2 55 57;5 71 73;1 77 78;6 84 90;0 93 94;0 105 106;0 122 123;0 134 135;5 139 141;0 145 146;1 155 156;1 172 173;1 184 185;1 196 197;2 201 203;6 206 209;1 211 212;0 218 219;0 219 220;0 229 230;2 236 237
0 20 21;1 27 28;1 41 42;7 48 54;2 58 60;3 67 69;0 92 94;8 97 101
6 39 42;1 44 45;5 54 56;8 57 62
2 10 12;2 24 26;3 33 35;0 45 46;1 52 53;6 66 69;0 74 75;6 106 109;8 116 121
3 10 12;1 28 29;7 62 68;2 70 72;0 75 77;8 86 90;8 94 98;0 104 106;1 111 112;0 115 116;0 116 117;6 139 145
6 2 5;5 10 12;0 23 24;5 53 55;1 57 58;8 60 64;1 70 71;6 72 76;1 94 95
8 11 14;8 23 26;8 33 36;3 79 81;0 91 92;1 110 111;0 116 118;5 137 139;0 144 146;0 147 148;6 189 193;0 205 207;0 218 220
6 19 23;7 43 44;5 52 54;6 74 77;1 86 87
6 2 5;1 8 9;0 13 14;5 50 52;0 69 70;0 84 85;0 106 107;0 107 108;1 111 112;1 116 117;6 122 125;5 135 137;8 138 143
6 4 7;0 8 9;0 36 37;5 55 57
5 4 6;0 9 10;8 14 17;1 17 18;0 23 24;0 24 25;3 36 38;1 42 43;0 46 47;0 64 65;8 69 72;1 72 73
0 12 13;0 23 24;0 24 25;6 25 28;2 56 58;0 67 68;2 86 88;0 97 98;0 98 99;6 99 102;5 110 112;7 117 122;5 124 126;0 131 133;6 139 145;7 145 150;0 171 173;0 181 182;0 182 183;0 194 195;8 218 222;1 229 230
8 10 13;1 13 14;1 27 28;3 33 35;1 41 42;1 55 56;1 72 73;0 81 82;1 88 89;1 98 99;6 100 105;1 110 111;8 116 119
5 1 3;1 12 13;0 36 37
0 6 7;6 20 23;1 47 48;8 53 57;6 65 68;6 111 115;6 137 140;5 165 167
2 6 8;5 13 15;2 17 19;6 22 27;0 75 77;0 103 104;6 117 120;1 124 125;5 131 133
0 24 25;9 38 41;6 51 55;1 91 92;9 99 104
8 3 7;0 19 20;1 47 48;3 64 66;6 73 78;6 86 89;1 104 105;6 110 113;1 123 124;6 136 142;5 142 144
0 15 16;8 67 71;0 73 75;3 77 79;6 98 103
6 4 10;3 18 20;3 24 26;3 33 35;3 39 41;3 53 55;3 82 84
8 1 4;6 48 52;1 81 82;6 83 87
5 7 9;0 19 20;1 31 32;5 48 50;6 63 69
2 32 34;0 34 36;2 42 44;0 58 59;1 63 64;1 79 80;6 86 89;5 93 95;6 99 102;8 105 108;0 111 112;2 131 133;2 169 171;6 176 180;8 218 223
0 2 3;0 26 27;0 27 28;0 40 41;0 41 42;7 56 57;0 65 66
8 44 48;0 54 56;1 59 60;6 72 75;1 77 78;1 94 95
0 12 13;1 31 32;0 35 36;0 50 51;5 51 53;0 56 57;0 57 58;5 85 87
6 2 5;0 6 7;2 27 29;0 29 31;1 38 39;0 42 43;0 43 44;1 49 50;0 64 65;0 65 66;1 73 74;1 86 87
6 4 7;6 17 20;0 30 31;5 31 33;3 37 39;6 49 54;7 54 59;6 95 101
5 8 10;5 58 60;5 62 64;0 74 75;5 88 90;6 101 107
6 2 5;5 16 18;0 23 24;0 24 25;6 37 41;3 43 45;5 52 54;6 61 64;1 66 67;1 85 86;9 93 98
5 8 10;2 14 16;0 16 18;1 25 26;1 48 49;6 50 55;6 88 91;5 111 113;8 115 120
5 8 10;0 15 17;0 18 19;0 19 20;2 25 28;6 31 34;1 36 37;1 46 47;6 52 56;3 58 60
5 8 10;0 15 17;0 18 19;0 19 20;6 20 23;0 28 29;0 44 45;0 61 62;8 74 78;8 91 96;5 98 100;1 122 123;1 130 131;8 132 137;0 154 155;6 166 169;1 171 172;8 181 184
5 8 10;0 15 17;0 24 25;0 44 45;5 76 78;1 92 93;0 103 105;0 108 109;6 120 123;0 124 125
0 9 11;0 12 13;0 44 46;0 49 50;0 62 63;1 79 80;6 90 94
5 8 10;1 33 34;6 44 47;0 48 49;0 49 50;0 60 61;0 72 73;0 91 93;3 95 97
0 17 18;6 37 40;8 45 49;0 56 57;8 70 74;5 74 76;0 81 82
1 8 9;1 29 30;8 33 36
1 2 3;6 10 13;2 13 15;2 22 25;0 48 49;5 68 70;0 80 81;1 92 93;6 124 127;6 136 142;5 142 144
1 11 12;8 24 28;0 28 29;0 41 42;0 55 56;3 62 64;1 75 76;6 82 85
5 6 8;1 26 27;0 31 32;0 57 59
2 22 24;8 33 37;7 55 61;0 61 62;5 62 64;0 70 72;0 84 85
5 2 4;1 6 7;1 11 12;1 19 20;6 27 30;8 49 54
0 15 16;0 16 17;1 22 23;1 25 26;0 29 30;0 30 31;5 34 36;0 41 42;8 55 59;6 62 65;6 70 75;8 75 79;1 111 112;1 117 118;7 120 125;6 155 158;1 160 161
0 17 18;0 58 59;0 86 87;6 105 111
6 35 38;6 43 47;2 61 63;5 79 81;6 82 87;0 114 115;1 135 136;0 144 146;2 151 154;5 157 159;1 161 162
2 41 43;5 86 88;2 90 93;0 107 108;0 108 109;1 112 113;8 123 127;6 150 156
8 1 4;0 21 23;0 29 30;0 50 52
2 7 9;0 9 11;6 22 25;1 31 32;6 33 38;1 42 43;6 51 54;5 60 62;8 76 81
0 11 13
6 10 16;6 16 19;6 63 67;0 81 82;8 114 118;2 187 190;6 193 197
5 9 11;1 46 47;6 54 57;7 63 68
0 26 28;0 29 30;6 53 56;0 57 58;0 58 59;1 66 67;8 72 75;6 91 94;0 95 96;0 96 97;1 104 105;8 120 123;1 123 124;6 133 139
6 29 33;6 58 62;5 74 76;2 85 87;1 98 99
8 23 27;0 29 30;0 30 31;1 36 37;1 39 40;0 45 46;5 61 63;0 82 83;0 83 84;6 84 87;1 92 93;6 108 112;1 128 129
0 5 6;5 6 8;0 11 13;0 14 15;6 32 37;8 37 41;1 46 47;0 73 74;0 74 75;8 84 87
0 2 4;3 6 8;0 13 14;5 25 27;5 35 37;0 62 63;5 87 89;1 116 117;2 140 142;6 145 148
6 4 9;8 9 13;5 49 51;0 61 62;1 68 69;8 99 104;8 108 113;1 119 120;0 129 130;1 136 137
2 14 16;6 19 24;0 33 34;1 41 42;2 50 52;8 55 59;0 71 72;0 106 107;0 107 108;6 108 111;5 119 121;8 126 130;0 137 139;0 163 164;1 171 172
6 22 25;0 44 45;0 45 46;6 46 49;0 69 70;0 70 71;0 80 81;2 86 88;1 97 98;7 115 120;0 120 121;6 121 124;0 130 131;0 131 132;0 142 143;0 161 162;1 221 222;8 223 228
3 23 25;0 32 33;0 40 42;2 61 63;0 63 65;2 71 73;5 76 78;5 112 114
1 21 22;0 26 27;0 85 86;1 92 93;6 110 113;2 126 128
0 6 7;5 11 13;8 18 22;6 42 45;6 50 53;3 60 62;3 73 75;6 76 81
0 2 3;0 19 20;8 37 41;5 54 56;5 58 60;8 69 73;0 111 112;1 120 121;0 126 127;1 135 136;5 143 145;0 167 168;0 168 169;1 176 177
6 2 5;1 44 45;6 46 50
0 11 12;0 34 35;0 48 49;5 62 64;0 69 71;8 74 78;2 84 86;6 89 92;1 94 95
0 18 19;0 19 20;0 31 32;8 49 53;5 53 55;2 66 68;6 82 85;1 93 94;0 105 106;0 135 136;8 140 143;1 143 144
8 8 11;6 16 20;0 42 43;8 82 87;6 87 90;0 102 104
8 9 12;6 17 21;6 82 88;0 91 92;0 92 93;8 112 116;6 133 136;0 148 150;1 172 173
5 6 8;2 24 26;1 45 46;0 55 56;0 66 67;5 82 84;1 86 87;6 89 94;0 97 98;0 98 99;1 107 108;1 122 123;6 141 146;6 146 149;5 156 158
5 9 11;0 14 16;9 29 33;1 38 39;1 65 66;1 70 71;1 83 84;0 89 91;3 93 95;5 102 104;1 116 117
8 4 8;1 18 19;2 23 25;0 46 47
8 4 8;0 12 14;0 36 37;2 42 44;2 55 57;1 98 99;7 105 111;0 111 112
2 8 10;8 13 17;1 24 25;5 32 34;7 37 38;8 68 73
7 3 9;5 13 15;1 17 18;0 28 29;0 35 36;1 36 37;0 49 50;6 62 65
8 4 8;0 12 14;0 39 40;7 76 82;1 100 101
6 2 5;8 10 14;5 14 16;5 31 33;7 40 45;6 70 73
0 7 8;0 8 9;0 14 15;1 15 16;0 29 30;0 30 31;0 53 54;0 74 75;5 79 81;6 86 89;0 100 101;5 105 107
0 7 8;5 25 27;1 32 33;7 42 47;2 54 57;6 60 64;5 64 66;6 87 93
7 4 5;5 15 17;5 27 29;5 36 38;6 39 43;5 49 51;5 66 68;6 69 73;0 73 74;5 74 76;7 87 92;8 94 97;1 104 105;6 106 112
3 9 11;0 14 15;0 32 33;1 37 38;6 45 48;0 49 50;1 54 55
0 17 18;3 43 45;6 46 50;7 57 62;0 90 91;0 91 92;1 95 96
2 6 8;0 27 28;8 32 35;1 35 36;1 68 69;0 86 87;0 87 88
6 9 13;1 38 39
0 22 23;0 23 24;0 36 37;0 37 38;2 68 70;6 79 84;0 87 88
8 6 10;6 26 29;0 32 33;2 38 40;2 51 53;6 65 68;1 89 90
6 14 19;7 19 24;6 32 35;1 44 45
0 12 13;5 13 15;0 24 25;8 29 32;0 35 36;6 40 43;2 48 51;6 54 58;0 63 65;1 77 78;0 82 83;1 119 120;8 152 156
5 6 8;0 22 23;6 23 26;1 36 37;0 41 42;8 56 60;8 69 73;2 77 80;0 90 91;0 91 92;6 92 95
0 8 10;6 13 18;0 58 59;9 71 73
6 20 23;6 24 29;6 29 34;6 38 42;8 47 51;0 61 62;1 70 71;1 78 79
0 14 15;0 15 16;3 21 23;0 75 76;0 85 86;3 92 94
6 23 28;8 28 32;0 57 58;0 58 59;3 64 66;6 73 78;1 129 130;6 131 137;5 137 139;1 145 146;5 154 156;8 176 179;7 192 198
0 13 14;0 14 15;6 15 18;6 24 28;2 34 36;0 36 38;3 46 48;0 55 56;2 62 65;2 71 73;8 76 80;2 83 85;0 85 87;0 97 98;7 110 116
0 20 21;3 34 36;6 41 45;5 55 57;6 61 64;6 89 94;0 97 98;0 98 99;3 104 106;7 114 120
0 14 15;9 28 33;6 55 58;1 60 61;1 79 80;9 87 92
6 4 8;0 13 14;0 28 29;6 44 48;8 59 63;3 83 85;8 90 94;1 99 100;0 123 124;1 130 131;6 160 165;6 170 175;6 177 180;6 179 185;1 190 191;6 200 203;5 224 226;1 228 229
1 2 3;3 12 14;8 18 22;6 24 27;0 39 41;1 50 51;2 64 66;0 66 68;6 79 82;1 88 89;6 90 95;1 99 100;6 108 111;5 117 119;8 133 138
0 15 17;6 20 23;0 24 25;0 32 33;0 47 48;0 48 49;1 54 55;1 57 58;0 63 64;2 85 88;6 91 95;7 134 140;0 163 164;0 164 165;1 168 169
8 12 15;3 34 36;2 55 57;7 61 67;0 89 90;8 94 97;0 109 110;8 114 117;1 117 118
5 6 8;1 40 41;9 42 46;1 52 53;8 54 58;2 70 72;3 79 81;3 94 96;1 115 116;6 130 133;6 141 144;1 149 150
5 10 12;2 24 26;8 29 32;3 37 39;3 43 45;0 61 62;0 62 63;1 68 69;1 71 72;0 77 78;3 91 93;6 102 105;6 113 116;1 121 122
6 12 16;6 27 32;0 35 36;5 53 55;1 57 58;6 65 70;1 74 75
9 13 16;1 23 24;2 31 33;3 40 42;0 48 49;0 56 58;0 59 60;3 79 81;0 91 92
0 4 5;8 15 18;1 22 23;0 30 31;2 50 52;1 63 64;6 82 87
8 10 15;5 17 19;1 21 22;5 29 31;1 37 38;0 45 46;0 46 47;6 47 50;6 66 70;1 79 80;8 85 88
0 13 15;2 20 22;2 40 42;0 42 44;6 47 50;0 51 52;0 67 69;0 70 71;8 82 86;5 86 88;2 92 94
5 15 17;1 19 20;2 30 32;8 35 39
5 29 31
0 5 6;5 6 8;0 11 13;0 14 15;0 27 28;5 28 30;0 33 35;0 36 37;0 37 38;1 45 46;6 53 59;5 63 65;0 68 70;0 78 79;3 87 89;0 92 93;5 112 114;0 155 156;5 156 158;1 172 173
0 7 8;0 25 26;6 53 58;7 67 72;1 74 75;8 82 86;0 88 89;7 109 114;1 116 117;6 124 129;0 132 133;0 133 134
0 57 58;2 63 65;8 68 71;5 83 85;0 90 91;1 97 98;5 110 112;1 121 122
7 6 12;8 14 17;8 25 30;6 34 40;7 40 45;0 64 65;0 79 80;0 101 102;0 102 103;1 106 107;1 111 112;6 117 120;5 130 132
1 3 4
8 4 7;0 10 11;0 26 28;0 29 30;0 38 39
8 9 13;1 15 16;6 27 31;3 42 44;8 67 71;1 89 90;6 99 103
1 14 15;6 18 23;2 34 37;1 43 44;7 53 58;0 70 72;1 77 78;0 82 83
6 2 5;0 27 28;7 43 48;5 56 58
6 4 7;1 13 14;8 42 47
5 9 11;6 16 19;1 26 27;0 30 31;0 42 43;0 43 44;0 59 61;1 72 73
0 11 12;0 29 30;0 47 49;2 57 59;7 71 76;8 78 81;6 89 93
5 6 8;2 16 19;0 37 38
6 2 5;1 14 15;0 37 38;2 72 74;0 74 76
8 33 37;0 37 38;6 48 51;0 73 75;5 92 94;1 96 97
5 6 8;0 42 44;0 53 55;0 71 72;0 72 73;1 78 79;1 81 82;0 87 88;6 99 104;5 104 106;0 110 112;8 115 119;2 124 126;1 131 132;7 133 139;5 141 143;2 150 152;8 156 161
3 2 4;3 8 10;0 23 24;0 32 34;8 37 41;2 46 48;7 57 62;8 86 90;1 96 97;9 98 102;8 107 111;6 127 130;0 133 134;0 149 150
0 7 8;0 51 52;2 65 67;0 67 69;0 76 77;8 88 91;6 108 113;7 113 118;1 126 127;6 144 149;6 160 165
0 8 9;0 9 10;1 37 38;8 45 49;0 64 65;5 94 96;0 111 112;0 112 113;5 135 137;6 140 145;1 152 153;1 168 169;0 172 173;6 182 186;0 191 192;0 206 207;6 222 226;8 237 241;1 250 251;6 258 264
6 23 28;6 39 43;0 63 64;0 82 83;0 83 84;8 103 107;1 107 108;8 111 115;0 127 128;0 143 144;6 192 197
1 6 7;1 20 21;3 34 36;0 41 43;3 63 65;6 68 73;0 102 104;8 140 144;0 148 150;0 189 190;5 190 192;2 196 198;0 198 200;8 209 213;1 226 227;2 231 233;0 240 241;8 259 262;2 272 274;8 290 295;8 305 309;6 314 319;6 354 357
6 2 5;6 12 16;0 23 25;8 89 93;2 99 101;0 101 103
1 6 7;2 45 47;0 47 49;6 52 55;0 63 64;6 75 79;6 81 84;0 85 86;0 86 87;2 112 114;1 126 127;0 165 167;0 168 169;5 169 171;0 174 176;8 185 189;1 193 194;7 195 201;0 231 232;0 248 250;2 255 258;6 281 284;6 293 298
1 17 18;7 21 26;8 67 71;5 94 96;9 97 102;0 103 104;5 128 130;6 133 137;7 162 163;2 170 172;6 193 198;8 226 230;3 261 263;8 264 268;1 268 269;6 272 277;6 297 302
6 13 16;0 21 23;6 30 33;8 41 45;1 45 46
2 5 7;6 10 14;3 16 18;0 21 22;0 31 32;2 72 75;6 78 82;5 102 104;1 116 117
0 9 11;1 31 32;0 37 39;8 42 46;0 54 55;0 63 65
0 5 6;0 35 37;1 42 43;0 51 52;0 52 53;1 58 59;1 61 62;0 67 68;5 79 81;1 90 91;6 111 116;8 116 120;1 125 126;6 129 133;6 137 141;2 166 168
0 2 3;2 10 12;8 32 36;1 72 73;1 77 78;8 83 87;8 94 98;1 103 104
0 2 3;0 24 25;5 36 38;8 51 55;0 55 56;0 62 63;1 63 64;0 69 70;5 93 95;1 99 100;0 149 150;0 156 157;1 157 158;0 161 162;0 162 163;1 210 211;8 214 218;0 228 229;1 242 243;1 262 263
0 7 8;7 18 23;8 35 39;3 39 41;6 54 58;8 60 64;3 64 66;6 84 87;2 87 89;5 96 98;0 104 105;1 108 109;6 156 160;0 170 172;0 181 183;3 188 190;8 191 195;0 195 196;0 213 214;0 231 232;0 232 233;3 246 248
6 2 5;0 6 7;0 24 26;0 36 38;0 39 40;0 40 41;1 44 45;1 49 50;6 55 58;5 74 76
0 2 4;3 6 8;6 22 25;1 25 26;5 31 33;8 34 38;5 38 40;8 46 50;0 59 60;1 68 69;8 108 112;6 115 119;6 145 151;8 151 155;8 155 158;6 159 163;5 169 171;6 174 179;0 204 205;3 211 213;0 225 226;0 226 227
0 2 3;5 7 9;6 14 19;7 22 28;6 63 66;1 84 85;6 86 90;1 98 99;6 112 116
0 8 9;6 13 16;6 54 59;6 70 75;1 90 91
1 12 13;8 19 23;1 33 34;1 40 41;2 60 62;8 81 84;6 89 94
6 11 14;1 18 19;7 33 38;1 46 47;2 56 58;6 63 66;8 69 73;1 81 82;2 86 88
2 4 6;6 11 14;0 15 16;0 16 17;3 28 30;6 35 39;7 43 48;7 50 51;6 77 80;6 86 92;8 100 103
1 10 11;1 21 22;2 41 43;0 57 58;8 76 80;8 84 88;6 88 91;6 94 99;5 99 101;8 104 108;6 108 111;1 118 119
1 3 4;6 6 9;0 17 18;2 36 38;2 55 57
2 8 10;6 27 30;3 48 50;0 53 54;0 82 83;8 92 96;8 118 121;6 126 131
2 14 16;6 19 23;6 37 43;8 43 47;6 47 50;6 84 90;0 93 94;0 94 95;3 100 102;8 122 127
3 16 18;8 29 34;8 36 40;1 54 55
1 20 21;2 62 64;8 67 70;1 127 128;2 159 161
7 11 16;1 18 19;6 25 29;8 29 32;1 39 40;8 43 47;0 51 52;8 73 76
0 10 11;1 17 18;0 31 32;8 50 54;6 58 63;5 72 74
0 2 3;5 7 9;6 14 19;0 24 25;0 31 32;1 32 33;0 36 37;0 37 38;3 51 53;8 58 61;1 65 66;0 74 75;0 75 76;3 81 83;0 88 89;1 102 103;0 112 113;8 139 144;0 152 153;0 153 154;1 159 160;0 171 172;6 197 202;5 202 204
0 11 12;0 30 31;0 37 38;1 38 39;0 42 43;0 43 44;0 55 56;1 60 61;1 65 66;0 69 70;0 70 71;1 74 75;1 79 80;8 92 95;6 110 115
0 19 20;0 38 39;6 56 60;1 68 69
0 9 11;7 31 37;5 39 41;5 65 67;1 69 70;9 89 93;6 113 118;5 118 120;6 129 134
0 9 10;1 16 17;0 28 29;5 33 35;6 57 60;1 83 84;1 104 105;0 109 110;1 116 117;6 142 146;2 165 167;1 175 176;0 189 191;0 203 205;6 212 217
3 23 25;0 32 33;0 40 42;2 61 63;0 63 65;2 71 73;5 76 78;0 95 96;6 100 103;2 132 134;1 153 154;2 169 171;3 180 182;8 187 191;9 216 220;0 228 229;1 232 233
2 3 5;7 12 13;0 28 29;0 29 30;1 35 36;1 38 39;0 44 45;8 69 72;8 87 90;0 101 102
0 23 25;3 32 34;0 39 40;0 92 94;6 122 127
0 8 9;5 13 15;0 23 24;0 24 25;6 25 28;6 36 39;2 39 41;0 41 43;6 46 49;6 51 56;0 82 84
5 6 8;1 26 27;0 31 32;0 46 47;6 47 50;8 56 60;6 69 73;0 79 80;8 84 87;1 87 88;8 105 109
0 13 14;0 14 15;6 15 18;6 24 28;2 34 36;0 36 38;3 46 48;0 55 56;0 80 82;2 98 100;8 103 107;6 120 123;0 126 127;0 158 159
0 15 16;8 54 57;1 69 70;0 75 76;0 92 94;0 97 98;1 102 103;5 112 114;0 119 121;0 127 128;0 138 139;2 146 148;0 148 150;1 156 157;2 165 167;8 170 173;0 176 178
6 18 21;8 21 25;1 39 40;1 50 51;6 104 107;6 142 145;6 150 154;2 168 170;5 186 188;6 189 194;8 196 200;5 200 202;0 215 216;6 229 233;2 239 241;0 241 243
0 10 11;0 25 26;0 26 27;8 53 57;0 68 70;0 88 89;6 108 113;7 118 123;6 123 127;0 132 134;8 137 141;1 146 147
0 9 10;2 16 19;1 30 31;6 38 41;0 50 52;6 77 82
1 28 29;2 34 36;5 39 41;2 51 54;5 57 59;5 66 68;0 73 74
6 4 7;5 19 21;0 59 60;1 77 78;0 83 84
6 4 7;1 31 32;3 48 50;5 60 62;8 74 78;1 88 89
2 30 32;0 39 40;0 40 41;6 55 58;0 68 69;2 81 83;8 86 89;1 90 91;0 104 105;0 105 106;1 113 114;1 132 133;0 136 137;1 154 155;0 160 161
1 8 9;6 20 23;5 27 29;0 34 35;2 48 51
5 12 14;6 15 21;2 33 35;1 45 46;6 56 61;8 66 69;1 84 85;7 90 95;6 97 100
1 10 11;2 41 44;8 47 51;6 63 66
6 8 11;8 16 20;5 39 41
5 38 40;1 45 46;5 49 51
2 16 18;8 21 25;3 25 27;0 30 31;6 44 49;2 51 53
0 13 14;8 48 52;2 62 65
0 2 3;8 3 6;2 17 20;0 39 40;0 40 41;5 74 76;5 107 109
6 22 25;8 30 34;5 53 55
5 49 51
0 2 3;8 3 6;2 17 20;1 39 40;8 41 46;1 54 55;8 78 83;9 89 93;7 106 111;5 113 115;6 129 135
6 27 30;8 35 39;5 58 60
8 8 12;8 23 27;9 30 34;1 53 54;5 56 58;5 64 66;7 78 83;6 85 88
0 2 3;8 3 6;2 17 20;2 25 27;2 34 36;0 53 54;5 58 60;2 64 66;0 85 87;6 90 94;6 131 136;6 144 148;8 148 151;1 166 167;5 209 211
1 8 9;5 97 99
6 2 5;0 7 8;0 8 9;1 36 37;0 59 60;7 75 76;3 108 110;6 114 119;6 122 126
6 4 7;0 9 10;1 16 17;2 60 62;6 65 69;1 87 88;6 89 94
5 6 8;2 10 12;6 15 19;5 19 21;6 47 53;0 62 63;1 63 64;6 65 69;5 71 73
6 4 7;0 9 10;1 34 35;0 58 59;1 87 88;8 91 94;7 93 98;1 125 126;8 129 134;6 152 156;5 156 158;2 162 164;8 196 199;6 212 217;7 217 222;1 244 245;1 261 262;5 306 308
8 19 23;0 25 26;0 53 55;6 64 69
6 2 5;6 12 15;1 21 22;0 27 28;1 48 49;8 54 58;8 67 71

2 5 8;0 31 32;0 32 33;6 78 82;8 91 94;8 103 108;1 116 117;0 121 122;6 137 140;2 140 142;8 145 149;6 161 164;2 164 166;8 169 173
6 8 11;8 15 19;1 44 45;6 48 51;1 74 75;1 89 90;6 97 103
6 4 7;1 33 34;8 37 42;1 46 47;3 52 54;0 57 58;1 85 86
6 2 5
2 5 8;5 24 26;0 31 32;0 32 33;5 53 55;7 72 77;5 82 84;6 93 98;8 98 102
1 4 5;5 14 16;5 21 23;5 44 46
6 2 5
2 5 8;0 29 30;0 30 31;8 51 55;7 69 75
0 6 8;1 11 12;0 16 17;6 32 35;0 74 75;5 93 95;2 117 120;8 123 127;5 127 129
6 15 18;8 38 42;5 66 68;5 99 101
0 17 18;2 33 36;0 58 59;0 59 60;0 78 79;8 79 82;0 85 87;2 93 96;1 111 112;8 117 122;2 134 136;5 157 159
0 6 7;1 11 12;2 14 16;0 16 18;6 21 25;0 41 42;1 48 49;0 52 54;1 59 60;5 63 65
1 8 9;6 20 25;7 25 30;3 45 47;1 72 73;3 79 81
6 32 36;6 51 55;0 66 67;0 67 68;1 85 86
6 16 19;7 31 36;1 40 41
3 39 41;8 46 50;0 64 66
0 11 12;2 27 29;0 29 31;6 34 38;0 46 48;8 60 64;2 67 69;3 78 80;6 85 88;2 88 90;5 97 99;6 107 110;1 119 120
8 21 25;0 25 26;1 46 47
0 31 32;0 38 39;1 39 40;0 43 44;0 44 45;6 75 78
0 2 4;3 6 8;0 13 14;0 30 32;1 41 42;3 61 63;1 67 68;1 86 87;0 122 123;1 129 130
1 2 3;3 12 14;6 25 28;0 44 46;0 49 50;2 57 59;0 59 61;1 67 68
6 2 5;0 6 7;0 24 26;0 36 38;0 39 40;0 40 41;1 44 45;1 49 50;6 70 73;1 73 74;0 77 78
1 2 3;5 24 26
0 16 17;7 32 38;1 44 45;0 64 65;5 76 78;8 83 87;8 87 90;1 99 100;1 135 136
6 7 10;2 12 14;6 27 32;2 46 49;6 60 63;2 65 67;1 72 73;1 84 85;6 86 90;1 90 91;8 94 98;8 100 104;0 115 117;3 122 124;1 134 135;8 154 159;1 159 160;6 163 168;2 200 202
4 39 41;4 43 45;4 45 47
5 26 28;1 32 33
1 20 21;3 26 28
6 14 17;0 26 27;6 38 41;0 45 46;0 55 56;0 56 57;6 70 75;9 85 88;3 93 95
6 4 7;0 16 17;1 23 24;6 31 35;3 37 39;0 53 54;8 70 75;5 77 79;7 86 91;8 93 96
0 42 43;5 43 45
1 2 3;2 12 14;6 17 20;1 40 41;0 44 45;1 51 52;5 69 71;1 80 81;8 84 88;5 88 90
6 14 17;1 36 37;6 38 42;0 50 51;6 67 72;5 74 76;0 91 92
1 10 11;6 49 53;5 55 57;5 62 64;8 71 75;5 75 77
0 12 13;5 13 15;2 22 24;8 31 35;0 66 67;0 67 68;6 68 71;1 79 80;8 89 93
1 24 25;0 31 32;2 52 55;8 69 73;0 79 81;6 89 93
1 2 3;0 17 18;1 24 25;6 36 40;1 49 50;0 53 54
6 8 14;7 14 19;6 21 24;0 32 33;1 33 34;6 35 39
9 6 11;1 14 15;8 35 39
1 6 7;5 61 63
0 2 3;0 14 15;1 21 22;0 39 40;8 40 43;8 71 76
0 2 3;8 15 19;8 33 38;2 48 50;8 93 98
6 10 13;2 13 15;0 26 27;0 27 28;1 35 36;8 41 44;8 47 51;8 51 54
6 8 11;2 13 15;1 57 58;8 59 64
6 10 13;1 32 33;6 34 38;6 60 64
1 10 11;6 49 53;5 57 59;2 65 67;7 74 79;0 79 80;6 80 83;6 96 101;6 101 104;6 119 125;5 125 127
0 15 16;8 16 19;1 30 31;8 38 43
3 6 8;0 14 15;0 39 40;0 40 41;6 41 44;1 61 62;5 80 82;1 87 88;8 96 99;6 105 111;8 111 114
1 8 9;8 15 19;2 25 27;5 47 49
2 7 9;0 28 29;0 29 30;6 30 33;1 44 45;5 47 49;8 64 69
0 10 11;8 33 38;6 40 43;6 51 54;0 60 61;8 75 80;2 85 87;6 90 93;0 106 107;1 114 115;8 123 128;0 143 144;8 155 158
1 13 14;1 35 36;0 43 45;1 48 49;5 62 64;8 78 83
2 2 4;1 13 14;0 38 39;6 51 55;6 69 72
0 27 29;8 49 53;0 61 62
6 8 11;5 15 17;0 20 21;1 34 35;0 40 41;1 47 48
8 36 39;1 48 49;0 55 56;0 56 57;0 62 63;1 63 64;0 69 70;0 70 71;0 76 77;1 77 78
9 6 11;1 14 15;5 32 34;8 49 54
0 2 3;0 3 4;1 9 10;7 32 33;5 65 67
1 2 3;0 15 16;5 16 18;0 37 38;0 46 47;2 68 69
6 20 24;6 34 38;8 41 45;5 45 47;1 49 50;2 54 56;2 67 70;8 76 81;6 83 86;1 102 103;8 106 110;2 114 115
6 4 7;0 8 9;0 37 38;1 50 51;1 59 60;6 61 66;2 72 73
0 2 3;0 12 13;9 28 31;7 48 53;0 69 71;6 74 79;2 97 98
5 20 22;1 49 50;0 55 56;0 56 57;1 60 61;0 69 70;1 87 88;6 89 94;2 96 97
8 4 7;0 21 22;0 45 46;6 73 77;2 94 95
6 2 5;0 21 22;2 68 69
0 2 3;0 14 15;1 21 22;5 27 29;1 31 32;6 40 43;1 45 46;6 60 66
2 23 25;5 71 73;8 94 97
2 2 4;6 13 16;5 20 22;3 25 27;0 38 39;0 68 69;2 78 80;1 94 95;8 96 101
2 2 4;0 24 25;0 25 26;1 33 34;6 39 42;0 43 44;0 44 45;1 52 53;0 64 65;1 72 73
2 2 4;6 13 16;2 16 18;6 29 33;6 47 52;0 55 56;0 56 57;1 64 65;0 80 81;1 88 89
8 18 21;2 40 42;5 44 46;1 48 49;7 59 64;8 69 72;6 85 88;0 93 94
1 10 11;2 48 50;6 53 56;1 58 59
5 25 27;8 35 39;0 43 44;5 55 57;0 60 62;2 74 77;2 83 85;3 100 102
6 4 7;0 9 10;8 43 47;0 51 52;5 63 65;2 73 75;1 82 83;8 104 109
5 6 8;6 16 21;7 21 26;5 65 67
0 2 3;0 14 15;1 21 22;2 30 33;6 36 39;1 41 42;6 56 61;6 73 79
1 4 5;1 11 12;8 17 21;0 27 28;0 28 29;0 36 37;5 55 57;1 59 60
5 6 8;1 16 17;7 20 25;2 33 35;1 46 47
0 2 3;0 14 15;1 21 22;1 31 32;6 40 43;1 45 46;0 61 62;6 85 91
1 25 26;0 29 30;0 30 31;0 36 37;1 37 38;0 43 44;0 44 45;0 50 51;1 51 52;8 65 68;1 76 77
0 2 3;0 14 15;1 21 22;5 27 29;6 37 40;1 42 43;6 57 63
1 10 11
0 2 4;3 6 8;0 13 14;0 32 33;6 48 53;0 56 57;0 57 58;6 58 61;1 66 67;8 72 76;6 97 100;6 122 126;8 128 132;5 143 145;1 147 148;3 162 164;6 174 177;0 192 193;5 193 195;2 203 205;1 237 238;0 241 242;0 242 243;1 250 251;0 260 262;6 269 274
9 12 15;0 40 42;0 43 44;0 44 45;0 50 51;1 51 52;0 57 58;0 66 68;0 69 70;0 70 71;1 78 79
8 9 13;1 38 39;8 42 47;0 49 51;3 53 55;5 62 64;0 72 73;6 77 80
6 2 5;1 5 6;5 11 13;0 16 17;0 31 32;0 32 33;1 40 41;1 53 54;0 57 58;6 69 72;1 74 75;1 90 91
1 43 44;6 45 50;6 82 86
0 7 8;6 12 15;0 18 19;8 52 56
1 46 47;1 101 102
0 7 8;0 8 9;1 14 15;1 17 18;0 23 24;0 53 54;5 58 60;0 65 66;1 81 82;1 88 89;1 108 109
0 10 11;8 15 18;1 18 19
0 17 18;8 22 25;1 25 26;6 31 34;5 40 42;1 44 45;8 50 54;5 54 56
6 22 25;0 32 33;0 33 34;1 39 40;6 48 51;6 62 65;6 81 84
6 2 5;8 10 13;6 15 18;8 21 25;0 61 62;0 62 63;1 70 71
6 2 5;0 26 27
6 4 9;8 9 12;6 59 65;5 65 67
6 2 5;0 15 16;0 25 26;0 32 34;0 45 46;0 46 47;1 50 51
1 33 34;1 47 48;8 49 53;0 57 58;0 74 76;2 95 97;0 97 99;0 106 107;6 126 131;6 135 140
5 21 23;6 27 32;8 32 36;1 59 60;6 61 66
8 7 11;0 19 20;0 20 21;1 26 27;5 42 44;0 50 51;0 51 52;1 59 60;2 75 78;0 91 93;6 111 114;0 116 117;6 131 134;0 136 137;0 137 138;6 177 182;6 186 191;8 202 205
0 10 11;0 18 19;0 28 29;0 37 39;6 43 48;0 48 49;1 53 54;1 58 59;0 62 63;0 63 64;1 67 68;1 72 73;8 85 88;6 103 108;6 113 118
0 13 14;1 36 37;6 60 63;6 68 73
0 10 11;0 25 26;8 36 39;0 40 41;0 41 42;1 49 50
1 44 45;0 51 52
1 10 11
0 2 3;0 11 13;8 16 20;0 24 25;7 40 45;0 53 55

6 14 17;2 17 19;0 32 33;0 33 34;1 39 40;0 52 53;1 57 58
6 28 31
0 16 17;0 36 37;0 37 38;1 45 46
0 10 11;5 15 17;6 36 39
0 17 18;0 18 19;1 24 25;0 42 43;8 53 56;0 57 58;0 58 59;1 66 67
0 8 10;0 11 12;0 20 21;0 21 22;1 29 30
5 5 7
0 8 9;0 9 10;1 15 16;1 18 19;8 47 50;0 54 55;0 74 75
8 2 6;0 10 12;0 15 16;1 23 24
9 9 11;0 18 19;1 26 27;6 32 36
8 2 6;8 12 16;0 18 19;0 19 20;1 25 26;1 28 29;0 34 35;2 49 51;0 59 60;0 60 61;1 68 69;5 74 76
5 5 7;1 15 16
0 28 29;1 35 36
6 2 5;0 6 7;0 24 26;0 36 38;0 39 40;0 40 41;1 44 45;1 49 50;5 57 59;0 71 72;0 72 73;1 80 81
6 4 7;1 20 21;0 53 54;8 71 74;1 81 82;7 88 94
5 21 23;6 27 32;8 32 36;6 60 65

2 2 4;8 7 10;0 25 26
7 16 21;6 23 27
8 2 5;6 7 13;6 13 16;0 26 27;0 38 39;0 39 40;1 45 46;1 48 49;0 52 53
0 1 2;1 9 10;0 19 20;0 29 30
1 4 5;0 14 15;0 15 16;1 21 22;1 24 25;0 38 39;0 79 80;0 80 81
8 4 8;5 8 10;0 17 18;6 31 34;1 36 37;0 47 48;0 48 49
2 10 12;1 17 18;0 38 39;3 47 49;0 52 53
1 12 13
8 15 20;0 37 38;2 44 46;0 46 48;6 51 54;2 54 56;7 71 77;2 82 84;6 93 98;0 131 132;0 132 133;6 133 136
6 4 7;2 7 9;1 15 16;1 30 31
6 2 5;2 5 7;0 25 26;6 46 49;0 54 55;0 63 64
0 8 9;0 22 23
6 2 5;2 7 9;0 16 17;2 26 28;1 33 34;2 42 44;0 54 55;5 59 61;0 74 75;0 75 76;0 81 82;1 82 83
6 2 5;0 6 7;0 7 8;5 50 52;9 68 72
6 13 16;7 29 34;0 53 54;1 67 68
1 27 28
0 30 32
1 18 19
1 9 10;8 33 37
0 51 52
0 2 3;5 40 42;3 49 51;3 68 70
1 21 22;0 28 29;5 33 35
5 5 7;6 28 31;1 33 34
0 12 13;5 26 28
2 12 14
0 2 3;5 12 14;6 17 22;7 22 27
0 9 11
0 2 3;5 3 5;6 20 26
1 2 3
5 5 7;2 12 14
2 15 17


6 2 5;8 10 13
5 8 10;1 31 32
5 6 8;6 13 16
2 15 17;2 22 25;6 28 31
0 5 6;5 6 8;0 20 21;0 21 22;0 34 35;5 35 37;0 49 50;6 54 57;0 71 72;6 76 79;0 82 83;0 83 84;7 110 115;7 125 130;1 132 133;6 164 169;6 169 172
2 11 13;6 59 63;1 71 72;1 83 84;2 91 94;6 97 100;8 157 162;1 171 172;0 180 181;6 185 188;6 195 198;1 198 199;8 208 213;2 232 234;5 244 246;6 253 256;6 276 280;1 280 281
0 2 3
5 5 7;8 10 13;1 32 33
2 7 9;6 30 33;1 35 36
1 13 14;7 20 26;7 30 36;1 43 44
2 14 16;6 19 22;6 36 40;2 55 57;6 65 69;5 69 71
2 17 19;6 22 25;2 37 39
2 19 21;6 24 27;2 69 71;3 78 80;5 99 101;5 108 110;1 117 118;6 130 135;7 135 140;0 148 149;0 149 150;1 155 156;0 171 172;0 180 181
6 2 5;5 9 11;2 28 30;6 33 36;0 37 38;8 57 61
7 10 15;1 26 27
0 15 16;2 21 23;1 54 55;6 58 61
0 18 19;0 29 30
8 18 21;1 37 38;7 39 44;8 69 72
0 22 23;6 37 42;6 68 73;8 75 78;0 86 87;0 87 88;3 93 95;3 100 102;8 103 107;5 113 115;2 123 125;1 132 133;6 134 140;6 140 145;8 149 153
0 5 7;0 10 11;0 17 19;1 26 27;6 36 39;1 46 47;1 59 60;7 61 66;0 68 70;0 74 75;0 75 76;6 76 79
5 12 14;1 16 17
5 6 8;1 17 18;1 26 27
1 60 61
6 12 15;6 25 30;1 36 37;0 40 41;5 41 43;7 76 82;1 94 95;2 107 109;8 112 115;8 122 127
0 26 27;0 27 28;6 41 45;0 52 53;0 53 54;6 54 57
1 40 41;6 44 47
6 10 15;0 45 47;0 54 55;8 67 72;8 82 86;6 92 96;5 98 100;0 112 113
1 6 7;2 11 13;0 13 15;8 24 28;0 47 49;0 50 51;0 51 52;6 52 55;5 55 57
2 5 7;0 7 9;1 17 18;1 20 21;1 28 29;1 33 34;6 50 54;6 63 68;8 79 83;0 123 124
5 4 6;0 11 13;6 27 30;0 31 32;0 37 39;6 44 49;5 51 53;0 63 64;0 78 79
0 6 8;1 11 12;2 17 20;6 23 26;2 26 28;8 31 35;6 46 49;2 49 51;6 54 59
0 18 20;8 76 80;6 91 94
1 23 24;6 31 36
6 21 24;8 29 32;0 33 34
2 46 48;0 48 50;6 53 56;0 67 69;1 79 80;6 83 87;0 100 101;0 101 102
0 11 12;0 12 13;8 29 34;2 37 39;0 39 41;6 47 50;1 62 63
8 11 14;1 21 22;5 25 27;6 52 55;1 57 58;0 73 74;0 93 94;0 94 95;6 116 119;6 145 150;1 157 158;6 159 163;6 174 177;0 194 195;0 195 196;6 196 199;6 216 219;2 227 229;6 244 249;5 251 253
0 6 8;6 11 16;3 38 40;0 51 52;1 61 62;0 67 68;0 87 88;5 88 90;2 95 97;8 100 103;6 112 115;5 121 123;1 129 130;0 135 136;0 142 143;1 143 144;0 147 148;0 148 149
6 2 5;2 5 7;6 13 16;1 50 51;1 53 54;2 62 64;0 93 94;0 94 95;0 105 106;6 118 122;5 124 126
6 2 5;1 7 8;6 11 15;1 27 28;5 31 33;8 36 41;6 43 46;1 51 52;6 57 60
6 4 8;1 14 15;8 23 28;5 28 30;0 38 39;0 39 40;1 43 44;1 48 49;0 56 58;3 60 62;0 74 75;0 75 76;1 83 84;0 87 88
6 2 5;1 5 6;5 11 13;8 14 18;5 18 20;8 26 30;0 38 39;1 47 48;1 53 54;1 73 74;3 83 85;8 90 94
5 6 8;2 19 21;2 34 37;0 63 64;5 68 70;8 84 89;0 91 92;7 106 112;1 118 119;6 127 132
1 37 38;6 49 54;0 57 58;6 62 65
1 29 30
1 2 3;2 7 9;3 16 18;5 26 28;8 31 34;1 38 39;6 41 46;1 65 66;5 68 70;1 72 73;0 86 87;0 87 88;0 95 96;0 131 132;6 136 139;0 142 143;0 143 144
0 5 7;8 10 14;1 19 20;5 31 33;1 35 36;5 49 51;0 55 57;6 97 101;5 129 131
6 4 7;7 18 23;8 25 29;1 54 55;8 58 63;6 63 66;0 67 68
2 4 6;8 20 24;1 33 34
0 13 15;3 17 19;2 26 29
6 10 13;5 17 19;6 24 27;9 41 44;0 66 67;0 67 68
2 14 17;1 33 34;1 41 42;8 50 55;1 61 62;5 80 82;0 134 135;7 153 154;6 162 166;6 188 193;7 193 198;6 218 223
0 6 8;2 11 13;1 53 54;6 56 59;6 63 66;2 70 72;6 81 87;8 87 91;0 97 98;1 117 118;1 128 129;0 142 143;0 143 144
5 20 22;8 23 28;7 31 37;1 39 40;8 47 51;0 57 59;1 62 63;2 65 67;1 72 73;1 86 87
6 49 54;6 78 83
5 6 8;1 24 25;8 33 37;5 37 39;1 44 45;6 54 57;8 65 68;8 68 72;1 74 75;6 80 83;0 94 95;0 95 96;1 103 104;0 109 110;2 131 133;0 133 135
0 6 8;6 11 16;5 16 18;1 34 35
1 8 9;1 11 12;0 56 58

5 8 10;6 14 17;2 57 59;6 62 65;8 77 81;5 92 94;2 108 110;3 117 119;5 138 140
5 14 16;1 23 24;1 26 27
5 28 30;0 35 37;1 42 43;5 57 59;6 62 67;0 77 78;0 78 79;1 108 109
0 8 9;5 13 15;6 20 23;0 33 34;0 40 41;1 41 42;8 47 51;6 73 76;7 89 95;8 95 99;1 107 108;0 111 112;8 112 115;2 122 125;1 130 131;0 136 137;7 166 172;6 181 184;1 186 187;6 190 193;8 198 201;6 203 206;1 208 209;0 214 215;6 219 222
6 2 5;2 7 9;1 14 15;0 22 23;0 30 31;2 40 42;1 47 48
1 4 5;9 35 37;3 38 40;5 49 51;5 63 65;1 75 76;7 81 86;6 88 91
6 26 29;1 31 32;0 49 50;1 56 57
1 2 3;3 21 23;0 40 41;1 47 48
8 9 12;0 19 20;0 20 21;0 39 40;5 44 46;8 63 67
1 6 7;7 28 33
7 72 77
0 22 23;8 42 45
8 16 21
6 24 29;2 31 33
6 9 13;0 24 25;0 25 26;1 50 51;0 63 64;0 78 79;1 86 87
7 9 14;8 18 21;0 24 25;0 25 26;1 31 32;0 61 62;0 62 63;1 70 71;1 87 88
1 70 71
0 9 10;0 30 31;5 46 48
6 4 8;0 20 21;0 21 22;1 25 26;1 30 31;8 48 52;6 69 74
1 6 7;8 14 17;1 21 22;6 44 49;0 71 72
1 6 7;0 11 12;0 19 20;0 29 30;0 55 56;8 70 74;5 74 76;6 81 85;5 85 87;2 89 92;1 110 111;7 116 117;5 127 129
5 6 8;5 13 15;2 17 19;2 24 27;8 38 42;5 42 44;5 67 69;1 74 75
3 23 25;0 32 33;0 40 42;2 61 63;0 63 65;2 71 73;5 76 78
3 12 14;6 25 28;1 31 32;7 42 47;6 77 80;0 91 92;6 96 99
6 2 5
6 4 7;0 22 24
0 20 21;0 21 22;1 29 30;3 41 43;0 83 84;7 100 105;5 109 111
1 41 42;6 86 90;0 95 96;6 100 103;2 112 115;1 131 132
6 2 5;0 6 7;5 7 9;1 13 14;1 24 25
0 6 7;9 29 34;8 59 63;6 65 68;6 78 81;6 83 88;6 88 91;8 96 101;0 106 107
8 18 22;6 32 35;1 40 41;8 50 54;8 54 57;6 56 61;1 71 72;0 80 81;1 87 88
2 27 29;5 43 45;8 48 51
1 10 11;1 30 31;1 56 57;0 62 63;8 74 77
1 6 7;5 14 16;9 48 51;1 58 59;1 69 70;0 83 84;5 108 110
5 42 44;6 48 53;0 56 57;1 85 86;6 97 100;1 107 108;1 120 121;7 122 127;0 129 131;0 135 136;0 136 137;6 137 140
8 17 21;7 30 35;6 55 60;6 65 70;6 72 75
0 2 3;5 61 63;0 74 75;0 75 76;5 88 90;3 116 118;0 121 122;5 144 146;0 152 153;0 153 154;6 154 157
6 13 16;2 54 56;1 63 64;6 65 71;0 87 88;0 94 95;1 95 96;0 99 100;0 100 101;6 153 157;5 159 161
0 20 21;0 21 22;0 27 28;1 28 29;0 34 35;6 75 81;0 99 100;1 104 105;0 114 115;5 118 120
0 8 10;6 39 44;7 44 49;2 54 56;8 74 78;0 94 95;0 95 96;0 104 105
6 9 12;2 12 14;1 25 26;8 28 32;6 38 43;8 43 47;5 47 49;1 53 54;0 63 65;2 81 83;8 111 116;1 131 132;8 139 143;5 143 145;6 150 155
6 9 14;8 22 26;0 36 38;1 66 67;0 70 71;0 71 72;1 77 78;0 81 82;0 82 83;0 99 100
5 40 42;0 51 52;6 52 55;6 89 94;2 100 101
6 13 18;8 18 22;6 25 30;7 30 35;6 40 45;0 59 60;2 87 88
8 8 12;0 32 34;0 35 36;0 36 37;6 37 40;5 40 42;0 46 47;0 63 65;1 73 74;2 76 78;6 91 96;0 119 120;0 120 121;8 133 136;5 141 143;2 147 148
0 22 23;0 36 37;0 37 38;3 43 45;0 50 51;0 67 68;0 68 69;0 78 79;2 85 86
2 10 12;0 12 14;1 21 22;1 31 32;9 33 37;0 41 42;1 49 50;8 69 73;8 94 98;2 100 102;0 112 113;2 122 123
2 2 4;5 17 19;6 23 28;8 28 32;1 49 50;2 52 54;2 72 73
2 4 6;5 21 23;6 41 47;2 50 52;2 73 75;0 75 77;0 85 86;0 86 87;8 97 101;8 101 104;2 119 120
1 14 15;7 25 31;0 45 46;0 46 47;0 68 70;1 73 74;2 78 79
6 2 5;5 10 12;1 14 15;0 20 21;8 34 37;1 41 42;6 51 56;3 58 60;0 77 78;2 88 89
5 4 6;8 9 12;2 16 18;1 34 35;8 36 41;2 72 73
8 19 23;8 28 32;6 46 50;8 52 55;2 86 87
6 4 7;2 7 9;0 18 20;2 29 31;6 40 45;2 59 60
0 13 15;0 18 19;2 25 27;0 27 29;2 39 41;1 67 68;2 98 99
0 6 8;1 11 12;2 20 22;6 25 28;6 32 35;1 39 40;2 44 45
1 28 29;1 50 51;1 67 68;2 72 73
5 10 12;0 16 17;0 17 18;3 23 25;0 30 31;1 60 61;2 65 66
5 9 11;2 13 15;6 18 23;7 36 42;0 42 43;1 52 53;7 58 63;6 65 68;2 68 70;8 73 77;6 77 80;1 84 85;2 89 90
5 7 9;0 16 17;0 31 32;1 36 37;5 46 48;1 54 55;6 75 79;0 86 87;6 98 101;2 109 110
1 6 7;8 10 14;0 16 17;0 17 18;1 23 24;1 26 27;0 32 33;8 51 54;1 56 57;1 94 95;2 114 115
0 13 14;0 24 25;0 25 26;6 26 29;2 47 48
0 5 6;2 13 15;0 15 17;6 26 31;0 34 35;8 51 54;2 56 57
2 18 20;0 38 39;5 62 64;1 66 67;0 70 71;0 84 85;6 96 99;2 107 108
6 16 19;2 46 47
0 5 6;0 14 16;8 19 23;2 28 30;8 39 43;0 52 54;1 61 62;1 71 72;6 85 90;8 106 110;5 110 112;0 150 151;6 163 168;2 174 175
2 4 6;8 21 25;5 25 27;7 34 39;2 57 59;6 71 74;1 76 77;2 80 82;1 87 88;2 96 98;0 108 109;2 115 116
0 8 10;0 11 12;0 20 21;0 21 22;1 29 30;8 38 43;5 43 45;1 47 48;1 52 53;6 65 70;2 76 77
1 17 18;0 21 22;8 35 39;1 47 48;2 57 58
0 81 82;6 95 100;1 113 114;2 123 124
6 4 8;6 24 27;2 27 29;1 34 35;6 36 41;8 41 45;1 50 51;1 56 57;5 64 66;6 76 79;1 86 87;5 94 96;0 100 101;0 101 102;1 105 106;2 110 111
0 14 15;2 30 32;0 32 34;6 37 40;0 41 42;0 42 43;1 48 49;1 51 52;0 57 58;8 81 86;5 90 92;1 94 95;0 118 119;3 123 125;2 163 164
0 16 17;1 30 31;8 38 42;8 80 85;7 88 94;2 112 113
0 12 13;0 13 14;3 19 21;5 26 28;6 29 35;6 41 46;1 61 62;2 76 77
0 7 8;0 22 23;0 33 34;0 34 35;6 35 38;0 46 47;0 47 48;0 58 59;8 72 76;6 83 87;2 93 94
6 23 28;8 28 32;5 32 34;0 39 40;0 55 57;6 57 62;0 73 74;1 78 79;2 83 84
8 11 15;3 15 17;0 24 25;5 38 40;8 45 49;0 49 50;0 50 51;0 60 61;6 77 81;2 99 100
0 16 17;2 32 34;0 34 36;6 39 43;1 75 76;0 80 81;8 115 119;0 126 127;0 127 128;1 135 136;1 146 147;2 151 152
0 7 8;8 12 15;1 15 16;8 29 33;0 35 37;1 50 51;2 73 74
1 22 23;0 27 28;8 39 43;8 43 46;1 51 52;2 56 57
0 14 15;0 31 33;6 57 61;0 71 72;0 72 73;6 73 76;8 88 92;8 115 118;2 120 121
8 14 18;8 23 27;5 29 31;8 83 86;2 88 89
0 9 10;6 28 33;8 33 37;5 37 39;0 54 55;0 71 73;6 80 85;0 93 95;1 100 101;2 114 115
6 7 11;8 19 23;0 23 24;0 34 35;0 35 36;6 36 39;0 50 51;0 51 52;1 59 60;8 75 79;6 91 96;2 102 103
8 20 24;6 32 37;8 37 41;8 76 79;6 94 99;6 99 102;2 112 113
3 18 20;3 24 26;3 36 38;0 70 71;6 99 102;0 112 113;8 124 127;5 140 142;2 149 151;0 161 162;1 166 167;2 171 172
6 7 10;2 12 14;8 17 20;8 24 28;0 28 29;0 53 54;0 54 55;6 58 61;0 62 63;0 63 64;3 69 71;8 86 89;2 91 92
6 6 11;6 28 33;6 61 64;1 67 68;2 76 78;6 81 84;6 88 91;1 95 96;2 100 101
0 9 10;1 16 17;0 23 24;0 42 43;1 49 50;8 75 79;6 83 88;8 90 94;6 114 119;1 164 165;2 169 170
5 6 8;1 32 33;0 39 40;3 58 60;6 61 65;7 70 76;2 85 86
8 28 32;0 32 33;6 46 51;0 54 55;0 55 56;2 73 74
1 4 5;6 14 19;8 29 32;1 36 37;8 46 49;1 56 57;8 60 63;2 65 66
5 6 8;2 18 20;5 23 25;1 27 28;1 42 43;8 46 50;5 50 52;6 59 62;1 68 69;1 72 73;2 77 78
1 31 32;1 39 40;0 45 46;0 46 47;0 59 60;2 65 67;8 70 73;1 84 85;2 89 90
0 6 8;5 13 15;2 17 19;3 25 27;1 41 42;2 46 47
5 10 12;8 15 18;8 23 26;3 36 38;1 53 54;6 55 60;2 62 63
2 5 7;0 7 9;0 24 25;8 40 43;0 49 50;0 50 51;1 54 55;2 59 60
7 8 9;0 27 28;0 28 29;1 34 35;1 37 38;0 43 44;0 53 54;6 69 72;1 91 92;6 96 101;0 104 105;0 105 106;1 109 110;2 114 115
0 4 5;6 21 24;1 31 32;8 36 40;8 47 51;0 57 59;5 62 64;2 68 69
1 17 18;7 35 41;2 75 76
0 6 8;8 11 15;1 22 23;2 41 43;6 46 49;1 51 52;0 60 61;0 61 62;1 65 66;2 70 71
0 6 8;6 22 27;2 50 52;5 55 57;1 59 60;2 62 63
0 6 8;0 16 18;1 23 24;2 29 32;0 42 43;0 43 44;6 44 47;2 71 72
2 5 7;0 7 9;8 14 17;1 29 30;2 52 54;5 56 58;1 60 61;2 63 64
1 19 20;1 35 36;8 57 61;0 65 67;8 70 73;2 75 76
2 8 10;0 10 12;2 17 20;8 23 26;2 40 42;0 42 44;6 47 50;8 57 60;0 63 64;0 64 65;1 68 69;2 73 74
6 2 5;0 13 15;5 39 41;3 57 59;3 63 65;8 70 73;2 75 76
8 24 28;0 32 33;8 50 53;6 66 71
7 4 9;8 36 40;0 44 45;2 68 69
0 6 8;0 22 23;8 23 26;2 28 30;0 30 32;8 49 53;8 53 56;1 61 62;2 66 67
1 10 11;6 29 34;1 38 39;2 47 50;5 53 55;1 57 58;2 60 61
0 10 12;1 17 18;8 24 29;1 37 38;0 43 44;2 54 55
1 11 12;0 30 31;0 40 41;1 50 51;1 72 73;2 77 78
5 6 8;2 16 18;1 25 26;6 49 53;8 57 62;1 72 73;2 77 78
1 10 11;6 20 23;6 24 28;2 60 62;0 81 82;1 90 91;0 104 105;0 105 106;0 111 112;1 112 113;3 123 125;0 128 129;0 129 130;0 135 136;1 136 137;0 148 150;1 159 160;2 164 165
1 18 19;6 27 32;6 37 42;1 51 52;0 60 61;0 72 73;0 97 98;3 104 106;6 113 116;0 127 129;8 142 146;1 146 147;2 151 152
5 4 6;1 12 13;2 30 32;6 35 38;1 40 41;0 47 48;0 48 49;1 52 53;2 57 58
8 24 28;5 28 30;0 35 36;5 42 44;1 52 53;1 65 66;1 79 80;0 86 87;0 96 97;2 103 104
1 10 11;0 19 20;0 29 30;0 47 49;1 58 59;2 63 65;6 68 71;0 82 84;8 97 101;5 107 109;1 111 112;5 119 121;2 125 126
1 7 8;1 21 22;0 46 47;0 83 84;6 97 100;1 117 118;2 122 123
1 11 12;1 24 25;6 53 58;6 63 68;1 89 90;0 93 94;0 118 119;0 119 120;6 132 135;1 139 140;2 144 145
1 11 12;7 30 35;6 52 57;9 58 61;8 80 83;1 88 89;2 93 94
1 12 13;0 16 17;0 17 18;8 33 37;5 37 39;2 53 55;0 62 63;0 72 73;1 82 83;6 102 105;1 124 125;2 129 130
0 7 8;0 8 9;1 14 15;6 23 27;1 40 41;8 61 66;1 72 73;6 82 85;1 96 97;2 101 102
2 31 33;6 36 39;0 51 52;0 52 53;8 64 67;0 77 78;0 78 79;1 82 83;2 87 88
0 2 3;5 9 11;1 19 20;1 41 42;8 45 49;6 51 55;1 64 65;1 76 77;6 88 93;6 107 112;8 117 120;1 141 142;2 146 147
1 8 9;5 19 21;0 33 34;6 47 52;0 55 56;0 56 57;1 60 61;2 65 66
5 4 6;1 12 13;2 32 34;6 37 40;6 42 47;0 50 51;0 51 52;1 55 56;2 60 61
0 6 7;0 7 8;6 8 11;1 31 32;8 35 40;6 42 45;7 48 53;6 53 58;5 58 60;0 88 89;0 89 90;1 97 98;7 103 108;2 108 110;1 115 116;2 124 126;8 129 132;5 135 137;1 139 140;6 147 150;8 154 157;0 163 164;0 164 165;1 168 169;2 173 174
0 2 3;5 9 11;1 19 20;1 32 33;0 41 42;6 46 49;1 56 57;8 64 67;0 69 70;2 80 81
2 11 13;1 34 35;6 61 66;8 68 71;0 79 80;1 84 85;2 89 90
0 2 3;5 9 11;1 19 20;5 27 29;1 37 38;1 66 67;2 76 78;6 81 84;0 95 97;1 102 103;0 115 116;1 124 125;5 132 134;6 148 153;6 158 163;0 169 171;1 180 181;2 185 186
0 2 3;2 8 10;7 53 58;1 75 76;0 82 83;5 83 85;2 89 91;7 98 103;1 107 108;2 112 113
6 2 5;1 8 9;2 13 15;6 18 21;6 30 33;6 34 38;1 38 39;6 44 48;0 67 68;2 74 75
2 11 13;0 13 15;8 24 28;1 55 56;2 60 61
6 4 8;0 20 21;0 21 22;1 25 26;1 30 31;8 48 52;1 76 77;6 82 85;1 91 92;1 95 96;2 100 101
1 6 7;1 36 37;2 39 41;6 44 47;2 64 65
2 5 8;6 50 55;8 55 59;6 68 72;8 72 75;2 77 78
0 2 3;5 3 5;0 12 13;0 22 23;1 46 47;5 56 58;1 60 61;0 64 65;0 81 83;1 86 87;5 99 101;6 104 107;6 120 125;1 130 131;6 142 145;1 149 150;2 154 155
6 2 5;8 30 34;0 38 39;6 57 60;8 65 68;1 79 80;2 84 85
3 13 15;3 19 21;6 32 37;8 56 60;1 67 68;2 72 73
6 20 24;2 48 49
6 2 5;0 6 7;6 29 34;6 34 37;0 39 40;2 48 51;0 54 56;3 58 60;5 75 77;2 81 82
0 42 43;8 54 57;1 66 67;2 71 72
0 17 18;0 27 28;1 51 52;0 57 58;3 64 66;1 75 76;0 91 92;8 101 104;2 114 115
5 9 11;0 15 16;0 16 17;3 22 24;0 35 36;0 36 37;2 71 73;6 87 92;1 99 100;2 117 119;6 122 125;6 129 132;1 136 137;2 141 142
5 6 8;5 13 15;0 23 24;0 24 25;9 37 40;0 46 47;0 47 48;6 58 61;0 62 63;0 92 93;0 93 94;1 97 98;2 102 103
6 2 5;1 12 13;1 23 24;7 25 31;1 40 41;2 45 46
2 4 6;1 17 18;7 35 40;1 44 45;2 49 50
6 7 10;2 19 22;6 33 36;2 38 40;1 45 46;1 57 58;6 59 63;1 63 64;8 67 71;8 78 81;6 81 86;2 92 93
8 4 8;0 15 17;8 30 33;3 49 51;6 52 56;5 63 65;2 67 69;8 82 86;6 90 95;2 104 105
6 2 5;1 7 8;0 18 19;0 33 34;2 66 67
5 9 11;1 24 25;7 33 38;1 49 50;2 62 63
1 2 3;0 12 13;8 17 21;0 21 22;0 41 42;0 42 43;1 50 51;0 54 55;2 86 87
2 41 43;0 52 53;0 53 54;6 54 57;0 61 62;0 68 70;6 83 86;0 98 99;0 99 100;2 120 121
6 47 50;2 50 52;0 110 111;0 111 112;6 112 115;1 123 124;8 137 141;1 145 146;1 155 156;6 158 161;0 170 171;2 182 183;5 183 184
0 7 8;0 8 9;6 9 12;6 18 22;1 24 25;0 34 35;6 56 60;1 82 83;6 84 89;2 91 92;5 92 93
6 18 21;1 23 24;8 27 31;6 44 47;1 49 50;1 60 61;0 89 90;0 90 91;2 96 97
2 2 4;0 13 14;0 14 15;6 15 18;8 24 28;8 28 31;6 43 48;0 51 52;6 65 68;5 74 76;1 78 79;6 81 86;8 86 90;8 94 98;6 98 101;6 104 109;5 109 111;8 114 118;6 118 121;8 134 138;6 138 141;6 144 149;6 154 159;6 167 171;7 188 193;0 224 225;3 245 247;2 254 257;6 263 268;6 270 273;8 272 277;6 277 280;8 299 304;6 304 307;5 312 314;2 318 320;0 320 322;8 339 342;6 342 347;6 347 351;8 365 368;6 368 373;6 373 377;2 387 390;0 400 401;9 432 435;8 446 450;6 454 459;0 465 466;8 483 487;2 491 493;8 496 499;0 515 516;3 520 522;0 525 526;9 550 552;8 560 564;9 573 577;2 580 581;5 581 582
1 2 3;6 12 15;0 16 17;0 29 30;6 42 45;1 47 48;0 56 57;6 72 75;1 77 78;8 97 101;2 103 104
6 4 7;0 8 9;0 9 10;7 27 32;6 52 55;0 56 57;5 66 68;8 75 79;0 81 82;2 88 89
0 7 8;0 8 9;6 9 12;6 18 22;1 24 25;0 34 35;6 56 60;6 67 72;1 80 81;6 82 87;2 89 90
5 10 12;1 16 17;8 30 34;0 40 41;1 52 53;0 58 59;0 59 60;6 74 78;1 87 88;0 96 97;1 103 104;0 117 118;2 124 125;5 125 126
1 2 3;6 36 39;0 40 41;1 62 63;7 64 69;2 75 76;5 76 77
0 7 8;0 8 9;6 9 12;6 18 22;0 29 30;8 49 53;1 67 68;0 76 77;5 77 79;6 83 86;1 91 92;0 121 122;8 122 125;5 139 141;1 145 146;0 154 155;0 155 156;0 167 168;1 182 183;0 193 194;0 206 207;2 213 214
5 2 4;0 7 9;8 12 16;0 20 21;1 45 46;8 59 62;1 66 67;1 70 71;0 81 82;0 82 83;1 88 89;0 92 93;2 99 100;5 100 101
5 2 4;0 7 9;8 14 18;2 23 25;5 28 30;6 37 42;1 48 49;0 59 60;0 82 83;2 89 90
6 2 5;0 6 7;5 16 18;0 23 24;0 41 43;0 53 55;0 56 57;0 57 58;1 61 62;1 66 67;6 72 75;1 75 76;8 77 81;5 81 83;8 89 93;0 101 102;1 110 111;6 116 119;0 120 121;2 145 146;5 146 147
8 2 6;6 14 17;7 20 25;6 25 29;8 29 32;0 37 38;0 49 50;0 50 51;0 62 63;5 85 87;0 103 104;0 104 105;3 110 112;6 117 120;5 125 127;8 138 141;6 157 160;1 169 170;2 179 180
1 6 7;8 14 17;1 21 22;1 30 31;9 32 36;1 42 43;6 44 48;6 50 53;0 54 55;6 72 76;2 78 79;5 79 80
6 2 5;0 6 7;0 24 26;0 29 30;0 45 47;0 50 51;0 51 52;1 55 56;0 67 68;0 68 69;6 69 72;1 74 75;0 82 83;0 95 96;2 113 115;0 115 117;6 120 123;0 124 125;0 159 160;1 166 167;6 174 177;0 178 179;8 204 208;2 210 211;5 211 212
6 14 17;0 18 19;1 39 40;8 43 47;0 49 50;0 50 51;1 56 57;1 59 60;8 67 71;0 73 74;0 85 86;0 86 87;0 97 98;0 109 110;0 110 111;6 111 114;0 122 123;0 135 136;0 136 137;0 147 148;0 148 149;4 154 156;6 168 173;0 176 177;0 177 178;6 178 181;0 210 211;6 225 229;0 234 235;1 252 253;6 256 261;6 270 273;0 274 275;3 299 301
1 2 3;0 19 20;0 29 31;0 48 49;0 65 67;6 91 96;6 96 101;6 103 107;8 115 119;0 136 137;2 143 144
1 13 14;0 37 38;2 44 45;5 45 46
6 6 11;1 13 14;2 28 29;5 29 30
2 7 9;2 17 19;0 19 21;6 24 28;0 35 37;6 53 56;0 65 67;0 83 85;0 94 95;2 101 102;5 102 103
6 2 5;0 6 7;5 16 18;0 23 24;0 41 43;0 53 55;0 56 57;0 57 58;1 61 62;1 66 67;6 72 75;1 75 76;8 77 81;5 81 83;8 89 93;0 101 102;1 110 111;8 150 154;6 157 161;6 168 173;2 196 197
2 6 8;0 8 10;0 17 18;0 18 19;0 33 34;2 49 51;0 51 53;1 65 66;0 69 70;2 76 77;5 77 78
6 2 5;0 6 7;0 23 25;8 41 45;0 51 52;0 61 62;0 73 74;0 84 85;1 100 101;0 106 107;6 107 110;3 118 120;0 123 124;1 128 129;0 142 143;6 155 159;5 161 163;9 180 184;6 190 195;5 197 199;2 219 220
5 22 24;1 26 27;0 41 42;7 53 58;6 79 84;0 103 104;3 107 109;0 119 120;3 124 126;0 136 137;0 137 138;0 147 148;0 148 149;2 154 155;5 155 156
8 7 11;0 13 14;0 14 15;6 15 18;0 24 25;6 49 54;6 73 77;8 87 91;2 105 106;5 106 107
0 12 14;1 19 20;0 43 45;0 46 47;0 52 53;2 62 64;6 72 77;1 84 85;6 107 112;9 113 116;0 125 126;1 134 135;0 145 147;5 160 162;0 167 169;0 170 171;3 175 177;0 182 183;2 189 190
6 2 5;5 10 12;0 15 17;0 39 41;0 69 71;0 74 75;0 84 85;2 91 92;5 92 93
1 2 3;6 12 16;1 30 31;0 34 35;7 54 59;1 61 62;8 65 68;1 76 77;0 97 98;1 106 107;0 143 144;5 144 146;0 153 155;0 156 157;0 157 158;5 161 163;0 171 172;1 180 181;0 186 187;5 187 189;0 196 198;0 206 207;0 207 208;2 211 212
3 6 8;1 42 43;6 48 52;0 61 62;6 75 78;0 93 94;0 94 95;3 100 102;0 118 119;0 119 120;0 146 147;0 147 148;8 165 169;2 171 172;5 172 173
1 2 3;6 12 16;3 28 30;0 35 36;6 47 50;8 56 60;5 60 62;0 66 67;2 73 74;5 74 75
1 18 19;2 28 31;6 37 42;6 44 47;8 46 51;6 51 54;2 64 66;0 73 74;0 83 84;2 90 91;5 91 92
6 12 15;8 16 20;8 30 33;7 34 40;0 49 51;0 52 53;0 58 59;6 85 90;9 91 94;0 103 104;1 112 113;1 122 123;1 134 135;6 136 140;1 140 141;8 144 148;2 152 154;0 164 166;0 177 178;2 188 189
0 23 24;0 54 55;0 55 56;1 59 60;2 77 79;0 94 95;0 106 107;0 107 108;0 113 114;1 114 115;6 122 125;5 131 133;1 135 136;8 143 146;2 148 149
0 2 3;5 7 9;1 20 21;6 29 34;8 34 38;3 40 42;0 47 48;8 74 78;0 78 79;0 86 88;0 89 90;0 95 96;4 117 119;0 158 160;5 173 175;0 180 182;0 183 184;0 196 197;1 213 214;1 228 229;2 260 261
6 2 6;0 12 13;3 41 43;1 53 54;6 56 60;0 68 69;0 69 70;5 73 75;8 82 85;1 92 93;0 128 130;0 131 132;1 155 156;0 171 172;2 182 183
6 2 5;0 6 7;1 18 19;0 29 30;2 46 48;0 48 50;6 53 56;0 57 58;8 90 94;2 96 97
1 22 23;6 35 38;0 50 52;6 57 60;0 61 62;2 93 94
0 19 21;8 24 28;1 30 31;8 35 39;2 57 59;6 62 66;0 72 74;0 84 85;0 109 110;0 117 118;0 118 119;6 119 122;8 134 138;7 143 148;1 162 163;6 175 179;1 185 186;6 187 191;1 195 196;0 217 218;0 223 224;6 237 242;8 246 249;6 251 254;0 255 256;6 265 269;8 269 272;2 276 278;6 281 284;0 285 286;2 307 308
6 12 17;6 20 23;1 23 24;0 33 34;0 51 53;0 54 55;0 55 56;0 61 62;1 62 63;0 75 77;0 78 79;0 79 80;0 85 86;1 86 87;0 99 101;0 104 105;0 125 127;0 133 134;8 138 141;1 156 157;0 164 165;2 171 172
6 4 8;5 23 25;5 38 40;6 58 62;6 66 70;2 74 75;5 75 76
5 11 13;1 15 16;2 33 34;5 34 35
1 8 9;5 14 16;1 58 59;6 69 72;2 105 106
6 9 14;8 14 18;1 35 36;8 55 59;6 99 104;6 112 116;6 121 126;2 128 129;5 129 130
0 17 19;0 24 25;6 57 61;2 75 77;6 90 94;6 114 117;0 133 134;5 138 140;1 142 143;1 150 151;8 153 157;0 163 164;0 174 175;0 186 187;0 187 188;2 193 194
0 22 23;6 37 41;0 48 49;1 64 65;6 70 73;8 84 87;6 110 115;6 115 118;2 127 128
6 9 14;8 14 18;8 57 61;6 61 64;0 87 88;2 94 95
2 7 9;0 18 19;0 19 20;6 20 23;6 29 32;2 34 36;6 57 62;2 64 65
0 2 3;0 20 22;0 32 34;0 35 36;0 36 37;1 40 41;1 45 46;6 53 58;6 65 69;8 74 78;2 80 81
0 2 3;0 18 20;2 23 25;1 31 32;1 42 43;0 53 55;3 57 59;1 70 71;0 74 75;2 81 82
2 4 6;8 21 25;5 25 27;7 34 39;6 43 47;2 64 66;6 77 80;2 80 83;0 92 93;0 93 94;1 101 102;2 107 109;1 123 124;8 129 132;0 135 136;0 155 156;0 156 157;1 164 165;6 170 173;0 183 184;1 196 197;1 201 202;0 205 206;2 225 226
5 5 7;0 24 25;0 25 26;1 33 34;7 44 49;6 71 76;6 79 83;0 83 84;6 112 115;0 116 117;0 117 118;1 121 122;9 142 146;2 149 150;5 150 151
0 13 14;0 29 31;0 32 33;6 44 47;0 50 51;7 61 66;0 83 85;1 90 91;1 107 108;6 125 128;0 129 130;0 145 146;2 162 164;0 164 166;1 178 179;6 180 185;2 191 192
0 14 15;0 31 33;6 45 50;0 76 77;0 77 78;2 133 134
7 19 24;0 52 53;0 70 72;0 82 84;0 85 86;0 86 87;1 90 91;1 95 96;6 105 108;1 108 109;0 112 113;0 113 114;6 114 117;2 119 120
0 2 3;0 19 21;0 32 34;1 43 44;0 54 56;3 58 60;6 78 83;2 85 86
0 2 3;0 20 22;0 35 36;6 45 48;2 55 57;0 57 59;0 71 73;6 84 87;0 92 93;6 113 118;6 120 123;0 124 125;0 146 147;0 147 148;1 151 152;2 156 157
5 4 6;6 10 13;6 15 20;5 20 22;6 25 30;1 40 41;6 46 49;0 50 51;2 72 73
1 2 3;1 48 49;6 52 55;8 76 79;6 81 84;0 87 88;6 97 100;0 101 102;2 123 124
1 2 3;6 12 15;0 16 17;0 32 33;0 45 46;0 46 47;6 47 50;0 66 67;0 67 68;6 68 71;0 81 82;6 94 97;0 98 99;9 112 116;2 119 120
1 2 3;6 12 15;0 16 17;0 29 30;6 42 45;5 52 54;8 62 66;1 71 72;0 78 79;1 83 84;6 93 96;0 97 98;0 110 111;0 121 122;2 128 129
6 14 17;0 18 19;8 28 31;0 39 40;0 40 41;3 46 48;3 53 55;8 56 60;0 69 70;6 93 96;0 97 98;2 117 118
1 5 6;0 15 16;0 16 17;1 22 23;1 25 26;0 39 40;6 53 56;0 57 58;0 72 73;0 83 84;2 90 91;5 91 92
6 14 17;0 18 19;6 38 43;0 49 50;0 61 62;5 73 75;0 83 84;1 103 104;0 116 117;0 117 118;3 123 125;8 130 134;0 145 146;2 172 174;6 177 180;0 181 182;0 191 192;0 192 193;6 193 196;7 208 213;2 215 216
0 7 8;2 13 15;6 30 33;6 48 51;6 66 69;0 70 71;8 75 78;1 78 79;2 88 89
6 11 14;8 15 19;8 29 32;1 62 63;6 67 70;0 77 78;0 89 90;5 90 92;6 112 115;6 130 136;2 142 143
8 4 8;1 8 9;0 24 25;2 55 56
0 35 36;1 42 43;8 57 60;2 79 80
6 18 21;0 22 23;0 47 48;0 48 49;3 54 56;0 61 62;6 73 76;1 79 80;1 93 94;6 99 102;1 105 106;0 117 118;2 129 130
8 16 20;0 24 25;1 55 56;1 63 64;6 65 70;8 85 89;1 91 92;6 98 102;0 108 109;1 112 113;6 123 128;2 130 131
1 33 34;1 47 48;8 49 53;0 72 73;0 89 91;0 92 93;8 97 100;0 126 127;1 162 163;8 189 193;6 197 202;8 202 206;1 206 207;0 214 215;0 215 216;6 216 219;0 233 234;0 241 242;0 258 260;0 270 271;2 277 278
2 2 4;0 13 14;0 14 15;6 15 18;8 34 38;0 38 39;0 48 50;2 55 57;6 60 63;0 64 65;5 76 78;8 86 90;0 94 95;6 104 108;0 115 117;6 124 129;0 134 135;5 135 137;0 144 146;1 151 152;6 157 161;5 165 167;0 172 173;0 173 174;7 189 195;8 203 206;0 226 227;0 227 228;0 239 240;5 244 246;2 248 249;5 249 250
0 11 13;0 14 15;5 30 32;2 36 38;6 41 44;0 45 46;2 67 68
0 23 24;3 30 32;6 44 49;0 54 55;0 55 56;6 56 59;6 65 68;0 69 70;9 83 87;2 90 91
0 57 58;0 74 75;2 81 82
2 2 4;0 13 14;0 31 33;0 34 35;0 42 44;0 47 48;0 55 57;0 60 61;0 68 70;0 83 84;0 91 93;0 94 95;2 124 125
1 4 5;0 10 12;0 17 18;1 40 41;0 47 48;5 48 50;1 55 56;0 89 90;0 90 91;6 108 113;5 131 133;1 135 136;6 149 152;1 153 154;0 159 160;8 176 180;5 180 182;1 193 194;0 208 209;0 209 210;0 249 251;3 258 260;0 269 270;0 270 271;6 271 274;0 288 290;0 291 292;0 292 293;0 298 299;1 299 300;0 311 313;0 314 315;0 315 316;0 321 322;1 322 323;0 328 329;0 338 340;0 343 344;1 363 364;0 378 379;0 399 400;0 400 401;6 401 404;2 406 407
5 41 43;0 53 54;2 64 65
1 33 34;2 38 39
0 2 3;0 22 23;0 23 24;2 40 41
0 2 3;0 19 20;0 25 26;1 26 27;1 32 33;2 37 38
0 2 3;1 33 34;2 38 39
2 11 14;1 21 22;1 53 54;6 65 68;2 87 88
0 7 8;5 8 10;3 21 23;1 28 29;0 38 40;3 42 44;0 54 55;2 62 63
0 2 3;1 23 24;1 26 27;1 49 50;2 52 53
0 2 3;1 30 31;2 47 48
0 2 4;3 6 8;0 18 19;1 23 24;2 28 29
0 20 21;1 48 49;2 53 54
5 6 8;5 13 15;0 19 20;8 24 27;1 27 28;8 33 37;1 39 40;6 43 48;8 48 52;2 52 53
6 2 5;1 14 15;5 20 22;8 25 29;6 37 42;2 44 45
6 2 5;5 10 12;0 16 17;0 17 18;6 18 21;5 21 23;8 35 39;5 43 45;0 49 50;8 68 72;5 76 78;0 82 83;1 98 99;8 100 105;0 115 116;1 122 123;8 131 136;6 136 139;8 142 145;1 149 150;0 181 182;0 198 199;1 203 204;2 208 209
6 2 5;6 8 11;8 13 17;1 24 25;2 39 40
6 2 5;6 8 11;0 23 24;1 30 31;5 38 40;2 44 45
5 6 8;5 13 15;5 32 34;3 41 43;6 56 59;0 66 67;1 78 79;2 83 84
8 4 7;0 18 19;0 19 20;3 25 27;3 32 34;9 35 39;8 45 49;6 55 58;1 58 59;0 66 67;6 80 83;9 98 102;1 105 106;1 111 112;2 116 117
8 4 7;8 17 21;1 23 24;6 27 30;1 30 31;6 32 37;6 37 42;6 46 50;1 56 57;7 58 63;1 79 80;6 93 97;2 113 114
8 9 13;8 22 26;3 36 38;9 44 46;0 52 53;0 53 54;5 66 68;7 69 74;2 83 84
6 4 7;0 19 20;1 28 29;5 36 38;6 41 46;6 53 58;6 58 61;1 98 99;6 112 116;2 132 133
0 20 21;2 38 39
5 6 8;1 43 44;1 55 56;0 63 64;0 71 73;0 74 75;6 90 95;1 102 103;2 114 116;2 132 133
0 8 9;0 17 19;0 20 21;0 37 39;8 42 46;1 52 53;1 60 61;2 63 65;6 78 83;6 102 106;3 136 138;0 141 142;8 153 156;3 163 165;6 170 175;1 191 192;2 198 200;3 206 208;0 214 215;2 224 225
9 22 26;1 29 30;6 33 36;8 37 41;0 51 53;1 58 59;2 70 71
0 12 13;8 13 16;2 35 36
2 12 14;0 29 30;0 37 38;3 83 85;0 106 107;0 107 108;6 111 114;0 120 121;8 137 141;8 143 147;0 156 157;8 186 190;0 204 205;1 233 234;5 236 238;0 246 247;2 262 264;0 264 266;6 269 272;6 274 279;2 285 286
0 8 9;8 22 25;6 30 35;0 46 47;0 63 64;0 81 82;1 95 96;0 105 106;0 115 116;0 116 117;1 120 121;2 125 126
7 4 5;8 15 18;8 26 29;6 30 36;6 42 47;8 49 52;0 60 61;8 65 68;2 70 71
6 2 5;1 12 13;1 25 26;6 27 31;8 33 37;6 37 40;5 46 48;2 52 53
6 2 5;8 8 11;9 20 23;2 48 49
6 28 34;0 46 47;0 54 56;0 57 58;6 73 78;1 85 86;2 97 99;2 115 116
0 8 9;8 20 24;0 31 32;0 48 50;0 61 63;3 70 72;0 75 76;1 100 101;0 110 111;0 117 118;1 118 119;0 122 123;0 123 124;1 139 140;2 142 144;6 157 162;6 182 185;6 219 222;2 232 233
8 17 21;6 24 30;6 41 44;7 52 58;1 60 61;2 65 66
6 15 18;8 41 44;6 53 58;1 62 63;6 69 72;6 74 79;2 85 86
2 33 34
0 28 29;0 29 30;5 74 76;2 81 82
0 24 25;0 40 41;6 53 58;1 73 74;2 85 86
0 12 13;8 13 16;2 35 36
6 8 11;7 19 24;6 32 35;1 38 39;2 43 44
0 15 16;0 16 17;0 29 30;1 48 49;3 58 60;8 61 65;7 70 76;0 85 86;0 86 87;1 90 91;2 95 96
6 2 5;8 8 11;9 20 23;2 49 50
6 20 23;2 55 56
6 2 5;3 48 50;6 55 58;7 59 64;8 106 110;6 113 118;1 126 127;7 150 156;7 161 166;2 176 177
6 2 5;1 38 39;1 53 54;1 68 69;6 70 75;2 77 78
0 26 28;1 30 31;0 34 35;0 46 48;0 57 59;2 73 74
2 7 9;0 9 11;1 68 69;2 73 74
0 24 26;0 32 33;2 43 44
5 6 8;0 27 28;1 34 35;2 58 59
0 12 13;5 13 15;6 31 34;2 36 38;6 45 49;1 58 59;2 63 65;5 75 77;8 80 84;6 94 98;2 102 103
2 2 4;0 13 14;0 14 15;0 28 30;0 36 37;0 37 38;1 46 47;0 52 53;0 60 62;1 65 66;6 74 77;2 101 102
6 4 7;1 10 11;2 15 17;6 20 23;6 32 35;6 36 40;1 40 41;6 46 50;0 69 70;2 75 76
2 11 13;0 13 15;8 24 28;8 42 47;9 56 60;2 82 83
2 38 39
6 16 19;8 32 36;1 38 39;6 42 47;6 49 53;2 57 58
0 21 22;1 30 31;2 51 52
6 2 5;0 6 7;6 18 23;6 42 47;2 53 54
0 2 3;8 14 18;1 24 25;2 46 47
0 2 3;8 14 18;2 40 41
0 2 3;2 24 26;0 33 35;6 62 65;1 89 90;2 94 95
0 2 4;3 6 8;1 17 18;0 30 31;1 39 40;1 58 59;2 63 64
1 57 58;6 59 63;8 63 66;0 71 72;2 99 100
6 28 33;1 38 39;1 58 59;6 60 65;8 65 69;1 75 76;1 94 95;2 99 100
2 5 8;2 13 15;8 37 41;0 41 42;5 65 67;2 72 73
5 6 8;0 14 16;0 17 18;6 29 32;6 34 39;6 39 42;8 50 53;2 55 56
5 2 4;1 18 19;8 47 50;2 57 60;1 67 68;8 77 80;2 82 83
1 20 21;1 24 25;8 28 33;2 39 40
0 20 22;0 23 24;3 40 42;6 46 51;3 70 72;0 79 80;2 89 90
0 19 21;1 45 46;8 49 52;2 54 55
1 20 21;6 24 27;9 28 32;3 38 40;8 44 48;0 48 49;1 84 85;2 89 90
0 7 8;0 16 17;3 31 33;0 51 52;0 52 53;1 58 59;1 61 62;0 67 68;8 81 85;6 88 91;1 105 106;8 108 112;8 132 136;6 142 147;2 153 154
8 24 29;6 50 54;0 66 67;0 67 68;1 71 72;2 76 77
6 4 7;5 14 16;1 35 36;6 37 42;2 48 49
6 4 7;0 8 9;0 36 37;0 54 55;0 55 56;1 61 62;1 69 70;2 74 75
1 15 16;6 41 46;8 46 50;7 52 57;0 63 65;1 76 77;2 92 93
5 6 8;1 17 18;8 20 24;0 24 25;0 41 42;0 52 54;2 84 85
2 5 8;8 33 37;8 39 44;8 52 56;5 81 83;2 87 88
0 7 8;2 13 15;8 18 21;0 31 32;0 32 33;0 43 44;5 48 50;1 52 53;0 58 59;6 79 85;2 95 96
0 7 8;0 30 31;2 59 60
0 7 8;1 21 22;0 40 41;1 47 48;0 51 52;0 62 63;0 63 64;6 64 67;2 89 90
0 11 13;0 31 32;2 41 42
2 5 7;0 7 9;6 30 33;6 41 46;1 50 51;6 59 62;5 68 70;2 75 76
5 4 6;5 11 13;3 31 33;1 41 42;8 48 52;5 52 54;1 64 65;2 67 69;2 75 77;1 82 83;0 89 90;2 99 100
0 12 13;8 26 30;2 33 35;8 38 42;8 42 45;2 56 57
2 43 44
7 7 12;0 16 17;0 17 18;1 23 24;1 26 27;0 30 31;0 31 32;5 35 37;0 48 49;0 58 59;2 65 66
2 41 42
9 8 11;1 18 19;6 41 45;8 83 87;8 87 90;2 101 102
6 30 33;2 44 45
1 13 14;8 16 20;0 20 21;6 33 36;1 45 46;2 50 51
0 4 5;0 13 14;6 23 27;6 30 34;1 50 51;1 61 62;7 68 74;1 91 92;9 93 97;8 142 146;5 146 148;1 150 151;0 154 155;6 164 167;2 175 176
1 2 3;0 8 9;0 20 21;0 21 22;1 27 28;1 39 40;6 47 50;2 60 61
7 2 3;6 13 16;6 24 27;2 40 41
5 14 16;0 28 29;0 38 39;0 39 40;1 43 44;2 48 49
6 4 7;2 13 16;6 19 24;1 50 51;2 55 56
5 1 3;0 10 11;0 32 33;0 33 34;2 73 74
7 4 5;1 37 38;0 41 42;0 42 43;1 48 49;2 51 52
6 23 27;2 33 34
2 5 8;3 17 19;0 33 34;0 55 56;2 62 63
2 7 9;1 21 22;8 25 30;2 49 51;6 54 57;3 77 79;6 91 95;3 97 99;8 103 107;5 130 132;2 136 137
0 19 20;0 20 21;2 32 34;8 37 40;6 64 68;3 78 80;2 84 85
8 4 8;1 19 20;1 27 28;0 33 35;3 37 39;0 49 50;2 60 61
1 19 20;1 27 28;0 33 35;3 37 39;0 44 45;2 60 62;0 62 64;8 67 70;6 85 88;1 93 94;2 98 99
0 21 22;0 22 23;6 23 26;1 46 47;2 51 52
1 19 20;8 48 51;8 51 55;2 68 69
0 6 8;5 39 41;6 53 56;8 63 68;4 68 70;2 73 74
2 7 9;5 16 18;5 39 41;6 49 52;1 56 57;2 61 62
0 6 7;0 15 17;2 40 41
6 2 5;1 7 8;6 21 26;2 56 58;6 64 67;0 71 72;0 87 88;8 102 105;0 113 114;0 114 115;1 118 119;2 123 124
0 2 3;2 36 39;8 42 45;8 64 67;6 67 72;2 87 88
6 2 5;0 20 21;2 42 44;0 44 46;6 49 52;0 62 63;3 67 69;2 73 74
1 2 3;0 26 27;2 47 48
0 6 8;8 44 48;0 56 57;4 61 63;2 66 67
1 2 3;7 8 13;7 35 41;6 46 49;8 56 59;2 70 71
5 8 10;6 17 20;5 28 30;1 32 33;6 43 48;6 50 53;2 80 81
1 6 7;0 11 12;0 19 20;0 29 30;2 40 42;1 47 48;0 69 70;0 79 80;2 86 87
6 4 8;5 8 10;0 18 19;1 30 31;1 53 54;1 61 62;1 67 68;6 73 76;1 89 90;8 93 96;2 104 106;6 109 112;1 114 115;0 129 130;1 134 135;2 139 140
7 4 5;0 13 14;0 23 24;8 35 38;0 46 47;0 47 48;1 51 52;2 56 57
8 49 52;1 56 57;1 71 72;8 80 83;2 94 96;1 102 103;9 104 108;1 114 115;7 116 121;2 140 141
0 1 2;0 15 16;0 16 17;0 27 28;5 28 30;0 35 37;1 46 47;6 50 55;0 65 67;6 79 83;8 97 101;8 114 118;0 126 127;8 136 140;8 140 143;0 160 161;0 170 171;0 180 181;5 201 203;3 219 221;6 226 231;0 234 235;2 245 246
0 1 2;8 16 19;6 53 57;0 57 58;0 58 59;8 76 79;2 83 85;6 111 115;1 125 126;0 137 138;2 148 149
0 2 3;0 22 23;1 33 34;6 39 42;0 55 57;3 77 79;0 84 85;5 85 87;1 101 102;6 115 119;5 125 127;0 132 134;1 146 147;6 157 162;0 164 166;3 168 170;0 180 181;1 185 186;2 190 191
0 7 8;0 23 25;9 29 32;1 40 41;0 57 59;6 64 67;0 68 69;7 82 87;2 89 90
0 2 3;1 28 29;7 47 52;3 63 65;2 73 75;8 78 81;1 94 95;1 124 125;1 127 128;9 129 133;0 134 135;6 144 147;1 149 150;0 158 159;0 159 160;1 163 164;2 168 169
0 2 3;1 7 8;6 17 20;0 30 31;8 49 53;0 62 63;1 67 68;2 72 73
5 4 6;0 10 12;0 21 22;8 34 38;1 58 59;1 61 62;9 63 67;0 68 69;6 78 81;1 83 84;0 92 93;1 97 98;2 102 103
0 2 3;1 7 8;6 17 20;0 28 29;2 44 46;8 49 53;0 62 63;0 63 64;1 67 68;2 72 73
0 17 18;1 48 49;6 54 57;0 58 59;2 79 80
6 2 5;0 6 7;3 18 20;0 26 27;6 43 48;8 48 51;7 74 80;8 82 86;7 99 104;0 117 118;6 123 128;6 132 137;0 139 140;0 154 155;0 166 167;5 186 188;1 192 193;1 207 208;2 221 222
2 7 9;6 31 34;0 35 36;0 52 53;1 63 64;8 71 74;6 86 91;0 97 99;1 102 103;2 105 107;6 113 118;2 120 121
3 11 13;3 45 47;0 69 71;0 74 75;0 75 76;3 83 85;0 92 94;3 96 98;8 105 108;0 109 110;0 122 123;1 127 128;2 132 133
0 17 18;1 48 49;0 54 55;0 55 56;0 67 68;2 98 100;2 130 131
1 18 19;6 63 68;8 81 85;1 87 88;6 94 98;1 111 112;6 119 124;8 131 134;0 135 136;2 147 148
2 8 10;6 36 41;2 55 57;6 60 65;1 79 80;5 86 88;1 90 91;1 98 99;1 109 110;2 117 118
0 11 12;8 21 25;0 31 33;2 44 46;8 57 61;8 61 64;6 64 69;2 75 76
0 12 13;0 27 28;1 35 36;0 41 42;2 61 62
6 2 5;0 6 7;8 29 33;0 39 40;1 44 45;0 56 57;0 74 76;8 98 102;0 104 105;0 105 106;0 117 118;0 132 133;8 153 156;2 171 172
0 17 18;1 48 49;6 54 57;0 58 59;7 72 77;2 79 80
2 2 4;0 13 14;0 31 33;0 48 50;1 57 58;0 61 62;0 62 63;1 70 71;6 78 82;1 96 97;0 100 101;0 101 102;1 109 110;6 117 120;1 122 123;0 135 136;3 144 146;0 151 152;8 156 159;0 179 180;1 210 211;8 225 228;6 228 233;6 248 253;1 255 256;6 258 261;0 262 263;6 281 285;3 287 289;0 294 295;2 314 315
0 17 19;0 22 24;0 25 26;8 37 40;0 45 46;0 46 47;6 57 61;2 65 67;0 67 69;0 72 74;0 78 79;0 92 93;1 99 100;0 108 109;1 115 116;0 136 137;0 155 157;2 170 172;0 172 174;6 194 198;0 205 206;0 222 223;7 236 241;2 243 244
6 2 5;0 6 7;0 26 27;1 37 38;0 41 42;1 46 47;1 51 52;0 55 56;1 66 67;0 77 79;0 84 85;0 85 86;0 97 98;2 131 132
8 68 72;0 82 84;2 93 94
6 9 13;0 24 25;0 42 43;6 67 70;0 71 72;0 84 85;0 93 94;2 100 101
1 10 11;0 31 32;1 56 57;0 62 63;0 63 64;1 72 73;0 78 79;0 93 94;0 94 95;0 109 110;1 118 119;0 124 126;3 128 130;6 150 153;6 170 175;6 182 186;8 191 195;2 197 198
2 2 4;0 13 14;0 31 33;5 40 42;0 47 49;0 99 101;0 114 116;2 121 124;1 137 138;7 150 155;2 181 182
7 4 9;0 19 21;2 27 29;8 35 40;5 46 48;8 85 89;0 100 101;0 108 110;0 113 114;0 121 123;0 147 148;2 177 178
8 29 33;5 33 35;0 40 42;8 69 73;1 82 83;7 84 89;0 96 97;5 119 121;2 141 142
0 29 31;5 39 41;1 43 44;0 62 64;1 79 80;6 103 106;0 107 108;9 121 125;2 138 139
1 19 20;5 41 43;1 45 46;6 50 53;6 76 79;5 88 90;6 105 108;5 145 147;6 160 163;6 180 183;5 192 194;6 209 212;6 233 236;3 247 249;6 253 256;3 267 269;6 283 286;5 294 296;3 298 300;6 304 307;5 315 317;3 319 321;6 335 338;1 350 351;6 355 358;2 368 370;1 377 378;6 382 385;2 395 397;1 404 405;6 409 412;3 422 424;6 428 431;1 456 457;6 461 464;0 470 471;0 471 472;1 475 476;0 493 495;0 499 500;0 516 517;0 517 518;0 532 533;0 533 534;0 542 543;0 566 568;1 582 583;0 586 587;0 587 588;6 588 591;3 593 595;5 610 612;6 627 630;8 658 662;6 669 672;2 680 682;0 682 684;0 691 692;0 716 717;2 751 752
8 4 7;0 10 12;0 13 14;1 20 21;8 28 31;0 36 37;0 37 38;1 41 42;3 73 75;6 84 88;0 94 96;3 103 105;0 119 120;8 129 133;1 139 140;0 143 144;1 153 154;2 163 164
0 17 18;0 71 72;8 81 85;1 91 92;0 95 96;5 107 109;0 117 118;1 124 125;6 130 133;1 150 151;6 202 207;6 215 220;6 220 225;0 229 230;0 237 238;2 243 245;1 252 253;0 273 275;1 282 283;0 296 297;3 303 305;5 317 319;7 330 336;5 338 340;0 345 347;0 355 356;0 362 363;1 363 364;0 367 368;0 368 369;6 382 386;6 394 397;6 402 405;0 406 407;9 417 420;1 432 433;6 437 440;7 447 452;2 454 455
5 6 8;8 11 14;2 18 20;1 37 38;6 39 44;1 51 52;6 53 57;6 62 68;0 71 72;0 87 89;8 92 96;5 96 98;7 116 121;2 130 131
0 14 15;0 15 16;1 21 22;1 24 25;0 30 31;1 54 55;0 64 65;1 65 66;8 67 71;0 86 87;0 113 114;0 114 115;6 130 133;8 144 148;6 153 157;8 165 169;6 174 179;1 181 182;8 187 191;7 199 204;6 216 220;6 234 238;3 258 260;6 290 295;6 310 314;0 320 321;1 337 338;6 341 345;3 347 349;0 363 364;0 371 372;1 380 381;0 386 387;6 387 390;0 396 397;2 423 424
0 19 20;8 29 33;0 58 59;1 65 66;1 81 82;0 92 93;0 105 106;2 113 114
7 6 11;1 29 30;6 33 37;8 50 54;0 59 60;0 77 78;0 78 79;0 84 85;1 85 86;3 96 98;0 101 102;0 102 103;0 108 109;1 109 110;8 129 134;0 150 151;0 163 164;5 168 170;2 172 173
5 4 6;0 15 16;0 43 45;6 57 62;8 62 66;1 72 73;0 76 77;6 95 99;3 101 103;2 119 120;5 120 121
0 2 3;2 18 20;0 20 22;1 29 30;9 45 49;6 56 60;0 69 70;0 70 71;3 85 87;2 95 98;3 107 109;1 113 114;5 124 126;6 135 140;0 147 148;8 157 160;1 162 163;1 172 173;1 185 186;0 189 190;0 205 206;2 212 213;5 213 214
1 13 14;8 15 19;7 26 31;6 36 40;1 45 46;6 54 59;8 59 63;1 69 70;6 76 81;8 81 85;1 91 92;8 99 103;1 107 108;9 109 113;2 140 142;1 158 159;5 169 171;1 177 178;7 186 191;5 196 198;0 203 204;1 215 216;8 221 226;1 234 235;6 238 243;2 243 244
6 14 17;0 18 19;1 40 41;8 44 48;0 50 51;0 51 52;1 57 58;1 60 61;0 66 67;0 78 79;0 79 80;4 90 92;1 95 96;8 97 101;8 103 107;5 107 109;1 126 127;1 141 142;0 145 146;9 159 163;2 176 177
0 17 18;0 18 19;1 24 25;1 27 28;0 33 34;0 51 52;0 59 60;2 66 67
6 14 17;0 18 19;8 40 45;6 45 48;1 67 68;6 71 74;5 77 79;1 85 86;8 93 98;0 104 105;5 109 111;1 132 133;1 137 138;0 156 157;0 157 158;3 163 165;8 170 174;8 178 182;9 190 193;8 197 201;1 213 214;6 217 221;3 223 225;1 240 241;6 244 249;6 249 253;3 255 257;1 282 283;0 295 296;5 300 302;2 304 305
0 10 11;0 18 19;0 29 30;0 30 31;6 31 34;6 42 45;1 52 53;5 62 64;7 67 72;0 74 76;0 80 81;5 85 87;2 89 90
0 2 3;4 25 27;6 31 36;6 36 41;3 41 43;8 44 48;6 54 59;6 59 63;5 78 80;1 84 85;6 94 99;6 99 103;5 118 120;6 135 140;6 140 144;2 154 157;6 165 169;0 176 177;3 192 194;6 199 202;0 203 204;8 229 233;2 235 236
5 5 7;8 10 13;2 17 19;1 25 26;6 27 32;1 39 40;6 41 45;0 45 46;6 63 67;3 69 71;1 85 86;6 87 92;2 98 99
6 18 21;0 25 26;0 37 38;0 38 39;6 62 65;6 84 89;6 93 98;9 99 102;1 110 111;2 120 122;0 125 127;3 129 131;0 138 139;2 149 150
2 12 14;0 14 16;0 23 24;1 42 43;6 78 83;6 87 92;2 98 99
6 4 8;7 10 15;0 20 21;2 35 37;0 37 39;2 57 58
6 15 20;0 30 31;2 38 40;0 40 42;6 61 65;0 71 72;1 101 102;0 110 112;3 114 116;0 126 127;0 127 128;1 131 132;2 136 137
6 2 5;0 22 23;2 47 49;0 49 51;0 58 59;1 77 78;6 103 107;0 113 115;0 142 144;3 146 148;0 158 159;2 169 170
6 4 8;0 13 14;1 32 33;0 43 44;5 58 60;0 67 69;3 71 73;0 83 84;3 88 90;2 94 95
5 4 6;0 11 13;0 16 17;1 37 38;6 75 78;5 90 92;0 97 99;6 106 111;6 123 126;0 127 128;9 141 145;2 158 159
0 13 15;0 16 17;0 34 36;0 37 38;0 38 39;8 52 56;0 63 65;6 70 73;6 92 95;6 108 113;6 117 120;8 131 135;0 153 155;0 168 169;0 169 170;0 186 187;1 193 194;0 197 198;2 204 205
0 7 8;0 15 16;0 33 35;8 38 41;0 53 55;0 56 57;0 57 58;1 61 62;1 66 67;6 84 87;0 96 97;0 112 113;0 124 125;8 136 140;5 140 142;6 162 165;0 183 184;0 191 192;6 221 224;6 226 231;9 232 235;6 257 262;6 301 306;8 308 312;1 326 327;0 336 338;3 340 342;0 352 353;1 357 358;2 362 363
0 10 12;0 13 14;0 14 15;0 20 21;1 21 22;0 33 35;0 36 37;0 37 38;0 43 44;1 44 45;0 58 60;0 61 62;0 62 63;2 92 93
6 12 15;0 16 17;0 33 35;0 52 53;1 71 72;0 77 78;0 78 79;6 79 82;0 97 98;2 104 105
2 2 4;0 13 14;0 31 33;8 47 50;0 53 54;1 78 79;0 88 89;5 105 107;0 112 114;0 115 116;8 127 130;1 137 138;1 146 147;6 148 153;8 153 157;5 157 159;0 166 167;1 167 168;0 171 172;5 176 178;6 208 213;0 216 217;0 217 218;9 234 237;0 247 248;1 248 249;0 252 253;3 259 261;1 268 269;1 278 279;7 280 285;9 331 335;6 342 345;1 351 352;8 366 370;8 391 395;1 397 398;0 413 414;0 428 429;1 436 437;0 442 443;2 462 463
0 15 16;5 20 22;1 24 25;8 30 33;0 36 37;0 64 66;0 73 74;0 86 87;8 98 102;5 102 104;1 115 116;0 131 132;1 151 152;1 156 157;0 160 161;2 180 181
0 2 3;1 9 10;0 20 21;0 21 22;6 22 25;3 27 29;0 32 33;1 36 37;8 61 66;6 81 84;6 95 99;6 115 118;1 137 138;9 139 143;6 150 154;6 156 160;7 178 183;6 185 188;0 191 192;2 211 212
0 14 15;6 31 35;0 45 46;6 62 66;0 76 77;6 92 96;2 104 107;8 110 113;8 122 126;0 133 135;9 139 142;3 171 173;6 195 198;1 200 201;1 227 228;1 254 255;1 281 282;6 304 307;1 307 308;1 334 335;1 357 358;1 360 361;6 385 390;2 399 401;8 447 451;0 458 460;8 483 488;8 502 506;8 510 515;0 523 525;2 530 533;8 536 539;6 554 559;8 564 567;0 568 569;1 580 581;8 586 590;8 596 600;1 602 603;0 618 619;0 633 634;1 641 642;2 665 666
6 2 5;0 9 10;0 24 25;0 42 44;0 47 48;1 66 67;0 82 84;1 91 92;2 97 100;8 106 110;7 114 119;0 131 133;6 161 164;0 165 166;0 196 198;3 200 202;0 207 208;0 231 232;1 250 251;0 260 261;7 302 307;8 309 313;0 329 330;0 348 349;6 358 361;0 362 363;7 376 381;2 383 384
5 7 9;0 14 16;3 21 23;0 26 27;0 27 28;3 54 56;8 67 71;8 74 79;5 79 81;0 91 92;0 99 100;8 126 129;8 138 143;0 154 155;2 190 192;8 195 199;2 247 248
2 4 6;6 9 12;0 29 30;0 30 31;1 36 37;1 39 40;0 45 46;5 57 59;2 71 73;8 76 79;8 134 138;0 149 151;0 154 155;2 181 182
0 49 50;0 65 66;5 87 89;1 93 94;1 111 112
1 12 13;0 21 22;0 22 23;1 28 29;1 31 32;0 37 38;6 69 74;7 83 88;1 90 91;8 98 102;0 104 105;8 134 138;1 147 148;5 151 153
0 2 3;0 11 13;8 16 20;2 25 27;7 36 41;6 61 66;8 105 108;6 119 124;6 133 138;6 159 164;0 172 173;1 173 174;6 175 179
0 8 9;2 24 26;0 26 28;1 36 37;2 39 41;2 47 49;0 57 58;1 65 66;1 80 81;5 113 115;3 118 120;6 129 134
2 7 9;0 9 11;1 16 17;0 23 24;0 37 38;6 82 86
8 7 10;0 15 16;0 32 33;0 33 34;0 45 46;0 46 47;1 52 53;1 55 56;0 61 62;6 73 76;1 78 79;7 92 98
0 8 10;1 19 20;0 24 25;0 25 26;0 44 45;0 45 46;0 69 70;2 88 90;8 93 96;8 113 117;1 131 132
2 11 14;8 26 29;1 47 48;6 51 54;6 55 59;0 82 83;0 83 84;1 87 88;8 98 102;6 125 131
8 1 4;0 21 23;0 29 30;1 38 39;0 50 52
0 10 11;2 16 18;8 21 25;3 25 27;6 47 53;8 53 57;1 57 58;6 65 68;1 68 69;8 70 74;5 74 76;8 82 86;0 94 95;1 103 104;5 111 113
0 13 15;0 18 19;0 19 20;5 37 39;8 47 51;0 59 60;0 60 61
6 14 19;6 19 24;9 28 32;8 37 41;0 46 48;6 63 68
2 6 8;0 16 18;8 33 38;6 42 48;0 65 67
5 7 9;0 12 14;0 15 16;6 31 36;1 36 37;6 40 45;0 45 46;5 46 48;0 51 53;8 60 65
1 9 10;6 29 32;0 35 36;0 45 46;0 60 61;3 93 95;6 96 100
3 23 25;1 33 34;6 68 74
8 42 46;0 50 51;8 72 75;3 102 104;3 108 110;0 129 131;0 132 133;0 133 134;2 139 140
0 6 8;5 11 13;1 15 16;9 34 36;2 45 47;6 50 55;8 65 69;3 88 90;1 97 98;6 100 105;3 124 126;0 146 148;0 149 150;0 150 151;0 167 169;9 175 180
5 4 6;8 17 21;6 62 67;6 76 81;6 83 87;6 91 96;8 96 99;5 106 108;8 117 122
2 4 6;5 21 23;0 33 34;2 53 55;6 58 61;0 80 81;0 81 82;0 107 108;8 150 154
0 8 9;3 36 38;2 50 52;8 55 58;0 71 72;3 78 80;0 115 116;0 127 129;2 132 134;8 137 140;8 162 167
0 16 17;3 23 25;7 54 59;5 63 65;5 88 90;6 91 97
2 10 12;0 31 33;8 44 48;1 56 57;3 64 66;6 67 72;8 72 75
1 6 7;0 10 11;6 15 18;6 37 42;6 50 55
0 19 20;0 20 21;3 26 28;0 33 34;1 40 41;0 54 55;3 61 63;8 72 75
0 21 22;0 32 33;1 40 41;0 66 67;1 71 72
0 17 18;0 18 19;1 54 55;0 65 66;0 81 82;0 82 83
1 2 3
5 5 7;0 24 25;0 25 26;3 48 50;0 64 65;0 65 66;1 73 74;8 83 86;1 86 87
0 8 9;0 9 10;1 21 22;6 30 33;0 42 43;0 51 53;1 56 57;0 61 62
1 6 7;6 44 50;0 53 54;5 58 60;6 93 98
0 8 9;0 25 27;0 53 54;6 73 77;1 77 78;8 83 87;1 89 90;1 111 112;1 134 135
1 40 41;0 46 47
6 52 55;0 60 62;3 64 66;6 75 80;6 84 89
5 6 8;0 27 28;1 34 35;2 56 58;1 69 70
0 10 11;2 17 19;0 26 27;0 36 37;0 54 56;1 65 66;6 76 79;1 83 84;5 91 93
7 13 18;6 18 21;0 31 33;0 34 35;0 35 36;5 50 52;1 54 55;1 70 71;0 78 79;6 79 82;6 92 96;5 102 104;0 110 111;1 114 115
6 6 11;0 18 20;1 29 30;0 33 34;0 34 35;9 50 55;1 63 64
8 6 11;5 13 15;0 24 25;1 33 34;8 43 48
5 6 8;0 15 17;0 24 25;0 36 37;2 42 44;0 63 64;0 64 65;0 90 92;0 116 118
6 19 23;1 55 56;0 60 61;0 75 76
8 2 6;2 47 49;8 52 56;0 110 111
0 16 17;1 29 30;1 34 35;1 41 42;8 51 54
6 16 19;0 81 82;1 90 91
0 40 41;0 41 42;3 58 60;1 73 74;8 81 86;6 86 89;0 100 101;0 101 102
6 2 5;1 14 15;5 30 32;6 33 38
0 7 8;0 29 30;6 44 49;0 49 50;0 50 51;6 51 54;6 65 70;0 77 78;0 78 79;6 79 82
0 7 8;2 13 15;0 25 26;0 26 27;1 32 33;9 41 46;1 69 70;8 75 78;0 89 90;0 90 91;3 96 98;3 103 105;8 106 110
1 16 17;6 25 30;6 33 38;1 48 49;6 52 55;5 61 63;2 65 67;1 74 75;6 76 81
5 6 8;1 18 19;0 46 48;2 55 58;0 68 69;0 69 70;6 70 73
6 44 49
0 13 14;1 18 19;1 31 32;5 34 36;8 38 42;1 44 45;8 52 57
0 7 8;0 22 23;1 38 39;8 48 52;6 56 60;1 62 63;6 80 84;6 110 115;5 117 119;6 120 126
0 7 8;0 27 28;3 32 34;8 42 47;1 55 56;6 62 67;6 72 77
8 16 20;0 24 25;8 42 45;0 78 79;1 103 104
2 4 6;1 17 18;6 36 41
2 7 9;5 40 42;8 54 58;3 58 60;6 65 69;1 91 92
0 18 19;0 27 28;1 67 68;1 82 83;1 103 104
0 15 16;0 16 17;1 22 23;1 25 26;0 31 32;8 78 82;6 82 85;0 86 87;0 102 103;0 112 113;0 113 114;1 121 122;1 139 140
0 21 22;0 29 31;0 34 35;1 42 43;0 52 54;0 61 62;0 62 63;1 70 71
0 10 11;0 29 30;0 30 31;3 36 38;6 47 52;1 70 71;6 72 77;6 82 88
0 7 8;0 22 23;0 33 34;0 34 35;6 35 38;7 51 56;6 71 75
0 10 11;0 11 12;1 19 20;0 23 24;0 49 50;6 64 69;0 87 88;1 92 93;0 107 109;1 114 115
0 2 3;6 41 46;1 50 51
0 2 3;0 32 33;6 42 45;6 59 62;6 67 70
6 2 5;3 11 13;6 28 33
0 2 3;2 16 18;8 21 24;0 27 29;0 44 46;5 56 58;0 63 65;1 83 84
0 2 3;5 18 20;0 31 32;1 43 44;5 64 66;0 74 75;0 75 76;6 76 79;0 84 85;0 100 101;0 117 118;6 146 150;1 159 160
1 4 5;0 15 16;0 33 34;1 40 41;5 54 56;1 62 63
8 9 13;8 41 46;1 46 47;8 50 55;0 57 59;3 61 63;0 78 79;1 108 109;6 110 114;0 120 121;7 134 140
8 4 8;1 23 24;8 27 32;6 34 37;1 39 40;0 55 56
0 2 3;0 28 29;0 29 30;0 51 53;0 56 57;0 57 58;0 72 74
0 2 3;0 26 28;1 37 38;0 64 66;6 79 82;6 81 86
0 2 3;5 34 36;1 54 55;1 71 72;6 93 97;0 97 98;5 98 100
0 2 4;3 6 8;5 15 17;0 24 25;0 49 51;6 81 85;1 89 90
1 2 3;6 37 42
0 17 19;3 46 48;5 59 61;5 67 69
4 40 42;4 42 44
1 12 13;0 16 17;1 23 24;0 27 28;2 34 35
1 12 13;6 16 21;0 43 45;2 54 55
6 2 7;6 30 35;0 38 39;0 39 40;3 45 47;8 56 60;1 74 75;1 90 91;2 95 96
6 15 20;8 20 24;6 27 32;0 35 36;0 36 37;1 44 45;0 70 72;2 88 89
5 4 6;0 15 17;9 37 39;3 40 42;0 44 46;0 57 59;1 64 65;2 78 79
0 15 17;0 24 25;9 42 44;8 60 64;8 73 77;2 79 80
6 2 5;1 12 13;6 26 30;6 50 55;2 61 62
6 4 7;0 23 24;0 34 35;0 35 36;2 41 42
2 28 31;0 37 38;0 43 44;0 53 54;0 54 55;1 58 59;2 63 64
2 31 32
6 14 17;2 17 19;6 30 34;2 41 42
5 12 14;8 26 29;1 63 64;2 66 67
9 20 22;8 22 26;6 36 40;5 40 42;2 46 47
0 15 16;1 32 33;2 37 39;6 42 45;6 53 58;2 66 67
2 28 30;6 33 36;0 52 53;1 57 58;2 62 63
2 26 28;3 35 37;2 39 40
6 36 41;2 75 76
0 22 23;8 43 46;0 52 53;1 57 58;2 62 63
2 16 18;6 22 27;0 39 40;0 40 41;4 44 46;2 49 50
8 13 16;6 21 24;6 62 67;0 82 83;2 93 94
8 16 20;6 22 25;7 47 48;2 56 58;3 65 67;2 69 70
0 29 30;1 34 35;2 39 40
0 12 13;0 13 14;1 19 20;1 22 23;0 28 29;2 54 56;8 59 63;8 63 66;6 66 71;2 76 77
2 21 23;2 40 41
3 29 31;0 38 39;2 48 49
6 8 11;0 24 25;2 30 32;5 57 59;2 61 62
0 12 13;0 26 27;2 54 56;8 59 63;8 63 66;2 77 78
0 13 14;1 28 29;5 45 47;6 51 54;0 62 63;2 74 75
6 31 36;2 38 39
2 17 19;8 22 26;8 26 29;0 35 36;0 36 37;1 40 41;2 45 46
6 40 45;2 47 48
1 15 16;3 36 38;0 43 44;6 44 47;1 47 48;2 52 53
2 25 27;6 30 33;1 36 37;1 45 46;2 55 56
6 10 14;6 22 27;8 38 42;1 50 51;2 69 70
2 5 7;0 7 9;0 31 32;5 32 34;0 43 44;3 50 52;1 59 60;2 64 65
2 31 32
0 9 10;0 10 11;1 28 29;6 37 42;2 46 47
0 10 11;6 11 14;8 25 28;6 28 33;5 33 35;2 41 42
0 21 22;0 22 23;8 35 39;0 43 45;0 51 52;1 56 57;2 61 62
6 4 7;3 11 13;0 16 17;0 17 18;0 34 36;6 54 57;5 68 70;8 76 80;6 80 83;0 92 93;1 97 98;2 102 103
6 17 20;7 28 34;0 39 40;2 51 52
6 10 15;2 18 21;0 29 31;2 34 36;8 39 42;6 42 47;2 51 52
0 10 12;0 47 49;6 73 76;0 87 88;1 92 93;2 97 98
2 61 62
0 11 12;0 12 13;1 25 26;2 30 31
2 5 7;0 7 9;6 15 18;0 28 29;1 33 34;2 38 39
1 18 19;2 21 22
8 11 14;1 21 22;5 25 27;6 52 55;1 57 58;0 73 74;0 93 94;0 94 95;6 137 140;6 166 171;1 178 179;6 180 184;6 195 198;5 205 207;2 211 212
0 6 8;6 22 25;2 25 27;8 46 49;2 53 54
6 2 5;5 9 11;6 18 22;1 48 49;1 51 52;2 54 56;8 59 63;6 63 66;2 66 68;0 77 78;2 88 89
2 12 14;2 27 30;2 52 54;6 57 60;6 62 67;2 74 75
0 26 27;3 33 35;1 42 43;2 47 48
6 2 5;3 8 10;3 14 16;8 30 34;2 39 40
6 4 7;3 22 24;2 28 29
6 4 7;1 21 22;2 26 27
5 8 10;1 12 13;6 15 20;8 20 24;6 24 27;1 27 28;6 29 33;2 37 38
6 8 12;8 18 22;2 24 25
1 4 5;1 22 23;2 31 33;3 40 42;2 44 45
6 13 18;2 24 25
6 4 7;3 13 15;0 19 20;1 44 45;2 53 56;6 59 62;5 68 70;2 74 75
2 11 13;6 16 19;2 42 43
2 12 14;2 27 30;0 36 37;0 54 55;0 66 67;8 67 70;8 94 98;0 98 99;0 99 100;0 108 109;2 115 116
6 16 19;0 20 21;2 30 31
8 4 7;6 25 30;2 34 36;5 39 41;2 45 46
6 2 5;5 12 14;0 18 19;2 28 29
6 2 5;1 12 13;6 26 30;6 50 55;2 61 62
6 4 7;0 23 24;0 34 35;0 35 36;2 41 42
0 2 3;5 28 30;1 32 33;2 35 36
1 31 32;2 45 46
0 6 8;8 26 31;1 47 48;2 52 53
5 34 36;2 38 39
8 7 10;2 32 33
0 6 8;5 18 20;2 22 24;3 30 32;1 42 43;2 56 57
6 18 23;8 27 30;2 41 42
8 2 5;3 15 17;0 24 25;5 29 31;2 35 36
6 4 7;7 18 23;2 23 25;0 39 40;1 44 45;2 49 50
2 31 32
0 2 3;5 17 19;2 35 36
2 30 31
0 2 3;6 23 26;2 33 34
0 2 3;2 8 10;5 13 15;6 22 26;3 41 43;0 57 58;0 58 59;2 62 63
5 8 10;6 20 25;5 31 33;0 39 40;0 40 41;1 44 45;2 49 50
0 2 3;5 3 5;5 24 26;8 27 31;0 33 34;2 43 44
0 2 3;5 3 5;6 15 19;6 28 31;0 34 35;0 35 36;6 36 39;2 41 42
0 2 3;2 16 18;6 21 24;1 26 27;0 39 40;0 40 41;4 44 46;2 49 50
5 25 27;2 31 32
8 13 16;6 23 27;2 35 36
0 18 19;8 33 37;2 39 40
0 13 14;6 18 21;2 35 36
0 12 13;2 32 33
8 28 31;2 42 43
8 2 6;0 10 11;8 25 28;8 45 48;2 52 53
5 4 6;0 11 13;0 28 29;2 36 37
5 12 14;5 22 24;2 28 29
0 6 8;2 33 34
0 2 3;8 12 16;6 16 19;1 31 32;6 33 38;2 40 41
8 15 19;0 25 26;1 30 31;2 35 36
2 4 6;2 16 18;0 26 27;5 31 33;2 37 38
8 14 18;1 18 19;2 23 24
2 18 19
6 9 12;8 25 29;0 42 43;2 53 54
6 2 5;1 12 13;6 26 30;6 50 55;2 61 62
6 4 7;0 23 24;0 34 35;0 35 36;2 41 42
0 23 24;2 34 35
2 47 48
6 2 5;2 26 27
0 2 3;0 9 11;0 12 13;2 29 30
2 4 6;5 37 39;5 49 51;0 76 77;1 81 82;2 86 87
0 2 3;0 9 11;0 12 13;2 29 30
2 5 7;0 7 9;0 28 29;0 39 40;2 50 51
0 32 34;2 43 44
2 51 52
2 4 6;0 24 25;2 35 36
6 25 30;2 32 33
0 6 8;7 13 18;8 23 26;1 31 32;6 47 50;0 56 57;2 68 69
6 14 17;2 33 34
0 2 3;6 36 41;6 54 59;0 69 70;2 80 81
8 4 7;1 11 12;6 19 24;1 28 29;0 34 35;0 44 45;2 53 54
6 2 5;5 12 14;0 25 26;2 33 34
6 2 5;1 12 13;6 26 30;6 50 55;2 61 62
6 4 7;0 23 24;0 34 35;0 35 36;2 41 42
0 16 17;2 27 28
2 47 48
6 2 5;2 26 27
0 2 3;0 9 11;0 12 13;2 29 30
2 4 6;5 37 39;5 49 51;0 76 77;1 81 82;2 86 87
5 4 6;8 32 36;2 42 43
2 45 46
8 16 20;2 37 38
0 2 3;0 9 11;0 12 13;2 29 30
0 2 3;0 9 11;0 12 13;2 18 20;8 30 34;2 46 47
8 9 13;1 19 20;6 21 25;2 29 30
6 4 7;1 7 8;6 9 13;2 17 18
6 2 5;2 5 7;2 46 47
0 6 8;3 13 15;2 26 28;6 54 59;0 62 63;1 67 68;2 72 73
1 7 8;2 10 12;0 27 28;2 37 38
2 24 25
1 25 26;6 33 36;1 43 44;6 57 61;6 81 86;2 92 93
6 4 7;0 23 24;0 34 35;0 35 36;2 41 42
0 18 19;2 29 30
1 30 31;2 49 50
6 2 5;2 26 27
0 2 3;0 9 11;0 12 13;2 29 30
2 4 6;5 37 39;5 49 51;0 76 77;1 81 82;2 86 87
1 24 25;2 29 31;2 39 40
6 6 9;1 9 10;6 11 15;2 19 20
6 8 12;8 17 21;2 33 34
0 19 20;8 36 41;1 41 42;2 46 47
0 2 3;0 9 11;0 12 13;2 29 30
2 13 15;0 15 17;0 25 26;2 36 37
0 26 27;2 50 51
2 5 7;0 7 9;6 12 15;2 17 19;8 22 25;0 31 32;2 43 44
2 2 4;8 7 10;6 23 28;8 56 60;8 60 63;0 69 70;0 70 71;1 74 75;2 79 80
1 8 9;1 13 14;7 21 26;6 35 39;6 58 63;2 67 68
3 22 24;8 25 29;2 61 62
0 24 26;1 29 30;2 34 35
0 13 14;6 26 29;1 36 37;6 50 54;6 74 79;2 85 86
6 4 7;0 23 24;0 34 35;0 35 36;2 41 42
0 23 24;2 34 35
2 47 48
6 2 5;2 26 27
0 2 3;0 9 11;0 12 13;2 29 30
2 4 6;5 37 39;5 49 51;0 76 77;1 81 82;2 86 87
0 12 13;0 13 14;0 30 31;1 35 36;2 40 41
6 37 42;1 51 52;8 56 60;8 65 68;2 83 84
0 6 8;7 13 18;8 23 26;1 31 32;6 47 50;0 56 57;2 67 68
6 8 11;6 23 28;0 31 32;2 39 40
6 27 30;2 40 41
1 11 12;2 25 27;5 30 32;2 36 37
8 13 18;0 20 21;1 25 26;2 30 31
6 2 5;6 8 11;0 17 18;2 27 28
6 22 27;8 30 35;3 37 39;0 49 50;8 54 57;2 59 60
6 2 5;1 12 13;6 26 30;6 50 55;2 61 62
6 4 7;0 23 24;0 34 35;0 35 36;2 41 42
1 14 15;0 30 31;2 41 42
2 40 41
6 2 5;2 26 27
0 2 3;0 9 11;0 12 13;2 29 30
2 4 6;5 37 39;5 49 51;0 76 77;1 81 82;2 86 87
0 7 9;0 10 11;0 34 36;0 42 43;2 53 54
0 7 9;0 12 13;0 25 26;2 36 37
5 8 10;0 15 17;0 18 19;0 19 20;6 20 23;3 33 35;0 56 58;0 63 64;2 81 82
0 2 3;0 9 11;0 12 13;0 33 34;0 46 47;2 56 57
2 5 7;0 7 9;6 12 15;2 17 19;8 22 25;0 31 32;2 43 44
2 4 6;8 9 12;6 25 30;6 42 47;6 49 52;0 62 63;1 67 68;2 72 73
5 8 10;6 26 32;0 35 36;0 36 37;3 42 44;8 49 53;8 53 56;0 62 63;0 63 64;1 67 68;2 72 73
2 11 13;2 37 38
0 41 42;0 42 43;6 54 57;1 59 60;2 86 87
6 2 5;1 12 13;6 26 30;6 50 55;2 61 62
6 4 7;0 23 24;0 34 35;0 35 36;2 41 42
6 4 7;1 9 10;8 15 18;0 28 29;1 33 34;2 38 39
0 12 13;0 13 14;0 21 22;2 28 29
0 31 32;8 36 39;2 41 42
6 18 23;2 25 26
6 4 7;1 9 10;0 24 25;2 34 35
7 13 18;6 33 37;1 45 46;3 53 55;0 57 59;2 64 66;3 73 75;2 77 78
1 16 17;0 34 35;2 45 46
1 10 11;6 20 25;0 33 35;1 40 41;2 50 51
1 4 5;1 18 19;0 34 35;5 39 41;2 45 46
1 20 21;0 36 38;0 39 40;0 50 51;2 57 58
8 12 16;6 21 25;2 42 43
0 10 12;8 27 30;2 32 33
2 29 30
6 15 20;1 27 28;2 37 38
6 2 5;3 8 10;6 14 19;0 27 29;2 37 38
2 2 4;6 20 25;0 33 35;2 45 46
2 4 6;8 21 25;8 47 50;2 52 53
6 17 20;1 24 25;2 29 30
0 23 24;0 24 25;1 30 31;2 33 34
9 9 11;2 40 41
6 2 5;0 15 16;0 16 17;2 36 37
5 8 10;0 18 19;1 30 31;0 58 59;2 70 71
8 4 7;0 22 23;5 27 29;2 33 34
0 2 3;0 27 28;0 43 44;2 54 55
6 25 28;3 34 36;6 37 42;6 42 45;2 55 56
0 18 19;0 29 30;0 30 31;2 36 37
1 13 14;2 27 28
0 18 19;0 19 20;1 23 24;2 28 29
6 2 5;1 7 8;0 14 15;0 15 16;0 25 26;2 32 33
8 28 32;0 40 41;0 41 42;1 47 48;2 50 51
2 36 37
0 10 11;0 11 12;1 37 38;2 42 43
0 2 3;0 3 4;3 11 13;0 30 31;2 38 39
6 14 17;6 36 40;2 45 46
6 4 7;2 39 40
0 7 8;0 25 27;0 37 39;0 40 41;0 41 42;1 45 46;1 50 51;0 63 65;0 66 67;6 80 85;0 85 86;8 86 89;0 94 96;9 100 103;0 120 122;0 136 137;2 152 154;0 154 156;8 165 168;6 171 175;8 175 178;2 182 183
4 40 42;1 55 56;0 59 60;6 80 85;2 87 88
6 3 8;2 29 30
0 21 22;0 22 23;0 28 29;1 29 30;0 45 46;0 46 47;0 52 53;1 53 54;8 61 65;0 65 66;2 90 91
6 2 5;0 6 7;0 34 35;6 52 55;1 70 71;2 93 94
0 2 4;3 6 8;0 13 14;3 32 34;0 37 38;0 59 60;0 77 78;2 88 89
6 4 7;0 21 22;7 36 41;2 58 59
2 29 31;6 34 37;2 37 39;8 54 59;6 68 73;8 101 105;8 111 115;7 118 123;2 141 142
6 4 7;3 11 13;9 30 33;8 42 46;0 48 49;0 49 50;6 50 53;5 78 80;1 82 83;0 86 87;0 100 101;1 105 106;2 110 111
1 2 3;2 8 11;6 14 17;2 19 21;0 28 29;0 36 37;0 47 48;2 54 55
6 21 24;6 49 52;4 58 60;6 60 63;6 62 66;5 74 76;6 79 84;5 96 98;1 101 102;6 123 126;0 148 149;2 159 160
8 9 13;6 20 23;9 37 42;3 50 52;8 53 57;6 59 62;7 70 75;2 77 78
5 4 6;5 37 39;3 46 48;3 65 67;8 68 72;1 86 87;2 118 120;6 123 126;0 137 139;8 145 150;1 150 151;2 155 156
6 4 7;3 11 13;1 27 28;5 36 38;8 43 47;0 51 53;1 56 57;6 66 71;2 73 74
0 9 11;0 20 21;2 35 37;8 40 43;6 55 60;8 66 71;0 71 72;8 72 75;1 93 94;0 101 102;2 112 113
5 6 8;1 25 26;1 39 40;6 48 53;0 60 61;0 78 79;6 110 115;0 128 129;2 139 140
1 17 18;1 26 27;2 40 42;0 51 52;0 52 53;6 53 56;8 73 76;0 79 80;0 80 81;8 103 107;6 120 123;1 126 127;0 138 139;0 148 149;2 155 156
1 19 20;1 32 33;0 39 40;6 44 47;0 50 51;8 55 58;0 61 62;0 62 63;2 85 86
2 5 8;2 13 15;0 22 24;0 38 39;0 39 40;6 40 43;6 63 67;2 67 69;0 78 79;0 79 80;6 80 83;0 88 89;5 89 91;0 96 98;1 103 104;6 125 128;1 141 142;1 156 157;2 177 178
6 18 24;8 24 28;2 60 62;0 88 89;2 94 96;1 127 128;1 154 155;8 158 163;1 168 169;5 176 178;0 213 214;0 214 215;1 218 219;2 223 224
0 12 13;0 13 14;2 41 43;0 50 51;5 55 57;0 78 79;3 83 85;2 89 90
6 11 14;1 16 17;8 24 29;0 45 47;6 53 56;2 58 60;6 76 79;1 89 90;6 91 96;2 98 99
8 22 26;5 55 57;1 62 63;8 77 81;9 84 88;6 94 98;2 100 101
6 2 5;7 11 12;0 16 17;8 24 28;8 53 57;6 66 70;2 87 88
7 4 5;0 38 39;8 49 53;0 57 58;0 82 83;0 83 84;1 91 92;1 101 102;0 126 127;0 127 128;2 156 157
0 16 18;0 27 28;0 44 45;5 49 51;0 58 59;0 59 60;1 65 66;1 68 69;0 74 75;2 123 124
2 10 12;1 17 18;0 39 40;0 49 50;2 56 57
8 10 13;5 22 24;8 34 37;0 43 44;1 48 49;2 53 54
1 14 15;1 21 22;6 50 53;0 73 74;8 74 77;2 95 96
2 10 12;0 21 22;0 30 32;6 35 38;2 38 40;1 62 63;8 64 68;2 70 71
6 2 5;1 7 8;8 11 15;1 21 22;6 29 32;1 34 35;0 43 44;0 51 52;0 52 53;1 60 61;0 64 65;0 65 66;2 71 72
0 14 16;2 44 45
2 10 12;0 21 22;0 30 32;2 46 48;8 63 66;2 101 102
0 6 8;0 18 20;0 23 25;6 32 36;0 38 40;0 43 45;8 51 55;6 59 63;0 63 64;0 84 85;8 85 88;2 107 108
6 10 13;0 14 15;0 38 40;2 71 73;0 73 75;2 94 96;6 105 109;1 113 114;2 127 128
6 4 7;8 28 32;8 40 44;9 52 56;0 69 70;2 80 81
6 4 7;3 11 13;1 24 25;8 55 59;2 61 63;1 70 71;0 76 77;6 89 94;6 94 97;2 97 99;1 106 107;8 109 113;8 118 121;8 121 125;2 147 148
6 31 34;8 36 40;7 46 51;8 64 68;6 84 87;6 89 94;2 98 100;6 109 113;1 120 121;2 125 126
2 8 10;0 19 20;0 28 30;5 66 68;6 73 77;2 94 95
6 14 19;0 22 23;6 27 30;1 51 52;5 55 57;8 62 66;6 74 79;6 91 94;2 119 120
0 6 7;8 16 19;1 21 22;6 28 33;0 36 37;1 43 44;1 67 68;5 71 73;6 78 82;6 112 115;8 140 143;1 145 146;1 155 156;8 162 166;5 182 184;2 190 192;8 222 226;6 235 238;1 261 262;8 267 271;6 280 283;8 297 301;2 303 304
0 14 16;8 35 38;2 51 53;0 72 73;2 94 95
6 4 7;3 11 13;1 28 29;6 56 59;1 61 62;0 80 81;8 92 96;5 96 98;6 108 111;2 121 122
8 34 38;0 42 43;6 52 55;8 69 73;8 76 80;1 80 81;2 85 86
0 12 13;5 13 15;0 21 22;0 22 23;6 35 38;6 66 70;8 81 85;6 102 105;1 107 108;6 114 119;6 125 130;8 130 134;6 159 162;1 207 208;0 225 226;1 230 231;2 235 236
5 6 8;2 19 21;1 49 50;0 61 62;0 69 71;0 72 73;2 114 115
1 8 9;0 39 40;0 40 41;5 54 56;0 59 60;0 95 96;2 123 124
0 6 8;0 9 10;6 33 38;3 51 53;8 64 67;0 68 69;8 83 86;8 94 98;2 104 105
0 12 13;6 39 43;0 57 58;2 81 82
0 6 8;0 19 21;0 24 25;6 43 46;1 48 49;1 60 61;6 64 67;6 77 80;1 92 93;5 102 104;1 125 126;6 131 134;1 140 141;2 145 146
0 9 11;6 17 22;6 37 42;2 59 60
0 2 3;8 3 6;1 24 25;6 45 48;6 52 55;1 59 60;5 80 82;2 86 87
9 29 33;2 44 46;0 46 48;6 51 54;1 61 62;7 75 80;6 85 89;2 95 96
8 4 7;0 13 14;0 31 33;0 42 44;2 52 53
2 30 32;0 45 46;1 50 51;8 62 65;5 70 72;2 76 77
6 4 7;0 24 25;0 25 26;6 42 47;8 47 51;0 55 56;0 56 57;6 57 60;3 62 64;8 74 77;8 85 89;5 89 91;2 95 96
2 28 30;2 36 38;8 41 45;2 48 50;0 50 52;2 61 63;0 63 65;6 76 81;8 81 85;6 98 101;6 112 116;2 125 126
8 4 7;1 11 12;2 25 27;0 35 36;1 46 47;1 57 58;0 67 68;1 72 73;2 77 78
6 22 27;8 30 35;3 37 39;0 49 50;8 54 57;2 59 60
0 5 6;1 29 30;0 50 51;0 60 61;2 67 70;4 73 75;6 91 94;2 104 105
6 2 5;0 15 16;0 16 17;1 22 23;1 25 26;0 31 32;8 45 48;6 55 60;0 63 64;0 64 65;3 70 72;3 77 79;8 80 84;9 87 89;1 100 101;3 106 108;6 126 131;8 148 152;9 153 155;0 159 161;2 170 172;1 179 180;6 181 186;0 189 190;6 212 216;2 222 223
6 2 5;8 5 9;0 14 15;6 30 35;1 46 47;2 51 53;1 60 61;6 62 67;1 84 85;0 106 107;1 135 136;6 137 142;0 145 146;2 183 184
6 2 5;6 5 9;0 15 16;0 53 54;0 54 55;3 58 60;5 67 69;3 84 86;0 89 90;1 105 106;6 107 112;0 115 116;6 129 135;2 146 147
6 2 5;6 5 9;1 29 30;0 33 34;0 44 45;6 58 62;0 69 70;0 70 71;1 76 77;9 85 90;2 113 115;1 122 123;6 124 129;0 132 133;1 144 145;0 149 150;6 159 162;2 172 173
6 2 5;6 5 9;5 9 11;0 15 17;0 18 19;6 30 33;1 43 44;6 49 53;6 61 66;0 69 70;0 70 71;3 76 78;0 83 84;1 99 100;6 101 106;0 109 110;0 128 130;1 137 138;8 147 151;8 151 154;1 159 160;2 164 165
8 20 24;0 26 27;0 27 28;1 33 34;1 36 37;0 42 43;0 52 53;0 69 70;5 106 108;2 112 113
0 5 6;1 9 10;0 30 31;6 61 66;6 79 84;2 94 95
0 8 9;2 24 26;0 26 28;6 39 42;1 48 49;6 50 55;3 60 62;2 66 68;6 73 76;2 88 89
5 4 6;5 11 13;1 19 20;3 38 40;8 48 52;5 52 54;1 64 65;2 67 69;2 75 77;1 82 83;0 89 90;2 99 100
0 11 13;0 18 19;0 30 31;8 31 34;0 37 39;1 55 56;0 63 64;5 68 70;2 74 75
8 36 40;6 47 52;6 52 55;2 65 66
1 22 23;0 27 28;8 39 43;8 43 46;1 51 52;2 56 57
2 9 12;6 15 19;8 36 40;0 45 46;2 65 66
6 4 7;0 35 36;0 36 37;6 37 40;1 48 49;6 51 54;2 80 81
6 4 7;6 35 38;2 65 66
3 13 15;8 20 24;0 26 27;0 27 28;3 33 35;0 40 41;1 65 66;6 67 72;2 74 75
6 2 5;1 8 9;0 13 14;2 45 47;3 54 56;0 71 72;2 100 101
6 4 7;1 9 10;6 16 21;7 28 33;2 43 44
6 2 5;5 16 18;8 30 34;1 42 43;0 51 52;0 62 63;2 69 70
0 18 19;6 28 31;0 40 41;0 49 50;2 56 57
6 2 5;0 21 22;0 48 49;0 49 50;6 53 56;0 57 58;0 58 59;3 64 66;0 82 84;5 87 89;2 93 94
2 4 6;8 9 12;1 17 18;0 22 23;8 34 38;1 40 41;8 52 56;6 72 76;1 91 92;6 102 107;2 113 114
0 15 16;5 42 44;4 57 59;6 63 68;0 71 72;6 97 100;0 101 102;0 102 103;6 103 106;0 116 118;1 127 128;2 145 146
8 20 24;6 30 33;8 34 38;6 41 47;6 47 50;6 50 54;1 70 71;2 91 92
2 5 8;3 17 19;5 36 38;8 40 44;1 50 51;0 70 72;6 89 92;8 99 102;2 113 114
0 9 10;8 27 31;0 42 44;8 58 61;2 63 64
0 13 15;6 18 21;0 33 34;0 53 55;0 64 65;0 65 66;6 66 69;5 77 79;6 87 90;1 97 98;1 110 111;7 112 117;6 122 126;2 132 133
8 11 14;0 21 22;0 22 23;8 41 45;0 47 48;0 48 49;1 54 55;1 57 58;8 65 69;0 71 72;8 90 94;3 94 96;0 99 100;1 126 127;2 131 132
0 8 9;6 39 43;0 62 63;0 63 64;0 80 81;0 88 89;2 94 96;6 121 124;1 126 127;9 134 138;2 151 152
8 2 6;3 6 8;0 13 14;1 31 32;6 38 43;6 53 58;8 58 62;6 65 69;2 85 86
8 4 8;3 8 10;0 15 16;0 16 17;0 54 55;0 55 56;6 56 59;5 70 72;8 92 95;2 106 107
6 2 5;2 7 9;1 41 42;0 47 48;0 59 60;1 84 85;6 97 101;0 128 129;2 139 140
0 15 17;0 18 19;0 38 39;6 52 55;1 79 80;8 85 89;6 102 105;2 107 109;0 122 123;8 127 130;2 132 133
0 7 8;1 42 43;1 47 48;1 84 85;6 92 95;2 105 106
4 40 42;4 42 44
1 12 13;0 16 17;1 23 24;0 27 28;2 34 35
0 7 9;6 21 26;0 54 55;6 70 74;2 80 81
6 2 5;0 27 28;6 61 66;3 79 81;6 86 91;5 110 112;3 114 116;1 135 136;3 141 143;6 152 155;1 157 158;0 170 171;2 181 182
6 12 17;6 19 22;0 29 30;0 39 40;0 51 53;0 58 59;5 72 74;6 87 90;6 91 95;5 97 99;0 108 109;1 113 114;2 118 119
0 23 24;1 57 58;1 60 61;6 85 90;0 98 100;2 109 110
2 12 14;2 19 22;6 25 28;2 34 37;0 95 96;6 100 103;2 133 135;6 138 141;4 145 147;0 181 182;2 192 193
0 2 3;2 13 15;6 56 61;6 71 74;1 90 91;1 93 94;0 118 120;1 123 124;2 129 130
0 10 11;7 44 49;5 64 66;2 78 81;6 84 88;8 88 91;2 95 97;1 114 115;6 121 126;2 143 144
6 21 24;1 35 36;8 44 48;5 58 60;1 68 69;2 76 78;7 81 86;5 88 90;0 126 127;2 137 138
1 20 21;1 46 47;8 50 54;6 57 61;2 78 79
0 22 23;8 37 41;5 41 43;2 77 80;6 93 97;1 108 109;1 128 129;1 132 133;2 137 138
5 6 8;1 10 11;2 18 21;6 24 27;1 29 30;6 84 87;0 95 96;6 107 111;1 113 114;6 116 119;2 145 146
6 4 7;1 25 26;0 29 30;2 36 39;1 49 50;6 58 63;6 68 73;1 77 78;5 85 87;0 91 92;2 102 103
0 9 10;6 42 47;5 89 91;1 103 104;8 110 114;1 121 122;1 127 128;1 146 147;0 150 151;1 157 158;0 163 164;8 173 177;1 184 185;0 192 193;1 214 215;1 226 227;1 262 263;0 279 280;0 280 281;1 288 289;6 294 297;1 299 300;6 307 312;6 316 321;2 323 324
6 14 17;0 38 39;2 63 65;6 68 71;1 73 74;0 80 81;0 91 92;0 92 93;2 98 99
2 16 18;7 59 65;5 69 71;2 75 76
0 15 16;3 30 32;6 35 40;0 58 59;0 66 67;8 71 74;1 78 79;0 82 83;1 106 107;1 118 119;2 125 128;6 131 134;6 145 150;2 152 153
6 4 7;2 7 9;6 25 29;5 29 31;0 38 39;7 57 62;1 76 77;2 82 85;8 98 102;5 102 104;9 132 137;0 138 139;8 150 154;2 165 167;8 170 174;8 187 192;0 194 195;8 220 224;0 235 236;2 246 247
3 4 6;6 14 19;5 24 26;0 30 31;1 60 61;2 66 69;6 72 75;0 76 77;5 109 111;0 121 122;5 126 128;6 131 134;0 146 147;0 147 148;6 148 151;1 151 152;2 156 157
3 19 21;6 24 29;0 65 66;0 75 76;0 76 77;1 80 81;2 85 86
6 4 7;3 25 27;5 32 34;2 57 59;6 62 66;3 80 82;0 85 86;0 86 87;2 92 93
6 4 7;3 18 20;5 25 27;6 50 53;6 54 59;0 62 63;0 63 64;6 64 67;8 92 96;0 104 105;5 141 143;0 189 190;0 190 191;3 196 198;8 217 221;2 223 224
6 19 22;2 30 33;0 40 41;0 41 42;6 65 68;2 74 76;8 79 82;8 105 109;2 111 112
3 4 6;1 20 21;0 41 42;3 50 52;8 53 57;6 65 68;5 77 79;5 89 91;5 100 102;6 128 131;3 135 137;1 141 142;0 160 161;0 201 202;0 211 212;0 212 213;1 216 217;2 221 222
1 15 16;2 24 26;0 33 34;6 50 53;0 66 67;0 81 82;0 92 93;2 99 100
6 8 11;2 11 13;8 29 32;0 45 46;5 46 48;1 58 59;2 70 73;8 76 80;1 94 95;8 105 109;8 130 135;8 142 145;2 152 154;2 195 197;8 200 204;3 204 206;0 209 210;0 222 223;0 223 224;1 227 228;2 232 233
1 8 9;0 42 43;5 73 75;1 77 78;0 91 92;2 122 123
6 4 7;0 23 24;2 51 53;8 64 68;0 74 75;0 75 76;8 87 92;0 107 108;2 114 116;0 116 118;6 121 124;2 124 126;7 141 147;2 152 154;6 163 168;6 195 200;0 203 204;0 204 205;6 205 208;2 232 233
6 4 7;2 7 9;1 15 16;8 30 34;1 34 35;0 40 41;0 49 50;0 65 66;5 70 72;0 77 78;1 84 85;0 97 98;0 98 99;6 111 115;1 115 116;2 121 124;6 127 130;2 130 132;0 139 140;0 153 154;1 158 159;2 163 164
6 26 29;6 54 57;4 63 65;6 65 68;6 67 71;5 79 81;6 84 89;5 101 103;1 106 107;2 112 115;5 118 120;6 140 143;0 151 152;2 161 162
5 34 36;3 43 45;3 62 64;6 65 69;0 69 70;0 101 102;0 102 103;1 115 116;1 127 128;7 136 141;0 173 175;2 177 179;6 182 185;0 196 198;8 204 209;1 209 210;2 214 215
6 14 17;8 42 47;6 57 61;5 61 63;2 67 68
1 10 11;6 33 36;8 44 49;5 69 71;6 72 77;2 86 88;6 91 94;2 94 96;6 107 111;2 118 119
5 39 41;1 60 61;8 62 67;1 101 102;2 106 108;8 111 114;0 125 126;0 139 140;1 144 145;2 149 150
6 4 7;3 11 13;6 17 22;1 36 37;1 50 51;8 52 56;0 60 62;1 69 70;2 72 74;6 87 92;6 97 102;1 120 121;2 127 129;3 135 137;0 143 144;2 153 154
2 21 23;8 37 41;3 41 43;0 48 49;8 65 68;1 70 71;8 76 80;1 90 91;1 94 95;0 102 103;0 103 104;6 113 116;1 118 119;0 133 134;0 134 135;1 138 139;2 143 144
2 21 23;0 32 33;6 59 64;1 71 72;5 91 93;1 100 101;1 103 104;1 106 107;0 116 117;0 117 118;0 127 128;5 128 130;7 144 150;2 155 157;2 172 175;1 180 181;6 196 199;6 207 210;1 212 213;0 219 220;1 224 225;2 229 230
0 2 3;1 30 31;0 36 37;0 55 56;6 68 71;2 71 73;0 73 75;6 78 81;2 108 109
1 10 11;1 25 26;1 37 38;0 47 48;6 52 55;0 58 59;8 59 62;1 80 81;0 88 89;0 89 90;1 93 94;2 98 99
1 10 11;6 20 23;6 24 28;5 28 30;0 42 43;0 43 44;6 44 47;0 60 61;1 67 68;8 79 82;2 84 85
1 12 13;1 24 25;0 30 31;0 31 32;6 48 52;0 59 60;1 66 67;6 74 79;0 82 83;5 87 89;2 94 95
5 6 8;0 27 28;1 34 35;9 41 44;2 52 54;0 67 68;0 78 79;3 93 95;0 102 103;6 103 106;6 115 120;7 127 132;2 153 154
8 8 11;0 22 23;2 48 50;0 65 66;8 83 86;0 92 93;0 93 94;1 97 98;2 102 103
1 4 5;6 7 10;2 10 12;8 15 18;8 30 35;0 56 57;8 74 77;8 84 89;2 89 91;5 101 103;0 115 117;1 134 135;1 145 146;6 148 151;6 155 158;2 168 169
8 8 11;0 22 23;0 23 24;1 51 52;7 54 59;6 64 69;7 69 74;8 84 87;6 95 101;2 101 103;1 109 110;6 112 117;6 117 122;6 126 131;8 131 135;5 135 137;2 165 166
2 8 10;8 13 17;6 24 29;9 35 39;0 76 78;2 94 96;8 124 129;1 144 145;0 165 166;2 176 177
6 4 7;3 11 13;0 20 21;8 36 39;0 49 51;2 58 60;2 78 80;2 94 97;0 116 118;2 123 125;8 144 148;5 148 150;0 159 161;1 176 177;2 190 192;0 192 194;6 197 200;8 208 212;1 212 213;2 217 218
0 12 14;1 21 22;6 23 28;8 33 36;0 37 38;2 67 69;8 84 88;8 88 91;1 96 97;2 101 102
7 4 9;0 24 26;0 34 35;6 44 47;3 70 72;6 96 99;0 102 103;1 116 117;6 132 138;0 141 142;6 151 154;0 155 156;0 175 176;0 185 186;0 186 187;1 190 191;2 195 196
5 6 8;0 27 28;2 60 61
1 19 20;0 25 26;1 32 33;8 38 42;5 42 44;1 48 49;8 52 56;1 58 59;2 68 69
2 33 35;0 35 37;6 43 46;2 52 54;6 57 60;0 63 64;7 74 79;2 84 86;6 89 92;6 96 99;8 103 107;5 107 109;1 113 114;2 123 124
0 2 4;3 6 8;5 26 28;6 32 37;0 60 62;5 67 69;0 79 80;0 91 92;0 92 93;6 108 111;5 117 119;1 121 122;8 129 132;2 134 135
0 15 17;0 18 19;0 19 20;0 37 39;0 55 57;2 62 64;1 71 72;1 93 94;1 105 106;5 126 128;0 134 135;1 139 140;2 144 145
6 2 5;5 31 33;1 40 41;6 43 46;0 47 48;6 65 69;3 71 73;0 94 95;2 105 106
2 7 9;0 9 11;6 14 19;0 27 28;2 69 71;7 88 93;6 112 117;5 117 119;2 121 124;1 140 141;7 155 160;6 163 169;7 169 174;6 176 179;1 185 186;6 188 191;2 217 218
8 21 25;9 30 34;1 68 69;6 89 94;9 95 98;6 121 126;6 128 131;0 140 141;1 145 146;2 150 151
0 29 30;5 49 51;2 58 60;6 63 66;6 76 81;0 86 88;1 105 106;6 120 123;0 135 136;2 142 145;1 167 168;2 172 173
2 4 6;6 15 20;8 20 24;8 27 31;1 35 36;0 39 40;0 46 47;1 47 48;0 51 52;0 52 53;8 83 86;0 87 88;6 100 104;5 106 108;2 110 113;2 130 131
6 6 10;5 12 14;1 16 17;8 33 38;1 45 46;6 56 61;1 68 69;1 76 77;0 80 81;0 87 88;1 88 89;0 92 93;0 93 94;6 105 108;0 121 122;1 128 129;0 139 140;2 150 151
3 45 47;0 52 53;8 64 67;2 78 79
0 6 7;0 33 34;3 54 56;3 60 62;0 65 66;2 85 87;1 98 99;2 131 133;2 152 154;0 154 156;2 175 176
0 8 9;5 9 11;0 14 16;3 23 25;0 64 66;0 82 84;0 85 86;6 103 106;0 117 119;2 128 129
2 37 39;5 44 46;0 51 52;2 62 63
0 22 23;9 28 30;3 31 33;8 45 49;3 64 66;2 70 71
6 4 7;8 11 15;1 40 41;8 44 49;2 53 56;6 59 63;0 74 75;2 85 86
3 27 29;0 61 62;5 75 77;1 79 80;0 83 84;1 97 98;6 105 108;2 118 119
6 27 30;2 57 58
0 7 8;2 17 19;1 24 25;0 45 46;0 59 60;0 72 73;0 92 93;2 121 122
8 20 24;0 29 30;0 48 49;0 81 82;1 88 89;1 103 104;0 114 115;8 131 135;3 139 141;2 160 161
8 20 24;0 29 30;0 48 49;0 49 50;6 50 53;0 83 84;1 90 91;1 105 106;0 116 117;8 133 137;8 142 146;5 172 174;2 178 179
7 4 9;1 17 18;0 33 34;0 44 45;0 45 46;6 46 49;0 66 68;5 81 83;0 88 90;8 93 97;1 103 104;2 127 128
3 45 47;0 52 53;8 64 67;2 78 79
8 14 18;6 24 27;8 28 32;8 36 41;0 55 57;1 64 65;2 80 82;0 82 84;6 87 90;0 91 92;6 122 127;0 135 137;2 146 147
6 2 5;1 8 9;8 23 27;1 71 72;0 80 81;2 93 95;6 98 101;1 113 114;2 121 123;0 128 129;0 142 144;0 148 149;1 174 175;1 184 185;6 201 204;0 205 206;0 225 226;2 234 235
0 2 3;5 3 5;2 15 17;1 24 25;0 28 29;0 36 37;0 37 38;0 45 46;8 66 69;0 85 86;0 86 87;8 104 108;2 110 112;0 122 123;5 147 149;0 152 153;0 167 168;6 179 182;0 183 184;0 203 204;2 214 215
6 8 11;2 13 15;1 26 27;8 44 47;2 47 49;6 70 73;0 74 75;5 84 86;8 98 102;5 102 104;1 108 109;0 115 116;6 157 161;6 175 180;8 196 200;0 210 211;5 215 217;2 221 222
1 24 25;1 39 40;0 47 48;0 68 69;0 75 76;1 76 77;0 80 81;0 81 82;1 93 94;2 116 118;1 129 130;6 138 141;1 143 144;2 161 162
0 8 9;0 24 26;0 27 28;0 56 57;7 69 74;1 98 99;6 102 107;1 119 120;2 122 124;0 132 133;0 133 134;1 137 138;2 142 143
1 16 17;0 30 31;1 56 57;8 60 64;6 67 71;8 71 74;1 81 82;8 85 89;0 93 94;0 118 119;8 123 126;2 130 131
0 11 12;6 25 28;0 30 32;1 42 43;0 46 47;6 75 78;0 79 80;5 89 91;0 96 97;0 97 98;6 110 114;3 116 118;1 135 136;5 141 143;2 154 156;6 159 164;6 164 167;0 168 169;6 209 212;1 214 215;0 229 230;1 234 235;2 239 240
0 7 8;0 8 9;0 16 17;5 31 33;8 73 78;0 80 81;6 102 107;0 107 108;1 112 113;2 131 132
8 2 6;3 6 8;0 13 14;1 31 32;6 38 43;8 53 57;3 57 59;0 64 65;0 65 66;5 85 87;0 91 92;0 108 110;0 111 112;0 112 113;0 143 145;2 154 155
6 2 5;0 6 7;0 30 31;4 47 49;8 68 72;7 72 73;2 80 82;8 94 98;3 98 100;0 105 106;1 135 136;6 137 142;2 144 145
8 8 11;2 18 20;0 20 22;6 25 29;2 33 36;0 46 47;1 53 54;6 71 76;7 76 81;6 100 103;7 110 116;1 120 121;2 125 126
6 13 16;1 29 30;0 33 34;8 55 58;0 74 75;5 75 77;6 108 111;0 117 118;2 128 129
5 8 10;0 18 19;1 30 31;2 45 47;1 52 53;5 98 100;1 104 105;0 111 112;2 140 141
4 40 42;4 42 44
0 9 10;0 10 11;6 11 14;6 20 24;2 30 32;0 32 34;6 37 41;2 46 48;0 48 50;6 56 59;2 80 81
5 6 8;6 13 16;0 18 19;8 30 34;5 34 36;6 55 58;0 59 60;0 67 68;0 84 86;6 99 102;0 103 104;1 108 109;2 113 114
0 12 13;0 34 35;0 35 36;6 51 55;3 68 70;2 85 86
8 2 6;0 17 19;3 24 26;0 29 30;6 41 44;0 52 53;6 66 70;0 75 76;0 76 77;0 86 87;2 93 94
8 4 8;1 8 9;6 18 21;1 29 30;2 45 47;6 50 53;0 54 55;0 77 78;1 82 83;2 87 88
0 2 3;0 20 22;0 32 34;0 35 36;0 36 37;1 40 41;1 45 46;6 60 63;5 95 97;6 101 104;0 118 119;0 132 134;2 143 144
0 13 14;8 18 21;1 21 22;1 29 30;6 44 49;8 51 55;1 55 56;1 99 100;8 106 110;2 124 126;8 161 165;8 171 174;2 185 186
0 2 3;0 20 22;0 32 34;0 35 36;0 36 37;1 40 41;1 45 46;5 53 55;6 59 62;0 71 72;0 72 73;1 76 77;2 81 82
0 7 8;0 8 9;6 9 12;6 18 22;6 33 36;0 40 41;2 54 56;0 69 70;0 93 94;0 94 95;6 95 98;0 112 113;8 126 130;3 130 132;6 140 145;7 145 150;6 165 168;6 171 174;6 178 181;0 203 204;0 240 241;1 245 246;2 250 251
6 12 15;0 16 17;0 24 25;0 42 44;6 57 60;0 61 62;1 68 69;2 73 74
0 8 9;0 25 27;0 47 49;0 50 51;0 59 61;1 90 91;1 93 94;8 107 111;1 113 114;1 131 132;1 134 135;6 137 142;8 142 146;6 153 156;1 165 166;2 170 171
6 12 15;6 40 46;6 76 79;0 87 88;1 94 95;6 102 105;0 113 115;2 124 125
5 6 8;1 43 44;8 97 102;0 113 114;0 114 115;1 134 135;2 139 140
8 4 7;1 11 12;1 23 24;0 27 28;0 28 29;1 50 51;2 53 55;7 62 67;1 71 72;2 76 77
5 4 6;1 8 9;0 37 38;0 45 47;0 48 49;0 58 59;1 70 71;7 83 88;8 95 99;8 99 102;2 113 114
6 2 5;8 23 27;0 31 32;1 45 46;6 47 52;6 74 77;0 78 79;8 102 106;0 110 111;8 146 151;0 151 152;5 152 154;0 159 161;8 164 167;0 168 169;0 176 177;0 177 178;0 188 189;0 201 202;0 209 211;2 216 218;2 236 237
8 4 8;0 16 18;5 23 25;6 39 44;8 44 48;5 48 50;0 69 70;0 70 71;0 87 88;1 94 95;0 98 99;2 105 106
0 15 17;5 27 29;0 34 35;0 42 43;6 54 57;2 67 69;6 72 75;1 78 79;0 90 91;2 102 103
0 11 13;0 18 19;0 30 31;8 31 34;0 37 39;0 54 55;6 66 69;0 70 71;8 80 83;0 86 87;0 87 88;6 88 91;0 98 99;6 113 116;0 117 118;8 143 147;2 149 150
6 12 16;3 18 20;6 36 40;3 42 44;5 60 62;2 66 67
2 4 6;8 9 12;8 12 16;0 32 33;0 52 53;0 53 54;3 59 61;6 74 79;8 79 83;0 87 88;6 97 101;6 105 109;2 117 118
0 2 3;0 19 21;1 30 31;0 34 35;3 48 50;2 54 56;0 59 61;3 63 65;0 77 79;7 82 87;0 99 101;3 103 105;2 129 130
2 28 30;2 36 38;8 41 45;0 49 51;0 52 53;5 53 55;8 83 86;1 87 88;0 91 92;0 104 105;0 105 106;6 106 109;6 115 118;1 125 126;1 138 139;7 140 145;6 150 154;2 160 161
6 10 13;0 17 18;6 27 32;8 32 36;0 40 41;1 54 55;6 56 62;0 85 86;0 92 93;1 93 94;0 97 98;0 98 99;6 110 113;0 121 122;1 128 129;8 151 155;6 160 164;8 181 185;6 188 193;1 200 201;0 206 207;0 207 208;6 208 211;6 225 230;6 230 235;1 235 236;2 240 241
1 15 16;6 21 25;6 33 36;2 60 62;6 65 68;1 70 71;0 77 78;0 88 89;2 95 96
5 6 8;2 16 18;1 25 26;0 70 71;0 71 72;6 72 75;0 85 86;1 92 93;1 107 108;5 113 115;1 119 120;0 125 126;0 126 127;6 140 143;1 145 146;0 151 152;0 171 172;0 172 173;1 176 177;2 181 182
2 30 32;6 35 38;0 55 56;1 60 61;8 80 84;6 98 103;0 106 107;1 111 112;2 116 117
6 4 7;0 24 25;0 25 26;5 39 41;0 49 50;0 50 51;0 87 88;8 92 95;2 126 128;2 134 136;8 139 143;0 147 149;0 150 151;0 169 170;8 179 183;8 183 186;0 192 193;0 193 194;1 197 198;2 202 203
0 12 13;8 13 16;0 28 29;0 38 39;2 49 50
6 4 7;3 11 13;2 26 28;5 31 33;1 35 36;0 44 45;2 61 63;0 63 65;6 68 71;2 81 83;0 83 85;1 95 96;0 101 102;6 115 118;0 135 137;1 140 141;2 145 146
6 8 11;8 23 28;0 32 34;8 55 59;6 75 78;1 80 81;2 92 94;0 102 103;1 113 114;0 128 129;1 133 134;2 138 139
6 4 7;2 7 9;8 12 16;3 16 18;8 37 42;3 42 44;6 74 79;0 85 87;6 116 119;0 150 151;0 175 176;1 180 181;2 185 186
6 2 5;8 9 12;2 22 25;1 35 36;0 41 42;5 55 57;6 58 64;0 67 68;0 68 69;3 74 76;0 91 93;2 102 103
7 6 7;2 25 27;9 34 38;7 45 50;6 55 59;2 65 66
5 11 13;8 35 40;1 48 49;0 56 57;0 64 66;0 67 68;0 77 78;0 83 85;0 86 87;0 96 97;0 121 123;0 128 129;2 146 147
0 28 29;0 29 30;5 33 35;0 51 53;1 70 71;2 75 76
6 6 11;0 18 20;7 25 26;6 42 47;6 47 52;1 54 55;0 81 82;0 82 83;1 90 91;1 100 101;0 125 126;0 126 127;0 144 146;5 153 155;2 159 160
1 4 5;1 28 29;1 31 32;5 41 43;3 46 48;6 52 57;0 65 66;1 75 76;0 81 82;0 93 95;0 100 101;0 122 124;1 127 128;2 132 133
9 24 26;1 29 30;6 39 44;6 74 79;6 85 90;0 104 105;0 105 106;6 124 129;0 147 148;6 165 170;5 179 181;0 197 198;1 224 225;8 227 231;2 234 236;0 236 238;8 241 244;2 259 260
0 7 8;0 17 18;0 26 28;8 31 35;0 39 40;3 55 57;0 69 70;8 74 77;0 83 84;6 99 104;6 106 109;0 119 120;0 139 140;8 144 147;0 164 166;2 175 176
6 2 5;0 6 7;5 29 31;8 39 43;1 48 49;8 52 56;6 59 63;0 68 69;0 79 80;2 86 87
0 9 10;1 18 19;0 36 37;6 37 40;2 60 62;0 70 71;1 75 76;2 80 81
0 7 8;0 15 16;0 16 17;1 22 23;1 25 26;0 31 32;0 43 44;6 54 57;1 64 65;7 78 83;2 93 94
2 8 10;0 33 34;1 40 41;0 53 54;0 54 55;0 60 61;1 61 62;6 67 70;0 71 72;0 72 73;0 78 79;1 79 80;0 97 98;3 106 108;0 113 114;8 118 121;0 135 136;0 154 155;2 183 184
1 10 11;2 15 17;0 17 19;0 27 28;1 34 35;0 47 48;0 76 77;0 93 95;2 112 114;0 114 116;6 122 125;0 129 130;2 135 137;8 140 143;8 160 163;1 183 184;1 196 197;1 206 207;6 210 214;1 225 226;2 235 236
1 6 7;8 14 17;2 21 23;0 33 34;1 40 41;0 46 47;1 65 66;0 71 72;1 78 79;1 98 99;3 109 111;3 115 117;6 122 126;1 137 138;5 147 149;1 162 163;2 167 169;0 177 178;1 182 183;2 187 188
8 8 11;0 19 21;8 24 28;5 28 30;1 34 35;8 38 42;1 44 45;6 46 50;1 63 64;7 80 86;0 86 87;0 95 96;5 100 102;2 106 107
1 15 16;9 17 21;1 27 28;8 29 33;0 43 44;0 59 61;0 62 63;5 80 82;1 95 96;2 100 102;0 110 111;0 111 112;1 115 116;2 120 121
0 8 10;2 17 19;8 22 25;1 42 43;6 44 49;7 49 54;1 59 60;6 68 71;0 75 76;1 83 84;8 89 92;0 93 94;6 105 108;2 110 112;6 126 131;2 133 134
6 22 25;2 25 27;8 30 33;0 48 49;1 55 56;6 81 84;1 91 92;6 106 110;6 126 130;2 136 137
0 14 15;6 49 54;0 69 70;0 70 71;1 76 77;1 79 80;0 85 86;0 97 98;0 115 117;0 120 121;1 125 126;0 140 142;0 145 146;0 155 157;3 159 161;0 171 172;1 176 177;2 181 182
0 22 23;2 41 43;6 49 54;6 56 59;7 58 64;3 66 68;0 75 76;6 98 101;8 103 107;6 112 116;2 133 134
0 20 21;6 35 38;6 43 46;9 59 63;0 64 65;1 69 70;2 74 75
1 14 15;0 20 21;8 33 37;8 50 54;0 88 90;8 97 100;2 111 112
1 2 3;0 13 14;2 30 32;0 32 34;6 37 40;1 51 52;8 57 61;1 66 67;0 72 73;2 79 80
8 11 15;3 15 17;0 24 25;6 36 39;2 58 59
0 2 3;0 20 22;0 32 34;0 35 36;0 36 37;1 40 41;1 45 46;6 60 63;6 65 70;0 73 74;6 78 81;8 89 94;5 94 96;8 102 106;0 114 115;1 123 124;1 129 130;5 154 156;0 159 160;1 164 165;2 169 170
0 17 19;2 50 51
6 9 14;8 14 18;4 18 20;7 24 29;0 50 51;0 90 91;0 91 92;0 101 102;2 108 109
8 6 10;6 18 23;0 33 34;0 34 35;1 40 41;1 43 44;0 49 50;0 69 70;0 70 71;0 81 82;6 100 103;0 104 105;6 116 119;2 130 131
5 10 12;0 17 18;0 18 19;6 31 35;3 37 39;1 56 57;5 62 64;2 73 75;6 78 81;0 82 83;2 109 110
8 6 10;6 18 23;6 23 28;0 39 40;0 40 41;3 46 48;3 53 55;8 56 60;0 73 74;9 86 89;6 114 117;0 118 119;0 131 132;2 179 180
1 8 9;0 14 15;0 21 22;1 22 23;0 26 27;0 27 28;2 35 37;6 50 54;6 59 63;6 65 68;0 69 70;0 70 71;0 78 79;0 98 99;0 122 124;2 133 134
0 15 17;0 22 23;0 38 40;0 41 42;0 66 67;0 67 68;6 79 82;1 90 91;0 102 103;2 130 131
0 11 13;2 18 20;1 30 31;0 52 54;2 72 73
0 15 17;6 20 23;6 49 54;0 66 67;0 67 68;6 68 71;0 97 98;1 102 103;0 133 134;2 149 150
6 18 21;0 24 25;0 40 41;0 71 72;6 82 85;3 89 91;2 95 97;6 115 118;7 126 132;1 136 137;2 141 142
0 2 3;1 14 15;0 20 22;6 40 43;6 62 65;0 66 67;0 81 82;2 92 93
4 40 42;4 42 44
0 9 10;0 10 11;2 14 15
2 2 4;5 7 9;0 13 14;6 27 32;9 33 36;2 63 64
0 27 28;8 39 43;5 43 45;9 53 56;6 73 77;0 84 85;2 95 96
0 9 10;8 19 22;6 27 31;3 33 35;0 45 46;0 56 57;0 57 58;2 63 64
0 7 8;0 28 29;1 44 45;1 50 51;6 53 56;0 66 67;0 67 68;6 68 71;2 87 88
1 14 15;6 18 24;0 27 28;0 34 35;1 35 36;0 39 40;0 40 41;0 62 63;1 82 83;2 87 88
0 21 23;2 26 28;8 31 34;6 38 43;0 52 53;0 60 61;0 61 62;1 67 68;1 70 71;0 76 77;2 102 104;0 114 115;6 130 135;6 137 140;6 139 144;6 146 149;6 156 162;0 165 166;0 166 167;6 167 170;3 180 182;1 199 200;2 204 205
0 17 19;0 24 25;8 38 41;0 44 46;1 62 63;0 70 71;8 82 86;5 86 88;2 100 102;0 102 104;6 128 132;0 140 142;0 143 144;2 164 166;6 178 181;3 198 200;8 217 221;0 221 222;1 231 232;0 247 248;1 274 275;8 277 281;2 284 286;0 286 288;8 291 294;2 309 310
6 2 5;1 14 15;0 22 23;3 36 38;0 42 44;0 45 46;0 46 47;2 50 52;2 54 57;8 60 64;0 70 72;1 81 82;0 85 86;0 101 103;2 122 123
5 10 12;0 16 18;0 19 20;6 31 34;1 44 45;6 48 51;2 69 70
0 17 18;0 18 19;5 30 32;0 37 38;5 42 44;2 48 49
7 11 16;6 18 23;8 23 27;3 31 33;3 46 48;0 50 52;0 61 63;3 72 74;1 83 84;2 88 89
0 17 18;0 18 19;6 37 41;2 50 51
6 4 7;0 9 10;0 27 29;0 39 41;0 42 43;0 43 44;1 47 48;1 52 53;6 74 78;2 84 85
6 4 7;0 9 10;0 26 28;0 39 41;1 50 51;3 63 65;0 68 69;0 85 87;3 89 91;0 100 101;2 119 120
5 4 6;1 8 9;0 12 13;2 52 53
0 7 8;0 21 22;0 22 23;1 28 29;1 31 32;0 37 38;6 55 60;2 74 75
0 9 10;0 23 24;0 45 46;0 61 62;0 79 80;1 112 113;2 126 127
1 12 13;2 17 19;6 33 38;8 38 42;8 46 50;6 50 53;2 58 60;8 63 66;8 66 70;8 73 77;8 77 80;2 84 85
1 12 13;2 17 19;6 36 41;8 46 49;1 62 63;7 64 70;2 78 80;0 80 82;6 110 115;6 121 125;6 136 139;1 146 147;1 159 160;7 161 166;6 171 175;2 184 185
1 12 13;1 17 18;0 26 27;0 27 28;1 33 34;1 36 37;0 42 43;0 54 55;1 61 62;1 88 89;6 98 101;1 108 109;1 121 122;7 123 128;1 132 133;2 137 138
1 12 13;1 17 18;8 28 32;0 32 33;0 43 44;0 44 45;6 45 48;0 56 57;5 57 59;3 63 65;6 69 74;8 74 78;2 84 86;6 89 92;1 99 100;1 112 113;7 114 119;6 124 128;2 134 135
1 12 13;1 17 18;0 29 30;6 44 49;6 54 59;0 74 75;0 75 76;3 81 83;3 88 90;8 91 95;1 101 102;0 108 109;2 133 135;6 138 141;1 148 149;1 161 162;7 163 168;6 173 177;2 183 184
1 12 13;2 17 19;8 22 26;0 32 33;0 33 34;3 39 41;0 46 47;1 66 67;6 70 73;6 97 102;0 105 106;2 119 121;8 124 127;2 138 139
1 6 7;8 10 14;0 16 17;0 17 18;1 23 24;1 26 27;0 32 33;7 46 51;1 53 54;1 57 58;2 62 63
0 7 8;5 17 19;0 23 25;0 26 27;6 38 41;1 51 52;0 85 86;0 95 96;0 111 112;0 112 113;1 118 119;1 121 122;0 127 128;0 144 145;0 155 156;2 162 163
6 11 16;6 19 25;8 30 33;6 49 54;6 54 59;1 76 77;6 81 86;8 86 90;3 94 96;5 111 113;1 115 116;8 125 128;3 141 143;8 144 148;8 177 180;1 191 192;0 207 208;1 215 216;6 226 230;2 236 237
0 5 6;0 14 15;2 30 32;0 32 34;3 41 43;8 47 51;8 63 67;6 69 73;0 92 93;6 110 115;6 115 120;1 120 121;2 125 126
5 11 13;0 20 21;8 34 39;5 39 41;0 46 47;0 54 55;0 69 70;0 70 71;6 71 74;5 94 96;0 111 112;1 121 122;0 127 128;0 128 129;0 136 137;1 151 152;6 154 157;0 167 168;0 168 169;6 169 172;2 188 189
0 22 23;0 42 44;0 45 46;0 46 47;0 52 53;1 53 54;0 71 73;0 79 80;2 90 91
0 5 6;0 23 25;0 44 46;8 52 57;9 66 70;2 92 93
0 14 15;0 15 16;6 16 19;8 27 31;0 35 37;6 45 50;6 70 73;2 78 80;6 90 95;6 121 126;8 130 134;2 152 153
0 11 13;2 18 20;1 30 31;0 48 50;2 68 69
8 7 10;1 33 34;8 35 40;0 69 71;1 76 77;2 86 87
2 6 8;5 13 15;0 19 20;0 20 21;6 21 24;8 35 39;0 44 46;8 57 61;5 63 65;9 78 82;5 122 124;2 128 129
0 15 17;6 20 23;0 24 25;5 34 36;0 41 42;0 42 43;6 55 59;3 61 63;5 70 72;6 79 82;1 89 90;1 102 103;7 104 109;6 114 118;2 124 125
0 13 14;1 32 33;0 36 37;0 51 52;5 52 54;0 57 58;0 58 59;1 70 71;7 81 86;5 108 110;0 113 114;0 125 127;3 129 131;0 141 142;2 152 153
2 4 6;6 16 21;7 21 26;7 27 33;0 41 43;2 46 48;1 55 56;0 59 60;0 60 61;6 61 64;0 81 83;8 86 89;0 90 91;2 102 104;6 114 119;8 119 123;0 125 126;1 126 127;8 128 132;5 143 145;0 148 149;0 160 162;3 164 166;0 176 177;2 187 188
0 8 9;6 29 32;6 46 49;6 64 67;8 87 91;3 95 97;6 101 106;6 106 110;8 119 123;1 123 124;6 128 133;8 133 137;8 140 144;5 144 146;1 148 149;1 153 154;1 161 162;6 169 172;2 182 183
0 7 8;0 22 23;0 33 34;0 66 67;0 67 68;6 68 71;8 86 90;0 95 96;0 110 112;2 133 134
0 11 13;0 18 19;0 30 31;8 31 34;0 37 39;1 55 56;0 63 64;8 75 79;5 79 81;6 100 105;2 111 112
5 11 13;0 20 21;0 28 29;8 41 45;5 45 47;6 52 56;7 68 73;1 87 88;0 94 95;6 111 115;2 123 124
8 2 6;1 30 31;1 48 49;8 52 57;8 61 64;2 79 80
5 4 6;0 11 12;0 29 31;0 41 43;0 44 45;0 45 46;1 49 50;1 54 55;8 60 64;2 70 72;6 75 78;1 80 81;0 94 95;1 99 100;2 104 105
1 12 13;2 17 19;6 22 26;0 33 34;0 34 35;1 53 54;6 55 59;6 70 75;7 75 80;1 88 89;5 96 98;0 103 104;1 123 124;5 131 133;0 138 140;8 143 147;1 153 154;2 177 178
5 6 8;8 23 27;5 27 29;3 64 66;8 71 75;0 75 76;1 85 86;0 91 92;8 92 95;0 108 109;5 120 122;0 127 129;0 162 163;2 173 174
0 8 9;0 25 26;0 26 27;1 32 33;8 52 57;5 59 61;1 67 68;0 73 74;0 74 75;3 80 82;3 96 98;5 105 107;1 113 114;8 120 125;0 131 132;5 136 138;1 159 160;1 164 165;2 172 174;1 187 188;6 191 195;3 197 199;2 216 218;5 236 238;2 242 243
8 4 8;0 12 14;8 17 21;5 21 23;6 28 32;6 48 53;8 53 57;5 57 59;1 63 64;5 69 71;2 75 76
0 2 3;8 3 6;2 13 16;1 22 23;0 35 36;0 57 58;2 82 84;6 87 90;1 93 94;0 108 109;8 145 149;2 151 152
8 25 30;7 47 53;0 59 61;9 65 68;1 75 76;2 85 86
6 4 7;0 23 24;0 50 51;0 51 52;6 55 58;0 59 60;0 60 61;3 66 68;0 84 86;5 89 91;2 95 96
2 4 6;8 9 12;1 17 18;0 21 22;8 33 37;1 39 40;8 51 55;6 71 75;1 90 91;6 101 106;2 112 113
0 8 9;6 24 29;8 29 33;8 36 40;6 40 43;9 54 57;8 68 72;8 76 80;6 80 83;9 94 97;8 109 113;6 116 121;6 128 132;3 147 149;0 159 160;0 170 171;2 177 178
0 17 18;0 18 19;5 30 32;0 37 38;5 42 44;0 63 65;8 79 83;1 85 86;0 97 99;2 108 109
0 8 9;0 24 26;0 27 28;0 39 40;1 47 48;5 55 57;1 77 78;0 81 82;0 103 104;1 117 118;0 129 130;1 143 144;6 146 149;8 156 159;2 174 175
7 11 16;8 20 23;0 26 27;0 43 45;2 84 85
5 6 8;5 13 15;0 21 22;6 22 25;1 35 36;0 40 41;8 55 59;6 68 72;8 76 80;8 86 90;7 97 102;6 109 112;0 113 114;2 129 131;0 131 133;8 141 144;5 156 158;2 162 163
1 4 5;5 12 14;0 19 20;0 42 43;2 64 65
0 2 3;6 12 15;0 23 24;6 35 39;6 54 57;0 60 61;2 81 82
4 40 42;4 42 44
1 12 13;0 16 17;1 23 24;0 27 28;2 34 35
6 3 8;7 15 20;2 30 31
0 21 22;0 22 23;0 28 29;1 29 30;0 45 46;0 46 47;0 52 53;1 53 54;8 61 65;0 65 66;2 90 91
0 2 4;3 6 8;6 23 29;7 29 34;0 46 48;3 50 52;0 62 63;2 73 74
0 7 8;0 8 9;6 9 12;6 18 22;0 37 38;8 60 64;0 70 71;6 92 96;0 119 121;3 123 125;6 143 148;2 150 151
1 31 32;8 57 62;7 64 69;6 88 91;2 94 96;5 110 112;8 113 118;2 142 143
6 2 5;0 6 7;0 24 26;0 36 38;0 39 40;0 40 41;1 44 45;1 49 50;6 62 65;1 65 66;0 69 70;0 70 71;6 71 74;2 76 77
1 2 3;0 25 26;6 37 42;0 47 48;0 58 59;2 65 66
0 7 8;0 8 9;1 14 15;1 17 18;8 35 39;0 64 65;1 78 79;8 86 90;8 120 124;4 130 132;6 136 140;8 142 145;0 156 157;0 157 158;3 163 165;3 170 172;8 173 177;9 180 182;8 198 202;8 211 215;2 217 218
1 2 3;0 14 15;0 47 48;8 59 63;1 68 69;0 75 76;0 76 77;1 80 81;1 97 98;6 99 104;2 106 107
5 6 8;5 22 24;1 26 27;0 30 31;0 47 48;6 67 71;6 82 85;1 108 109;8 114 118;6 127 130;0 131 132;2 151 152;5 152 153
5 15 17;1 19 20;0 25 26;5 26 28;1 32 33;1 49 50;1 53 54;0 77 78;6 87 90;0 91 92;0 92 93;2 114 115
0 13 14;8 18 21;1 21 22;1 29 30;6 52 55;1 57 58;6 79 83;1 87 88;1 92 93;0 113 114;1 131 132;0 149 150;2 156 157
8 4 8;1 8 9;2 21 24;8 27 31;1 62 63;8 69 73;5 96 98;0 108 109;0 109 110;6 127 132;0 132 133;6 172 175;8 210 214;8 220 223;2 234 235
1 2 3;6 13 16;2 18 20;8 23 27;6 46 51;8 61 65;8 69 73;0 93 94;0 94 95;1 100 101;1 103 104;0 116 117;0 139 140;6 149 152;0 153 154;2 173 174
1 2 3;0 18 19;0 19 20;0 25 26;1 26 27;0 41 42;0 56 57;0 67 68;8 72 75;0 80 81;2 97 99;6 112 115;1 118 119;0 136 137;2 143 144
0 26 27;6 27 30;0 51 52;6 71 74;0 75 76;8 109 113;2 115 116
0 2 3;5 3 5;5 7 9;0 25 26;8 35 39;6 48 51;8 54 57;0 60 61;1 69 70;0 82 83;2 89 90
0 13 15;6 18 21;0 22 23;6 42 47;0 53 54;0 54 55;1 60 61;1 63 64;0 77 78;1 117 118;1 121 122;6 127 131;6 139 143;0 148 149;0 149 150;6 150 153;6 159 163;1 165 166;0 175 176;6 197 201;6 208 213;1 221 222;6 223 228;2 230 231
0 21 22;0 30 32;2 35 37;8 40 43;0 46 47;0 60 62;5 86 88;3 106 108;2 112 114;0 130 131;0 131 132;1 139 140;5 145 147;0 170 171;0 171 172;2 177 178
6 4 8;5 17 19;2 23 25;0 32 33;8 54 58;0 63 64;0 77 78;0 89 90;0 109 110;1 119 120;0 127 128;2 134 135
8 4 8;8 25 28;2 37 39;8 76 80;2 90 92;0 92 94;6 97 100;0 101 102;9 115 119;0 126 127;0 127 128;2 133 134
8 20 25;6 25 28;2 62 63
8 6 10;6 18 23;0 33 34;0 34 35;1 40 41;1 43 44;0 49 50;6 68 71;0 72 73;0 85 86;2 133 134
0 16 17;0 17 18;1 23 24;1 26 27;0 32 33;6 44 47;0 48 49;0 61 62;0 72 73;2 79 80;5 80 81
6 9 12;0 20 21;8 32 36;5 45 47;1 49 50;6 51 55;0 55 56;1 74 75;9 79 82;1 89 90;5 93 95;5 102 104;6 107 112;1 129 130;0 133 134;6 143 146;0 147 148;2 167 168
6 47 51;1 51 52;6 61 64;0 65 66;9 79 83;2 86 87
6 14 17;0 18 19;0 34 35;0 47 48;0 48 49;6 49 52;0 68 69;0 69 70;6 70 73;0 83 84;0 102 103;0 103 104;0 114 115;6 128 132;5 132 134;2 136 138;2 143 146;6 152 157;6 159 162;6 161 166;6 168 171;0 172 173;2 202 203
1 2 3;6 12 15;0 16 17;0 29 30;6 42 45;5 52 54;8 62 66;0 72 73;1 77 78;6 87 90;0 91 92;0 104 105;0 115 116;2 122 123
6 14 17;0 18 19;5 30 32;0 40 41;0 61 62;6 79 84;1 92 93;2 97 99;6 102 105;1 112 113;1 125 126;7 127 132;8 145 149;2 151 152
6 16 21;8 24 28;0 28 29;0 29 30;0 44 46;0 47 48;0 72 73;0 73 74;6 85 88;1 96 97;0 108 109;6 125 130;5 130 132;6 137 141;5 147 149;1 162 163;2 167 169;8 190 194;2 196 197
2 2 4;0 13 14;0 14 15;6 15 18;0 22 23;0 29 31;0 44 45;0 51 53;7 59 65;5 69 71;6 85 89;1 95 96;6 126 130;1 137 138;6 150 153;0 161 162;8 173 177;6 188 191;0 196 197;0 203 204;1 204 205;0 208 209;0 209 210;6 232 235;8 237 241;0 241 242;0 249 250;2 256 257
6 2 5;0 6 7;8 16 19;1 21 22;0 30 31;0 31 32;0 53 54;0 82 83;5 103 105;6 114 119;6 136 141;5 147 149;9 158 162;8 174 178;6 186 189;0 190 191;2 210 211
4 40 42;4 42 44
8 2 5;0 9 10;1 16 17;7 39 44;0 48 49;1 53 54;2 58 59
0 16 17;1 24 25;0 38 39;7 49 54;8 64 67;6 75 81;2 81 83;1 89 90;6 92 97;6 97 102;6 106 111;8 111 115;5 115 117;2 142 143
0 8 9;0 23 24;0 24 25;1 30 31;1 33 34;0 39 40;8 86 90;6 90 93;0 94 95;0 110 111;6 128 133;8 133 137;1 142 143;6 146 150;6 154 158;2 189 190
0 10 11;0 25 26;0 26 27;3 32 34;0 43 44;6 55 58;8 86 90;5 96 98;2 105 107;6 120 125;6 125 128;2 137 138
1 2 3;1 10 11;0 16 17;0 28 29;0 29 30;1 35 36;0 41 42;0 52 53;0 53 54;2 59 60
2 6 8;1 39 40;0 57 58;8 62 65;1 65 66;8 71 75;2 75 76
6 2 5;1 21 22;8 25 29;1 31 32;6 35 40;6 40 45;3 45 47;6 48 53;2 55 56
6 2 5;1 12 13;7 33 38;1 43 44;0 61 62;0 62 63;0 73 74;5 78 80;1 82 83;0 88 89;6 109 115;2 125 126
2 7 9;0 9 11;0 34 35;6 48 51;8 64 68;9 72 76;8 82 86;3 90 92;1 107 108;2 112 113
1 15 16;6 18 23;0 28 29;0 38 39;6 63 66;2 92 93
2 11 14;0 20 21;5 25 27;0 43 45;8 60 63;2 81 83;5 86 88;0 110 111;1 132 133;6 141 144;2 153 154
1 46 47;1 55 56;0 67 68;6 79 82;6 94 97;6 102 105;0 113 114;6 118 121;0 126 127;0 127 128;6 128 131;5 137 139;2 143 144
0 8 10;3 31 33;1 49 50;2 52 54;6 57 60;1 69 70;0 83 85;0 94 95;8 112 115;2 126 127
6 2 5;1 26 27;0 33 34;0 57 59;0 72 74;6 81 86;0 94 96;2 139 140
0 29 30;5 44 46;6 67 72;6 77 82;6 84 87;5 93 95;1 97 98;8 105 108;2 110 111
6 20 25;2 25 27;6 41 46;8 46 50;8 63 67;3 69 71;9 72 76;0 87 89;2 98 99
8 6 10;8 21 26;8 28 32;7 42 48;2 58 59
6 2 5;0 7 8;0 25 27;0 37 39;0 40 41;0 41 42;1 45 46;1 50 51;6 65 68;1 68 69;0 72 73;9 89 94;0 105 107;2 116 117
6 4 7;0 9 10;0 26 28;1 38 39;0 44 45;0 45 46;6 46 49;2 60 62;2 70 72;0 72 74;6 77 81;0 88 90;2 97 99;0 108 110;0 139 141;0 150 151;0 151 152;6 152 155;0 159 160;8 169 172;8 172 176;1 178 179;2 189 190
6 11 14;6 16 21;0 24 25;0 35 36;5 40 42;0 53 54;0 64 65;2 96 97
6 18 21;8 21 25;1 39 40;1 50 51;6 54 57;2 73 75;6 78 81;0 88 89;5 93 95;8 105 108;2 112 113
5 6 8;0 27 28;1 34 35;8 48 52;6 61 66;7 66 71;3 73 75;1 79 80;1 91 92;7 98 104;2 108 110;3 117 119;2 121 122
6 25 28;6 29 33;6 55 58;0 67 69;0 78 80;1 89 90;2 103 104
6 2 5;0 46 47;1 53 54;0 72 74;2 91 92
8 42 46;5 46 48;6 52 57;0 60 61;1 89 90;6 101 104;1 111 112;1 124 125;2 144 145
0 15 17;6 20 23;0 33 34;3 38 40;0 49 50;0 59 60;1 84 85;8 91 96;1 116 117;8 128 131;5 148 150;2 154 155
1 22 23;0 27 28;8 39 43;8 43 46;1 51 52;2 56 57
0 12 13;8 28 31;0 34 35;2 50 52;0 52 54;1 60 61;8 81 84;2 86 87
0 22 23;8 23 26;6 33 36;6 38 43;8 43 46;2 50 51
2 41 43;0 52 53;0 53 54;6 54 57;0 63 64;0 70 71;0 91 92;1 96 97;0 107 108;1 114 115;6 125 128;0 129 130
0 2 3;2 20 23;7 35 40;6 48 51;0 52 53
0 18 19;0 37 38
0 12 13;6 27 32;8 32 36;1 57 58;1 78 79;0 86 87;3 90 92;1 101 102;6 116 119;6 122 125;1 127 128;5 150 152;3 156 158;5 167 169;3 171 173;1 182 183;8 198 202;1 208 209;0 218 219;0 234 235;0 258 259;0 259 260;2 265 266
5 1 3;3 18 20;5 34 36;8 43 46;0 47 48;7 59 64;2 75 77;0 77 79;3 85 87;1 102 103;0 114 115;0 115 116;1 129 130;8 164 168;2 171 173;8 184 188;1 190 191;1 196 197;6 199 204;6 210 213;0 238 239;7 252 258
0 1 2;6 2 5;0 22 23;8 44 47;1 62 63;2 67 69;6 72 75;1 77 78;0 89 91;0 94 96;0 97 98;8 137 141;1 147 148;0 151 152;0 164 165;0 181 182;1 188 189;2 202 204;8 207 211;2 217 219;0 219 221;2 226 229;3 238 240;6 244 249;8 255 260;1 266 267;0 276 277;1 283 284
0 22 23;0 23 24;6 24 27;1 32 33;1 41 42;8 53 56;6 61 66;6 68 72;5 74 76;1 78 79;0 104 105;5 105 107;6 137 142;1 145 146
0 13 14;0 14 15;1 18 19;8 29 33;5 33 35;1 58 59
2 2 4;0 13 14;0 31 33;0 34 35;0 42 44;0 54 55;3 80 82;8 97 101;6 128 133;7 139 145;0 166 167
3 7 9;6 14 19;8 19 23;8 50 53;0 71 72;5 76 78;1 80 81;0 95 96;0 106 107;6 125 128;0 134 135;0 142 143;0 143 144
0 10 11;5 11 13;0 20 21;0 46 48;8 57 62
0 15 16;1 22 23;0 33 34;6 56 61;6 64 69;0 81 82;2 100 102
7 12 13;3 17 19;6 24 29;2 38 40;0 77 78;0 85 87;6 110 115;0 122 123;0 123 124;6 124 127;6 146 149;6 168 172;6 194 198
6 24 29;5 34 36;6 47 50;0 58 60;0 61 62;0 102 104;2 109 111
5 6 8;0 15 17;1 20 21;0 26 28;0 29 30;8 39 43;5 43 45;0 63 64;5 68 70;1 72 73;0 91 92
6 7 11;8 11 14;0 21 22;8 34 38;6 44 49;0 52 53;0 67 68;7 82 88
8 7 11;0 13 14;6 31 36;0 39 40;3 69 71;6 102 106;6 124 129;8 129 133;0 137 138;6 151 156
5 2 4;0 14 15;0 22 23;8 40 43;0 48 49;3 53 55;1 71 72;6 83 86;0 113 114
3 31 33;0 36 37;8 61 64;0 102 103;0 133 134;0 158 159;8 177 181;0 216 217;0 228 230;3 232 234;0 253 255;0 267 268;1 281 282;1 299 300;0 311 312
0 12 13;0 39 41;6 46 50;0 55 56;0 76 78;6 86 89;8 91 95;0 106 107;9 140 142;3 143 145;0 165 167;6 173 178;1 182 183;2 187 189;0 189 191
5 5 7;0 33 34;7 57 62;8 64 68;0 79 81;0 82 83;0 92 93;0 102 103;0 122 123
6 4 7;0 15 16;0 30 31;0 49 51;1 54 55;0 73 74;1 92 93;0 103 104;1 122 123;2 145 147;1 153 154;6 155 160
0 6 7;8 27 31;0 36 38;1 45 46;0 51 53;0 54 55;6 79 84;8 84 88;1 101 102;6 111 116;6 116 120;8 120 123;0 142 144;5 147 149
5 5 7;0 12 13;0 20 21;0 21 22;1 25 26;5 38 40;0 59 60;1 66 67;8 77 81;3 81 83;6 112 115;0 116 117;7 136 142
0 8 9;0 16 17;0 33 35;0 62 64;6 70 75;0 81 82;0 89 90;0 104 105;0 123 124
8 4 7;0 10 11;1 22 23;6 30 35;0 45 46;1 52 53;8 58 62;0 98 99;0 99 100;8 114 119;5 119 121
1 32 33;1 48 49;7 63 69;0 92 93;8 118 122
2 2 4;0 13 14;0 14 15;6 15 18;1 37 38;8 45 49;8 49 52;6 52 55;5 60 62;0 65 66;0 72 73;1 73 74;0 77 78;0 78 79;6 126 129;6 143 146;8 153 158
8 4 8;8 8 11;6 11 14;5 19 21;0 24 25;1 43 44;0 47 48;0 48 49;0 56 57;6 73 76;0 77 78;1 105 106;8 111 114;6 114 117;5 120 122
1 2 3;3 7 9;0 12 13;0 13 14;6 14 17;6 25 29;8 36 39;6 39 42;1 47 48;6 53 58;6 66 70;1 72 73;0 84 85;1 116 117;0 128 129
6 4 8;5 8 10;8 17 20;6 20 23;1 43 44;1 58 59;6 62 68;2 74 76;5 79 81;5 107 109;8 124 129
1 2 3;3 7 9;0 12 13;0 13 14;6 14 17;6 29 32;6 40 45;0 48 49;0 49 50;6 50 53;3 55 57;0 65 66;6 75 78;0 98 99;5 112 114;0 119 120;1 139 140;6 146 150;6 162 168
6 22 25;5 39 41;0 54 55;1 59 60;0 70 71;0 92 93;0 93 94;0 99 100;1 100 101;0 115 116;0 116 117;0 122 123;1 123 124;0 138 139;2 157 159;6 162 165;0 177 178;8 198 201;0 204 205;0 205 206;5 209 211;0 221 222;5 249 251
0 2 3;6 38 41;1 52 53;0 56 57;0 66 67;6 80 83;0 84 85
6 2 5;0 6 7;0 23 24;1 34 35;0 40 41;0 57 58;1 68 69;0 74 75;1 79 80;0 90 91;1 95 96;1 100 101;0 106 107;0 107 108;1 111 112;0 122 123;0 123 124;1 127 128;1 132 133;0 138 139;0 139 140;1 143 144;0 154 155;0 155 156;1 159 160;1 164 165;0 170 171;1 175 176;0 186 187;1 191 192;1 196 197;0 202 203;0 222 223;1 236 237;0 242 243;0 243 244;3 247 249;0 259 260;0 260 261;3 264 266;1 270 271;0 276 277;1 281 282;0 304 305;1 309 310;1 314 315;0 320 321;0 321 322;1 325 326;0 334 335;6 348 353;0 353 354;0 354 355;1 358 359;1 363 364;0 375 376;6 387 392;6 399 403;5 405 407
6 21 25;0 52 53;2 71 73;6 84 88;0 101 102;6 133 137;0 142 143;1 161 162;5 167 169;1 180 181;6 182 188
2 22 24;0 34 35;0 102 103;0 109 110;0 144 145;5 154 156;0 172 173;0 173 174;6 174 177;0 183 184;8 201 205;1 210 211;6 218 221;6 235 240;8 251 256;5 259 261;1 263 264;0 295 296;8 315 319;2 319 321;1 328 329;5 334 336;3 340 342;0 361 363;6 370 373;6 379 384;0 397 398
0 17 18;0 18 19;6 19 22;8 38 42;0 54 55;1 66 67;6 70 73;0 76 77;0 88 89;0 104 106;8 109 113;5 113 115;0 133 134;6 146 152;5 152 154
1 27 28;1 30 31;0 34 35;1 56 57;0 90 91;0 109 110
6 15 18;2 25 27;6 33 38;7 38 43;1 57 58;7 60 65;0 71 72;0 89 90;0 90 91;6 91 94;1 99 100;0 111 112
2 2 4;0 13 14;0 31 33;0 34 35;0 42 44;0 45 46;8 58 63
6 20 24
0 5 6;3 39 41;1 49 50;6 63 68;0 71 72;0 72 73;1 80 81;0 90 91;0 91 92;6 92 95;0 109 110
1 33 34;1 39 40;6 41 45;5 62 64;8 65 70
2 2 4;0 13 14;0 14 15;6 15 18;6 26 29;2 29 31;1 42 43;1 48 49;6 52 57;6 65 70
0 17 18;1 35 36;6 45 51
0 10 11;6 29 32;6 37 42;0 45 46;8 58 63
0 13 14;1 18 19;0 29 30;1 36 37;1 57 58;0 81 82;0 100 101
2 2 4;0 13 14;2 30 32;0 32 34;0 52 53;1 63 64;6 69 72;5 78 80;6 87 90;8 93 97;5 97 99;8 104 108;6 116 119;6 141 144;8 156 160;6 186 189;6 202 205;8 212 217
2 2 4;0 13 14;0 14 15;6 15 18;6 26 29;2 29 31;1 55 56;0 61 62;1 65 66;2 68 70;6 90 93;6 121 124;2 124 126;3 131 133;0 136 137;6 165 168;6 183 186;1 186 187;1 222 223;1 225 226;0 231 232;1 235 236;0 259 260;6 267 272;6 283 287;0 306 307;6 307 310;0 329 330;0 330 331;6 331 334;6 342 346;8 350 353;7 367 372;8 377 381;0 385 386;5 402 404;2 442 444;1 451 452;1 480 481;6 520 524;0 530 531;7 544 550
8 10 14;3 16 18;6 27 30;2 40 42;8 54 58;3 60 62;0 72 73;5 73 75;6 86 89;1 126 127;5 134 136;2 138 141;8 144 148;6 164 167;6 180 183;2 201 203;6 215 218;6 226 229;0 232 233;0 277 278
0 18 19;0 19 20;6 20 23;3 25 27;9 33 36;2 46 48;8 51 55;6 67 70;1 82 83;6 84 88;6 112 115;0 154 155;7 180 185
2 2 4;0 13 14;0 31 33;5 40 42;0 47 49;0 58 59;0 59 60;6 60 63;2 74 76;6 79 83;1 121 122;1 135 136;1 143 144;0 167 168;5 168 170;0 175 177;0 199 200;8 200 203;0 208 210;6 246 249;1 252 253;0 274 275;0 275 276;6 276 279;1 297 298;8 301 304;0 309 310;1 331 332;0 338 339;6 368 371;1 376 377;8 378 383;6 393 396;6 399 403;3 405 407;8 416 420;1 420 421;5 430 432;6 462 465;8 487 491;0 496 498;0 507 508;2 519 521;8 524 528;8 528 531;2 533 535;0 535 537;1 544 545;1 549 550;9 554 557;2 564 566;6 577 580;1 583 584;8 599 602;0 603 604
8 2 6;5 6 8;0 11 13;6 42 45;0 46 47
6 21 24;2 27 29;3 35 37;6 41 44;2 49 51;5 54 56;3 58 60;6 64 67;2 72 74;1 81 82;6 86 89;2 94 96;5 99 101;3 103 105;1 114 115;6 119 122;2 127 129;5 132 134;3 136 138;1 147 148;6 152 155;3 166 168;6 172 175;1 201 202;6 206 209;0 212 213;0 222 223;6 232 235;0 236 237;8 268 272
6 2 5;0 6 7;3 20 22;1 30 31;0 49 50;0 50 51;6 51 54;2 62 64;0 73 74;0 91 93;0 100 102;0 122 124
6 2 5;0 6 7;0 26 27;1 45 46;0 58 59;0 70 71;0 71 72;0 83 84;6 119 125
0 2 3;0 22 23;0 39 40;1 50 51;0 67 68;0 77 79;0 87 88;0 97 99;1 106 107;6 108 113;6 118 124
2 2 4;0 13 14;0 14 15;6 15 18;1 37 38;3 61 63;0 66 67;5 83 85;6 99 102;8 105 109;1 111 112;6 119 122;1 125 126;5 133 135;2 137 140;6 143 147;0 181 182;7 195 201
7 5 10;8 15 18;0 21 22;1 28 29;0 39 40;6 62 67;6 70 74;0 74 75;0 93 94;6 116 119;6 131 134;2 159 161
2 30 32;0 32 34;0 42 44;0 55 57;5 60 62
6 2 5;0 8 9;0 20 21;0 36 38;8 41 45;5 45 47;8 54 58;6 67 70;0 73 74;5 83 85
0 12 13;0 13 14;6 14 17;0 26 27;0 27 28;6 44 47;8 63 66;0 67 68;5 83 85;0 99 100;0 100 101
6 2 5;0 6 7;0 21 22;1 26 27
1 2 3;2 16 18;7 24 30;6 48 53
0 33 34;0 34 35;6 35 38;1 55 56;2 64 66;0 77 78;0 97 98;0 98 99
0 8 10;2 18 20;6 23 26;2 26 28;3 58 60;0 80 81;0 81 82
2 7 9;0 36 37;0 49 50;8 66 71
2 2 4;0 13 14;0 31 33;0 46 48;0 51 52;0 68 70;0 91 92;6 101 104;0 112 114;8 125 128;0 129 130
2 2 4;0 13 14;0 31 33;0 34 35;0 41 43;0 44 45;0 60 62;8 68 73
1 22 23;6 64 68;0 73 74;1 92 93;5 98 100
6 2 5;0 17 18;0 36 37;0 37 38;1 43 44;1 46 47;0 52 53;0 64 65;6 88 92;5 112 114;0 137 138;8 142 145;1 145 146;6 151 154;1 156 157;8 170 175
0 13 14;0 21 22;1 28 29;0 39 40;1 46 47;1 51 52;0 57 58;0 74 75;1 85 86;0 99 100;0 113 114;0 130 131;1 141 142;0 153 154;7 167 173
0 57 58;1 69 70;0 79 80;0 80 81;1 86 87;1 89 90;0 103 104;0 120 121;0 134 135;0 154 155;0 165 166;2 172 173
0 24 25;8 65 68;0 76 77;0 77 78;3 83 85;0 117 118;0 118 119;0 128 129;2 135 136
0 8 9;0 25 27;0 43 44;0 44 45;6 85 88;1 95 96;0 101 102;8 147 151;0 153 154;0 154 155;1 160 161;1 163 164;0 177 178;2 191 193;8 205 209;1 209 210;2 219 221;1 246 247;6 248 253;2 255 256
5 5 7;0 12 13;0 30 32;0 42 44;0 45 46;0 46 47;1 50 51;1 55 56;0 61 63;3 65 67;6 76 81;6 88 92;8 97 101;2 103 104
0 2 3;2 21 23;1 29 30;1 40 41;0 51 53;3 55 57;6 75 80;7 80 85;5 85 87;2 94 95
0 8 9;0 24 26;0 27 28;0 37 38;2 43 45;8 48 51;7 65 70;0 81 82;2 98 100;1 112 113;0 116 117;0 127 128;2 134 135;5 135 136
0 8 9;0 25 27;6 57 61;5 84 86;6 109 112;8 128 132;2 134 135;5 135 136
0 17 18;8 35 39;1 41 42;6 45 48;9 49 53;0 57 58;0 85 86;0 102 103;0 115 116;0 116 117;1 122 123;0 126 127;2 133 134;5 134 135
0 15 17;6 62 67;0 70 71;0 71 72;3 77 79;0 84 85;6 96 101;0 122 123;5 143 145;6 162 168;0 171 172;0 172 173;3 178 180;6 185 188;1 195 196;7 209 214;5 222 224;6 225 230;2 232 233;5 233 234
5 6 8;1 25 26;6 31 34;6 41 46;1 46 47;1 70 71;0 74 75;0 75 76;6 90 93;0 100 101;2 107 108;5 108 109
0 5 6;1 15 16;1 20 21;6 22 26;0 38 39;0 39 40;0 50 51;0 58 60;1 63 64;6 72 75;2 99 100
1 12 13;0 16 17;0 17 18;6 41 45;6 61 65;1 79 80;0 88 89;5 93 95;0 105 106;6 110 113;6 116 120;1 159 160;6 165 169;5 202 204;0 220 221;0 221 222;2 227 228
1 16 17;3 26 28;6 33 38;1 40 41;1 53 54;8 68 72;0 72 73;7 91 96;1 101 102;0 105 106;2 112 114;0 114 116;1 128 129;6 137 142;6 148 153;0 166 167;0 167 168;2 173 174
6 4 7;0 28 29;2 67 69;4 79 81;0 87 88;8 108 111;1 117 118;6 123 126;0 146 147;6 151 154;7 157 162;0 171 173;0 186 187;0 207 209;0 214 215;0 225 226;2 232 233
5 4 6;8 20 24;8 45 49;6 49 52;6 60 64;6 68 72;8 78 82;0 85 87;7 90 95;0 112 113;0 120 122;1 127 128;8 136 140;6 146 150;2 160 161
0 11 13;0 46 47;1 67 68;8 70 74;6 76 79;6 90 93;6 122 126;6 131 135;6 140 145;8 145 149;5 149 151;8 152 156;2 158 159
1 2 3;1 16 17;8 19 23;0 34 36;1 48 49;2 51 53;0 61 62;2 68 69
0 32 33;0 41 42;1 51 52;8 70 75;1 75 76;6 81 85;0 103 104;0 104 105;0 119 121;2 158 159
0 8 10;1 22 23;5 25 27;2 56 58;0 58 60;8 63 66;1 83 84;5 107 109;1 111 112;6 135 138;1 145 146;1 158 159;7 160 165;8 178 182;2 184 185
5 6 8;5 30 32;6 40 43;1 45 46;0 49 50;6 74 80;0 83 84;2 94 95
1 16 17;6 26 31;8 31 35;1 39 40;6 63 67;0 76 77;6 91 94;6 118 122;2 154 155
0 5 6;5 6 8;0 11 13;0 14 15;6 32 37;8 37 41;0 45 46;8 85 89;0 91 92;0 92 93;1 98 99;1 101 102;0 115 116;8 149 153;6 156 160;1 168 169;6 176 181;8 181 185;2 187 188
8 8 11;0 14 15;0 15 16;1 21 22;8 29 32;2 34 36;1 62 63;2 69 72;8 89 93;0 109 111;0 141 143;0 144 145;0 160 161;0 171 172;2 178 179
6 7 11;6 19 24;0 27 28;0 28 29;1 34 35;1 37 38;0 43 44;0 58 59;6 70 73;2 73 75;1 120 121;6 122 127;2 129 130
6 24 27;2 27 29;5 32 34;6 60 63;2 73 74
5 7 9;6 35 38;0 60 61;0 76 77;0 88 89;2 95 96
0 15 16;5 31 33;8 35 39;1 41 42;3 49 51;0 71 72;0 79 80;0 90 91;2 97 98
2 4 6;1 17 18;4 30 32;7 36 41;0 41 42;6 42 45;6 55 60;6 66 71;1 73 74;6 76 79;0 89 90;0 90 91;6 91 94;2 110 111
1 22 23;0 27 28;8 39 43;8 43 46;1 51 52;2 56 57
6 9 14;7 26 31;6 63 67;5 77 79;2 83 84
0 8 9;0 25 27;6 30 35;1 46 47;0 51 52;0 72 73;2 107 110;0 116 117;0 117 118;1 121 122;8 145 148;0 193 194;0 211 212;0 221 222;0 233 235;0 247 248;0 259 261;2 268 270;8 273 276;6 283 286;2 296 297
0 6 7;0 16 17;0 28 30;0 42 43;2 53 55;0 55 57;5 71 73;1 75 76;0 86 87;3 110 112;8 116 120;8 125 128;6 128 133;5 133 135;2 139 140
0 8 9;0 18 19;0 30 32;0 44 45;0 56 58;0 71 72;0 82 83;0 83 84;6 84 87;2 111 113;6 116 121;0 130 131;5 142 144;2 153 155;8 158 161;6 163 168;0 176 178;0 179 180;0 180 181;6 181 184;6 194 197;0 205 207;0 208 209;0 231 232;1 240 241;2 246 248;0 259 260;0 276 278;5 286 288;0 312 314;2 323 324
2 4 6;6 30 35;6 35 40;2 70 72;6 75 78;2 84 86;8 97 101;1 103 104;1 107 108;2 112 113
0 8 10;1 33 34;6 35 40;1 46 47;6 48 53;2 75 76
6 7 10;5 20 22;0 27 28;0 28 29;6 41 45;3 47 49;5 56 58;1 67 68;6 70 73;0 83 84;0 84 85;6 85 88;2 104 105
2 4 6;1 13 14;2 25 27;1 34 35;8 39 43;0 43 44;8 67 70;2 80 83;1 115 116;8 119 124;0 126 128;3 130 132;3 148 150;0 153 154;0 154 155;0 176 178;0 190 191;1 199 200;2 210 211
0 2 3;2 25 27;1 33 34;1 44 45;0 55 57;3 59 61;0 70 71;2 89 90
6 7 10;5 20 22;0 27 28;0 28 29;6 41 45;3 47 49;1 66 67;5 72 74;1 83 84;2 89 91;8 94 97;5 97 99;6 101 106;8 106 110;8 113 117;1 132 133;0 148 149;0 149 150;1 153 154;2 158 159
8 28 33;6 33 36;3 53 55;3 66 68;3 72 74;0 94 96;2 105 106
0 6 8;5 11 13;1 15 16;8 23 26;8 40 44;8 49 53;0 62 64;0 77 78;6 82 85;8 96 100;6 102 107;2 113 114
0 2 3;6 43 48;6 51 56;6 64 69;0 95 97;0 104 106;0 115 116;0 116 117;6 117 120;0 124 125;8 134 137;8 137 141;2 154 155
1 33 34;1 47 48;8 49 53;0 57 59;1 66 67;2 69 71;6 84 88;6 96 100;6 112 115;3 137 139;0 154 156;1 163 164;2 166 168;2 174 176;6 182 187;6 192 197;0 203 204;0 220 222;6 235 238;3 242 244;1 258 259;2 261 263;6 276 281;2 283 284
2 4 6;1 16 17;6 19 24;8 24 28;6 31 35;5 35 37;2 52 54;2 65 67;5 81 83;6 90 95;2 97 98
0 10 11;8 22 26;5 26 28;0 48 50;2 63 65;1 75 76;0 91 93;2 121 122
6 7 10;2 12 14;8 23 27;1 29 30;8 39 43;0 49 51;1 75 76;6 83 86;0 99 101;6 117 122;8 122 126;6 126 129;7 155 160;8 162 166;8 184 188;2 190 191;5 191 192
6 19 24;5 29 31;8 32 36;5 55 57;0 75 76;8 108 112;2 114 115;5 115 116
6 7 10;5 20 22;0 29 30;1 43 44;0 47 48;2 54 55;5 55 56
3 7 9;0 12 13;5 29 31;0 36 37;1 41 42;2 57 58;5 58 59
8 7 11;6 22 25;2 27 29;0 60 61;2 85 87;2 101 103;6 106 109;1 111 112;8 119 123;2 125 126;5 126 127
2 11 14;0 27 29;0 52 54;6 57 62;8 66 70;2 72 73;5 73 74
2 7 9;0 9 11;6 17 20;1 26 27;6 32 35;0 45 46;0 46 47;6 60 65;9 69 73;2 76 77;5 77 78
5 4 6;0 14 16;1 21 22;8 25 29;5 29 31;5 38 40;0 50 51;6 62 67;9 71 75;2 78 79;5 79 80
6 70 75;8 75 79;5 79 81;6 86 89;0 100 102;6 111 116;2 118 119;5 119 120
0 65 66;0 66 67;1 72 73;1 75 76;0 81 82;0 99 100;3 106 108;0 125 127;2 129 131;5 134 136;6 141 146;1 159 160;1 169 170;0 185 186;3 203 205;6 210 213;0 214 215;8 240 244;2 246 247
0 14 15;0 24 25;6 25 28;7 34 39;8 44 48;1 101 102;9 106 109;1 116 117;0 125 126;0 136 137;2 143 144
2 2 4;0 13 14;0 14 15;6 15 18;0 22 23;0 30 32;0 42 43;1 73 74;0 86 87;6 104 109;0 112 113;0 113 114;3 119 121;0 126 127;2 138 140;1 145 146;6 165 168;2 179 180
6 4 8;5 23 25;6 41 46;8 46 50;5 50 52;0 65 66;0 82 83;2 89 90
2 2 4;0 13 14;0 14 15;6 15 18;6 24 27;0 35 36;8 47 51;6 62 65;0 70 71;0 77 78;1 78 79;0 82 83;0 83 84;6 106 109;8 111 115;0 115 116;0 123 124;2 130 131
6 2 5;0 6 7;0 7 8;1 15 16;8 32 36;0 36 37;6 59 62;5 68 70;0 73 75;1 84 85;0 96 98;1 110 111;0 114 115;0 115 116;2 121 122
0 17 19;8 33 37;6 41 45;0 45 46;0 63 65;0 75 77;0 78 79;0 79 80;1 83 84;1 88 89;6 96 101;6 108 112;5 114 116;8 117 121;2 123 124
8 6 10;1 20 21;3 24 26;1 37 38;8 54 59;6 61 64;0 65 66;6 83 87;3 89 91;6 106 110;3 112 114;5 129 131;1 158 159;6 164 167;0 168 169;9 182 186;2 199 200
0 2 3;0 10 11;2 16 18;0 28 29;0 29 30;1 35 36;8 55 60;5 62 64;1 66 67;6 82 87;8 91 95;0 112 113;1 143 144;0 149 150;0 150 151;6 151 154;2 156 157
8 2 6;0 18 19;0 39 40;0 77 78;0 87 88;0 88 89;0 100 101;0 110 111;0 111 112;1 115 116;1 131 132;0 135 136;0 157 158;0 158 159;8 185 189;6 193 197;0 206 208;3 210 212;2 226 227
0 2 3;6 18 23;8 23 27;8 31 35;6 35 38;6 41 46;5 46 48;8 51 55;6 55 58;1 76 77;6 78 83;8 103 106;1 139 140;6 151 154;6 159 164;6 166 169;6 170 174;8 180 183;2 199 201;1 217 218;6 223 226;1 229 230;0 241 242;2 253 254
0 16 17;1 31 32;8 41 45;8 49 53;3 53 55;8 58 62;1 69 70;1 75 76;6 93 97;8 99 103;8 105 109;8 124 129;6 133 138;8 161 165;0 186 187;5 216 218;0 223 225;8 228 232;1 238 239;2 262 263
0 8 9;0 21 22;0 22 23;6 23 26;0 42 43;0 43 44;6 44 47;0 57 58;0 76 77;0 77 78;0 88 89;6 102 106;5 106 108;6 119 124;6 126 129;8 128 133;1 133 134;0 141 142;0 164 165;0 176 177;5 188 190;8 198 202;1 207 208;8 227 231;5 231 233;2 235 236
8 2 6;5 6 8;0 29 31;3 36 38;0 59 61;0 66 67;0 77 79;0 96 97;1 103 104;2 163 164
2 2 4;0 13 14;0 14 15;6 15 18;8 24 27;0 30 31;3 39 41;0 50 51;0 60 61;0 73 74;0 84 85;2 91 92;5 92 93
6 2 6;5 17 19;8 40 44;2 46 47;5 47 48
1 8 9;0 20 21;2 34 35
6 21 25;8 43 47;5 47 49;6 105 109;2 130 133;6 136 139;8 145 148;0 151 152;8 179 183;0 183 184;0 203 205;0 206 207;0 207 208;0 213 214;1 214 215;8 222 226;6 238 241;1 267 268;0 277 278;0 285 286;2 292 293
0 16 17;0 30 31;2 37 38
0 6 7;0 7 8;1 15 16;0 25 26;0 26 27;6 27 30;2 30 31
0 6 7;0 7 8;0 21 22;2 28 29
0 16 17;3 25 27;0 36 37;1 45 46;6 51 54;0 55 56;6 74 78;3 80 82;2 89 91;8 94 97;6 107 112;8 112 116;0 118 119;2 125 126
8 7 10;2 22 23
6 2 5;2 5 7;1 18 19;0 24 25;6 39 44;6 50 55;6 57 62;6 67 70;2 97 98
6 4 8;5 23 25;0 34 35;8 46 50;5 50 52;3 61 63;8 80 84;0 84 85;1 94 95;0 102 103;0 103 104;0 116 117;1 123 124;0 127 128;2 134 135
6 2 5;0 15 16;0 32 34;2 54 55
6 14 17;0 18 19;8 28 31;0 39 40;0 40 41;3 46 48;3 53 55;8 56 60;5 66 68;1 76 77;1 84 85;6 86 91;1 107 108;0 121 122;9 137 141;6 144 148;6 153 158;1 173 174;2 195 196;5 196 197
0 7 8;0 8 9;6 9 12;0 18 19;0 19 20;4 25 27;0 33 34;1 42 43;1 63 64;1 68 69;1 74 75;6 82 85;0 97 98;0 120 121;3 129 131;0 133 135;6 138 141;0 142 143;2 162 163
6 2 5;0 6 7;1 30 31;0 34 35;0 52 54;0 55 56;0 56 57;0 62 63;1 63 64;8 71 74;0 77 79;6 82 85;5 91 93;1 95 96;6 105 110;6 120 124;1 136 137;7 140 145;8 145 149;2 151 152
6 39 44;8 44 48;2 54 56;6 59 62;1 64 65;8 72 76;2 78 79
0 2 3;2 8 10;2 21 23;0 38 39;1 45 46;0 54 55;7 71 77;6 99 102;0 103 104;1 122 123;9 132 136;2 139 140
6 2 5;0 18 19;1 25 26;0 29 30;0 39 40;7 85 90;1 98 99;6 108 113;5 113 115;6 120 124;9 139 143;0 144 145;1 153 154;0 166 167;1 176 177;0 187 188;0 197 198;2 204 205
6 2 5;1 5 6;5 11 13;6 14 18;5 18 20;8 67 71;6 74 78;6 85 90;2 113 114
0 8 10;0 11 12;0 29 30;2 35 37;6 49 52;0 54 55;6 66 69;8 87 91;2 93 94
2 6 8;0 26 27;8 41 45;1 51 52;6 80 84;2 110 111;5 111 112
0 2 3;0 19 21;6 39 42;5 51 53;0 79 81;6 104 109;1 127 128;5 135 137;2 151 152
2 35 37;5 44 46;1 61 62;0 75 76;6 85 88;6 112 115;6 119 124;8 146 150;3 162 164;0 171 172;0 172 173;6 173 176;0 190 192;0 201 202;1 205 206;6 216 221;2 223 224
6 2 5;0 6 7;1 16 17;0 29 30;0 30 31;1 36 37;1 39 40;0 45 46;6 57 60;1 62 63;9 70 74;0 81 82;0 82 83;2 88 89
0 5 6;3 28 30;0 39 40;8 53 57;1 81 82;0 97 98;1 102 103;8 124 127;5 147 149;6 150 155;0 167 168;1 172 173
3 24 26;0 33 34;5 45 47;8 55 59;0 63 64;0 94 96;0 102 103;8 129 133;0 135 136;0 136 137;1 142 143;1 145 146;1 163 164;1 173 174;8 175 180;6 200 205;6 217 221;0 226 227;0 227 228;1 231 232;8 248 252
6 2 5;0 6 7;0 23 24;0 24 25;1 30 31;1 33 34;0 39 40;8 51 55;8 68 72;2 77 79;6 109 114;9 115 118;2 125 127;6 130 133;1 135 136
5 4 6;0 11 13;0 16 17;1 37 38;8 49 53;3 53 55;7 68 73;6 80 83;0 106 107;6 120 123;3 127 129;6 142 147
8 11 16;0 18 19;0 37 38;0 38 39;0 62 63;0 72 73;0 73 74;1 100 101;8 111 114;6 129 132;0 135 136;8 153 157;6 166 169;0 172 173;5 182 184;6 188 193;8 195 199;6 208 211;0 214 215
0 17 19;0 24 25;8 38 41;0 44 46;1 62 63;0 70 71;8 82 86;5 86 88;2 102 104;0 104 106;6 130 134;0 144 145;1 164 165;8 168 172;8 175 179;0 181 182;0 182 183;1 188 189;1 191 192;0 205 206;6 217 220;1 222 223;8 236 241
0 17 18;0 25 26;0 26 27;6 27 30;0 47 49;8 80 84;4 84 86;6 90 94;1 96 97;6 99 103;2 119 122;6 128 133;6 135 138;8 137 142;3 150 152;6 170 173;0 174 175;1 199 200
4 40 42
0 2 3;0 15 16;2 22 23
6 2 5;0 15 16;2 26 27
1 11 12;6 13 18;2 24 25
8 2 5;0 9 10;0 20 21;0 21 22;2 27 28
8 4 7;6 15 21;2 21 23;8 26 29;3 37 39;1 55 56;2 60 61
5 4 6;0 13 14;2 27 30;2 63 64
6 2 5;2 19 21;1 28 29;1 42 43;8 44 49;0 60 61;6 77 82;5 82 84;2 88 89
9 15 18;6 40 45;8 65 70;1 80 81;5 99 101;2 105 106
3 6 8;8 26 29;8 50 53;2 72 73
6 2 5;8 11 14;0 22 23;0 31 32;0 32 33;0 50 51;0 51 52;1 59 60;0 65 66;6 98 102;5 104 106;8 107 111;2 113 114
6 2 5;0 21 22;0 56 58;1 66 67;1 99 100;2 105 107;6 114 119;2 121 122
0 2 3;5 7 9;6 14 19;1 31 32;0 35 36;3 54 56;0 62 63;2 73 74
2 15 17;0 29 30;8 76 80;2 85 87;0 87 89;6 92 95;2 95 97;6 106 111;2 117 118
0 6 8;2 11 13;8 16 19;6 34 39;2 51 53;8 56 59;0 62 63;0 63 64;1 71 72;8 77 81;8 93 96;2 114 115
0 6 8;6 29 32;2 32 34;2 56 57
2 14 16;0 24 25;1 31 32;0 35 36;2 42 43
2 5 7;0 7 9;6 12 15;7 41 46;8 51 54;0 57 59;6 70 73;6 89 92;6 94 99;6 99 102;2 116 117
0 6 8;3 11 13;6 19 24;8 35 39;8 46 50;8 55 58;6 66 71;2 77 78
3 4 6;5 16 18;0 22 23;6 40 44;1 59 60;0 67 68;0 76 78;0 79 80;2 90 91
0 9 11;7 14 19;5 37 39;6 40 45;6 47 52;2 58 59
2 13 15;0 25 26;2 62 63
8 14 18;2 23 25;6 38 42;5 44 46;0 49 50;0 50 51;1 58 59;7 68 73;6 84 87;1 93 94;6 109 114;8 120 123;2 125 126
6 2 5;2 5 7;7 11 17;1 25 26;6 27 32;2 34 35
6 2 5;2 5 7;8 13 16;0 31 32;2 38 39
0 6 7;5 7 9;0 14 15;6 19 22;1 33 34;2 57 58
0 41 42;2 52 53
2 4 6;8 9 12;1 33 34;9 38 41;1 48 49;8 52 56;8 56 59;6 58 63;0 66 67;0 67 68;3 73 75;6 86 89;8 93 96;2 98 99
8 2 6;6 26 30;1 30 31;8 36 40;1 53 54;2 58 59
1 2 3;0 18 19;6 42 47;7 47 52;0 71 73;1 78 79;2 92 93
0 13 15;5 35 37;6 41 46;0 49 50;6 62 65;2 93 94
8 4 8;7 10 15;6 15 18;7 26 31;2 47 48
7 8 13;0 18 19;0 28 29;1 50 51;5 63 65;8 81 86;2 101 102
6 21 24;1 24 25;6 26 31;6 31 36;6 40 44;1 50 51;6 52 56;0 79 80;2 86 87
0 11 13;8 16 20;1 26 27;2 73 74
5 2 4;1 6 7;0 10 11;0 25 26;1 34 35;6 49 52;9 57 59;0 63 64;8 82 85;6 96 99;2 113 114
7 8 13;0 18 19;0 43 44;0 44 45;6 45 48;6 64 69;2 75 76
0 2 3;0 3 4;5 14 16;7 32 37;1 43 44;5 51 53;0 59 60;0 70 71;2 77 78
0 2 3;1 21 22;0 51 52;0 64 65;2 71 72
0 4 5;0 5 6;9 17 19;2 28 30;8 33 37;5 37 39;0 44 45;0 60 61;0 77 78;0 78 79;6 79 82;8 94 98;6 105 109;2 115 116
7 8 13;6 20 23;0 54 55;0 64 65;2 73 74
5 6 8;6 16 21;6 21 26;1 32 33;2 46 47
6 4 9;5 20 22;8 61 64;2 66 67
6 14 19;6 19 22;1 30 31;2 44 45
0 21 22;0 28 30;2 91 92
6 15 20;6 29 34;1 42 43;0 69 71;2 88 89
8 23 26;0 29 31;6 34 37;0 50 51;0 64 65;0 81 83;2 102 104;0 104 106;5 111 113;7 120 125;3 132 134;0 137 138;5 147 149;2 155 157;8 165 168;1 186 187;6 188 193;2 195 196
1 22 23;0 27 28;8 39 43;8 43 46;1 51 52;2 56 57
8 6 9;6 29 33;1 33 34;8 39 43;2 70 71
6 30 34;2 36 38;2 43 46;2 66 67
0 13 14;0 14 15;6 32 37;0 40 41;5 45 47;8 72 75;2 77 78
0 6 8;1 11 12;9 25 28;6 39 44;1 56 57;0 72 73;0 73 74;1 81 82;0 94 95;2 105 106
8 2 6;6 26 30;1 30 31;8 36 40;7 57 62;2 78 79
0 2 3;8 30 34;6 38 43;5 49 51;8 71 74;2 85 86
6 2 5;1 12 13;0 16 17;6 21 24;0 27 28;8 46 50;1 50 51;2 55 56
1 13 14;1 29 30;0 39 40;3 46 48;2 63 64
1 16 17;6 22 26;6 30 35;2 44 45
1 4 5;8 6 10;6 13 19;7 19 24;7 26 31;2 33 34
0 2 3;1 7 8;0 11 13;0 14 15;0 33 34;5 38 40;2 44 45
5 13 15;1 29 30;2 34 36;7 47 52;0 63 65;0 66 67;0 67 68;1 75 76;6 81 84;1 86 87;6 101 106;2 108 109
0 7 8;1 21 22;1 30 31;6 32 37;2 43 44
5 6 8;8 19 22;8 31 36;0 60 62;2 71 72
1 2 3;1 7 8;6 13 16;0 19 20;8 29 32;2 42 43
0 11 12;8 29 32;2 43 44
2 23 26;1 33 34;2 54 56;8 90 94;0 104 106;2 115 116
3 11 13;2 32 35;0 51 52;0 61 63;0 64 65;0 65 66;1 71 72;6 79 82;5 87 89;2 93 94
3 11 13;1 26 27;0 59 60;1 66 67;0 70 72;6 79 84;2 96 97
6 4 9;6 11 14;0 35 36;2 61 62
1 15 16;0 19 20;0 20 21;9 38 40;2 49 51;6 74 78;6 86 91;2 93 94
8 5 8;8 13 17;6 25 30;0 38 39;0 54 55;1 59 60;2 64 65
0 15 17;6 20 23;5 29 31;6 39 44;6 44 47;2 67 69;1 76 77;8 78 83;1 96 97;2 101 102
1 11 12;2 63 64
1 20 21;2 54 55
0 2 3;0 11 13;8 16 20;0 24 25;7 40 45;8 57 60;2 62 63
8 46 49;6 48 53;2 59 60
8 12 15;6 29 32;2 72 73
0 14 15;8 19 22;1 22 23;6 28 31;5 37 39;1 41 42;6 47 52;5 52 54;8 57 61;6 78 83;2 85 86
6 20 25;1 40 41;6 50 54;0 59 60;1 66 67;2 81 82
0 16 17;2 22 24;8 27 30;2 34 36;6 51 55;2 79 80
6 19 24;0 27 28;0 28 29;0 37 38;8 53 58;2 62 64;8 67 70;6 70 75;2 87 88
0 11 12;0 26 27;0 27 28;1 33 34;1 36 37;0 42 43;1 56 57;2 66 69;6 72 76;8 91 95;0 107 108;1 115 116;0 119 120;2 126 127
6 2 5;2 7 9;2 18 20;2 25 27;6 47 51;1 61 62;8 65 69;2 73 74
5 4 6;1 8 9;0 12 13;1 28 29;6 51 55;2 72 73
0 41 42;0 42 43;4 46 48;1 51 52
0 2 3;0 3 4;1 7 8;1 12 13;5 18 20
0 2 3;0 3 4;1 7 8;1 12 13
6 2 5;1 10 11;1 22 23;5 25 26
0 7 8;0 8 9;1 14 15;1 17 18;0 23 24;0 59 60;1 66 67;5 69 70
6 2 5;6 12 15;0 17 18;0 18 19;3 24 26;0 29 30;0 30 31;0 50 51;5 60 61
6 7 13;8 13 17;1 27 28;6 29 34;5 37 38
6 10 13;0 25 26;0 35 36;5 51 53;8 63 67;5 76 77
6 6 11;6 24 28;5 31 32
0 19 20;5 24 26;1 43 44;8 51 55;5 58 59
0 2 3;6 41 46;5 53 55;2 57 59;6 62 65;5 71 73;1 75 76;6 78 83;8 83 87;7 89 94;5 97 98
5 9 11;2 24 25
0 16 18;2 31 32
0 14 16;6 23 27;2 37 38
2 7 9;0 9 11;1 19 20;2 22 24;6 37 42;2 44 45
6 20 23;6 31 36;1 40 41;6 49 52;5 58 60;2 65 66
3 9 11;0 17 18;2 27 28
8 16 19;1 24 25;2 29 30
6 4 7;5 18 20;6 23 27;1 27 28;8 33 37;8 50 53;2 55 56
0 8 10;1 13 14;1 26 27;0 38 39;0 39 40;2 43 44
1 2 3;0 14 15;0 24 25;8 34 37;8 37 41;1 43 44;2 54 55
0 8 10;0 11 12;0 28 30;1 39 40;0 59 61;2 70 71
8 2 6;0 10 11;0 20 21;1 42 43;0 46 47;2 53 54
6 14 17;6 19 24;2 32 33
2 24 25
0 10 11;2 32 33
5 4 6;6 34 38;3 42 44;2 48 49
2 5 7;0 7 9;6 12 15;8 22 25;0 46 47;2 53 54
0 6 8;0 27 29;2 38 39
6 26 31;8 31 35;1 39 40;9 41 45;8 51 54;8 62 67;1 67 68;2 70 71
2 32 34;6 37 40;3 46 48;2 52 53
1 12 13;6 20 23;6 27 30;1 34 35;2 37 38
6 4 7;8 21 25;0 27 28;2 48 49
6 2 5;1 11 12;0 28 29;5 33 35;2 39 40
6 2 5;2 15 17;0 17 19;2 41 43;1 48 49;0 59 60;2 79 80
6 17 20;2 31 33;0 33 35;6 57 62;5 62 64;2 66 67
3 7 9;0 14 15;0 33 34;2 44 45
6 2 5;3 14 16;0 21 23;0 24 25;0 35 36;2 42 43
5 8 10;8 30 33;2 44 45
0 15 16;0 23 24;2 34 35
0 2 4;3 6 8;6 25 30;2 34 35
1 4 5;6 14 19;2 25 26
6 6 9;1 9 10;0 13 14;0 14 15;6 15 18;2 20 21
6 12 17;1 21 22;2 26 27
8 16 20;6 25 30;6 30 35;2 37 38
3 6 8;7 17 22;0 22 23;1 26 27;2 31 32
6 16 20;8 39 42;2 44 45
8 4 7;1 14 15;1 19 20;0 23 24;0 24 25;2 35 36
6 4 7;6 9 12;6 18 23;2 27 28
5 4 6;6 34 38;3 42 44;2 48 49
3 8 10;6 13 18;6 27 30;2 46 47
6 12 15;0 25 26;2 37 38
6 20 23;6 31 36;1 40 41;6 49 52;2 63 64
8 13 16;6 16 21;2 28 29
0 2 3;3 29 31;0 34 35;2 41 42
0 8 9;8 18 22;7 22 23;2 35 36
8 30 33;0 39 40;2 50 51
2 24 25
0 19 20;2 54 55
6 2 5;1 8 9;0 20 21;0 30 31;2 37 38
1 11 12;0 29 30;1 34 35;2 39 40
1 4 5;6 15 20;0 40 41;0 41 42;2 48 49
6 2 5;1 15 16;7 27 32;0 32 33;1 36 37;2 41 42
6 2 5;8 16 20;2 29 31;0 39 40;2 46 47
6 14 17;1 19 20;0 29 30;0 30 31;1 36 37;2 39 40
6 4 7;0 55 56;2 62 63
6 2 5;6 8 11;6 36 42;2 49 50
6 2 5;6 8 11;0 33 34;2 40 41
6 2 5;0 18 20;3 26 28;4 37 39;2 42 43
2 11 14;1 20 21;2 36 37
5 6 8;5 17 19;0 35 36;2 45 46
5 6 8;6 26 31;8 31 34;2 36 37
0 2 3;8 3 6;1 24 25;0 32 33;8 37 40;2 42 43
0 15 16;0 23 24;2 34 35
5 6 8;1 15 16;8 24 28;0 37 38;2 47 48
1 11 12;1 25 26;0 32 33;0 42 43;2 49 50
1 24 25;0 31 32;2 39 40
0 25 26;2 35 36
1 4 5;8 19 23;0 25 26;1 30 31;2 35 36
6 2 5;1 11 12;5 19 21;0 25 26;2 36 37
6 2 5;1 7 8;0 25 26;2 36 37
6 2 5;5 12 14;0 18 19;2 28 29
6 4 7;8 10 14;1 21 22;5 27 29;1 31 32;2 34 35
3 7 9;1 19 20;8 28 32;2 34 35
1 31 32;2 48 49
8 18 22;0 26 27;2 41 42
6 8 11;8 13 17;0 23 24;1 28 29;2 33 34
8 16 20;0 22 23;0 23 24;6 24 27;2 29 30
6 10 13;2 19 20
0 11 13;5 23 25;2 29 30
2 12 15;2 52 53
8 17 20;2 22 23
9 24 29;0 30 31;2 37 38
5 4 6;2 10 12;0 12 14;2 31 32
2 32 33
0 2 3;2 35 36
0 6 8;0 9 10;5 10 12;0 15 17;1 22 23;1 30 31;8 32 37;0 51 52;2 58 59
0 10 12;1 17 18;8 24 29;1 37 38;0 43 44;2 54 55
6 10 13;2 45 46
5 8 10;0 20 21;0 21 22;1 25 26;2 30 31
1 11 12;1 21 22;2 29 30
6 4 7;0 23 24;0 24 25;1 41 42;6 52 55;2 55 57;0 69 70;6 82 85;2 85 87;0 101 102;8 102 105;2 130 132;0 139 140;2 170 172;8 175 179;3 179 181;0 184 185;0 197 198;0 198 199;1 202 203;2 207 208
6 4 7;2 7 9;1 29 30;2 39 40
1 4 5;1 11 12;6 17 21;2 21 23;5 25 27;1 29 30;2 32 33
5 2 4;5 10 12;0 15 16;0 16 17;2 24 26;6 29 32;1 38 39;5 46 48;0 52 53;2 63 64
6 2 5;1 8 9;0 20 21;3 27 29;0 31 33;0 34 35;2 41 42
1 10 11;5 18 20;2 27 28
0 25 26;2 35 36
1 4 5;2 12 15;5 18 20;1 22 23;2 25 26
1 4 5;5 12 14;0 18 19;2 29 30
6 2 5;1 7 8;0 25 26;2 36 37
1 11 12;1 23 24;6 33 39;0 42 43;0 43 44;1 47 48;2 52 53
1 4 5;2 28 31;1 38 39;8 46 50;6 71 75;7 81 86;1 94 95;2 100 101
5 6 8;6 13 16;1 37 38;2 40 41
1 11 12;0 37 38;0 47 48;2 54 55
1 10 11;0 24 26;0 32 33;1 37 38;2 42 43
1 11 12;0 18 19;1 25 26;0 29 30;2 40 41
1 10 11;0 17 18;0 18 19;1 24 25;0 28 29;2 39 40
0 28 29;2 38 39
1 4 5;1 27 28;2 30 31
6 2 5;1 11 12;5 19 21;0 25 26;2 36 37
6 2 5;0 27 28;2 38 39
6 4 7;0 25 26;2 36 37
2 21 23;2 37 38
5 4 6;6 17 22;0 41 42;1 46 47;2 51 52
3 31 33;0 40 41;2 50 51
6 17 20;2 35 36
0 15 16;0 23 24;2 34 35
0 25 26;2 35 36
1 4 5;2 12 15;2 26 27
6 2 5;1 11 12;5 19 21;0 25 26;2 36 37
6 2 5;1 7 8;0 25 26;2 36 37
6 4 7;7 12 18;0 23 24;2 34 35
1 14 15;2 28 30;5 33 35;2 39 40
8 13 18;0 20 21;1 25 26;2 30 31
6 2 5;6 8 11;0 17 18;2 27 28
6 4 7;6 33 38;2 44 45
0 4 5;2 29 30
6 4 7;0 23 24;2 34 35
0 18 19;0 28 29;2 37 38
0 23 24;5 28 30;2 34 35
0 2 3;0 14 15;2 34 35
2 8 10;6 13 16;1 18 19;0 31 32;2 43 44
5 15 17;2 21 23;5 40 42;2 46 47
1 10 11;0 16 17;3 23 25;2 39 40
9 5 7;6 30 35;6 35 39;5 39 41;2 43 44
1 12 13;0 25 27;2 51 52
0 11 13;1 25 26;2 40 41
0 2 3;0 28 29;0 48 49;2 55 56
5 9 11;0 15 16;3 22 24;1 35 36;6 37 42;1 49 50;2 54 55
2 4 6;6 9 12;6 14 19;2 42 43
0 7 8;6 19 22;1 31 32;2 36 37
0 10 11;0 27 28;2 34 35
2 26 27
2 17 18
1 18 19;6 20 25;2 27 28
0 7 9;1 16 17;8 26 30;8 30 33;1 38 39;2 43 44
0 9 11;1 20 21;0 31 32;6 36 39;6 47 52;5 56 58;0 68 69;6 73 76;6 81 84;2 99 100
5 2 4;1 6 7;0 10 11;6 20 23;2 31 32
0 15 16;0 23 24;2 34 35
6 4 7;2 26 27
2 2 4;8 7 10;1 26 27;2 31 32
0 23 24;2 30 31
6 8 11;2 11 13;1 25 26;6 33 38;2 42 43
6 4 7;0 18 19;0 19 20;4 23 25;2 28 29
6 4 7;0 18 19;2 30 31
8 4 8;0 12 14;2 24 25
6 7 10;8 13 16;6 25 31;0 34 35;2 44 45
6 4 7;0 17 18;0 25 26;2 36 37
0 9 11;1 16 17;2 35 36
5 6 8;0 43 44;2 54 55
6 2 5;0 17 18;8 22 25;2 28 29
6 4 7;8 10 13;0 24 25;1 29 30;2 34 35
2 29 30
5 4 6;5 26 28;2 32 33
2 29 30
3 33 35;0 46 47;8 51 54;2 56 57
2 29 30
5 4 6;5 22 24;2 28 29
5 2 4;1 6 7;0 24 25;6 37 40;2 48 49
1 6 7;0 16 17;2 27 28
0 2 3;0 26 27;1 31 32;2 36 37
4 39 41;0 44 45;0 61 62;0 62 63
0 5 6;0 22 24;6 35 39;2 43 44;5 44 45
8 19 23;5 23 25;6 29 34;8 34 38;8 41 45;0 51 53;2 73 74
2 8 10;0 10 12;8 15 19;3 19 21;6 25 30;8 30 33;6 34 39;0 54 55;1 59 60;1 70 71;1 77 78;8 81 85;2 88 89;5 89 90
0 9 10;1 26 27;6 28 33;1 33 34;6 42 45;1 48 49;2 66 67;5 67 68
0 2 3;8 3 6;0 11 12;0 35 36;0 41 43;0 46 47;0 54 56;2 61 64;6 81 84;1 87 88;6 99 103;2 105 106;5 106 107
1 18 19;0 27 28;0 38 39;1 58 59;2 61 63;0 71 72;2 78 79;5 79 80
8 4 7;0 19 20;0 20 21;9 32 35;6 62 67;8 67 71;6 84 87;0 97 99;2 104 105;5 105 106
8 7 10;3 19 21;0 43 44;0 54 55;2 62 63;5 63 64
6 9 14;0 19 20;0 20 21;1 26 27;1 29 30;0 35 36;0 76 78;0 83 84;2 92 93;5 93 94
8 2 5;6 4 9;6 29 34;0 37 38;2 46 47;5 47 48
5 12 14;6 32 36;6 40 44;0 59 60;2 68 69;5 69 70
6 23 27;1 33 34;0 51 53;3 55 57;0 62 63;2 71 72;5 72 73
8 2 6;0 25 26;0 26 27;2 47 48;5 48 49
8 8 11;3 16 18;3 22 24;6 41 45;1 45 46;6 51 56;8 66 70;2 72 73;5 73 74
0 8 10;5 45 47;0 57 58;2 64 65;5 65 66
0 32 33;5 42 44;1 55 56;0 63 64;6 75 78;2 80 82;2 88 89;5 89 90
6 2 5;0 18 19;1 35 36;0 51 52;0 64 65;2 73 74;5 74 75
0 2 3;0 3 4;8 22 26;7 28 33;2 35 37;2 43 44;5 44 45
5 6 8;1 20 21;1 33 34;0 37 38;0 58 59;2 65 66;5 66 67
1 12 13;0 22 24;0 25 26;0 50 52;0 53 54;2 62 63;5 63 64
0 12 14;1 27 28;0 55 57;8 108 112;0 112 113;8 117 121;0 131 132;5 152 154;0 157 158;2 164 166;3 178 180;0 183 184;0 184 185;2 190 191;5 191 192
6 2 5;1 8 9;2 11 13;1 24 25;6 31 35;6 52 56;6 68 72;1 72 73;8 78 82;0 118 119;2 125 126;5 126 127
5 10 12;1 59 60;6 65 68;6 75 81;0 84 85;3 93 95;5 102 104;0 140 141;0 158 160;0 170 172;0 173 174;0 174 175;1 178 179;1 183 184;6 195 200;6 211 214;1 220 221;6 226 229;6 237 240;1 240 241;0 246 247;1 265 266;6 281 286;2 290 291;5 291 292
1 16 17;1 20 21;6 30 33;1 38 39;8 42 45;2 74 75;5 75 76
1 2 3;1 8 9;6 14 17;1 27 28;8 39 43;0 45 46;0 57 58;8 62 66;0 71 72;0 72 73;6 73 76;0 82 83;0 107 108;8 131 135;0 141 142;6 151 154;0 155 156;8 178 182;0 188 189;8 209 213;9 217 221;0 231 233;0 241 242;2 248 249;5 249 250
5 10 12;0 16 17;0 17 18;3 23 25;0 30 31;1 60 61;8 64 69;1 69 70;6 77 80;0 81 82;0 98 100;7 108 113;0 129 131;0 137 138;0 138 139;6 139 142;2 142 143
5 7 9;0 14 15;0 32 34;0 44 46;0 47 48;0 48 49;1 52 53;1 57 58;0 63 64;0 82 83;5 99 101;0 106 107;0 122 123;2 130 131
1 4 5;8 10 13;1 17 18;1 34 35;7 38 43;2 53 55;0 55 57;1 63 64;1 68 69;0 88 90;0 93 95;0 96 97;2 105 106;5 106 107
5 6 8;1 19 20;1 31 32;0 42 43;5 47 49;6 54 57;2 59 61;2 67 68;5 68 69
0 23 24;0 34 35;0 35 36;1 39 40;1 44 45;0 48 49;2 55 56;5 56 57
6 10 13;2 13 15;5 22 24;0 33 34;8 45 49;0 81 82;2 88 89;5 89 90
9 32 37;0 38 39;0 39 40;0 49 50;2 58 59;5 59 60
5 6 8;6 13 16;1 26 27;1 62 63;8 69 74;6 74 77;2 82 83;5 83 84
0 12 13;5 28 30;7 40 46;9 51 53;6 65 70;9 71 74;2 79 81;6 84 87;8 92 95;0 96 97;2 104 105;5 105 106
0 18 19;0 19 20;5 29 31;1 45 46;3 51 53;2 67 68;5 68 69
0 2 3;0 3 4;1 9 10;6 24 27;3 27 29;6 30 34;2 39 40
0 30 31;2 39 40;5 40 41
1 2 3;3 11 13;0 21 22;2 56 57;5 57 58
6 4 7;1 12 13;8 16 19;2 48 49;5 49 50
0 2 3;5 12 14;2 18 20;2 50 52;6 55 58;0 70 71;0 71 72;1 79 80;6 90 94;2 98 99;5 99 100
5 12 14;1 21 22;9 35 39;6 44 48;2 52 53;5 53 54
5 6 8;2 16 18;1 27 28;6 39 44;6 58 63;6 63 66;0 83 85;0 89 90;2 98 99;5 99 100
8 21 26;0 26 27;1 38 39;6 57 60;5 66 68;1 70 71;6 80 86;0 91 92;5 96 98;6 103 106;2 108 110;2 116 117;5 117 118
0 2 3;1 14 15;2 19 21;5 24 26;1 28 29;1 43 44;0 61 63;0 67 68;0 80 81;5 85 87;2 89 90
6 2 5;2 5 7;1 18 19;8 21 25;8 33 37;0 43 44;0 44 45;2 48 49
6 4 7;8 14 17;0 28 29;0 44 45;2 53 54
0 2 3;1 16 17;0 25 26;0 41 42;6 57 62;0 65 66;2 74 75
1 2 3;6 12 16;6 18 21;2 51 52;5 52 53
6 2 5;1 5 6;5 11 13;6 14 19;7 27 32;0 37 38;5 42 44;2 46 47;5 47 48
5 23 25;1 42 43;8 48 52;6 58 62;2 66 67;5 67 68
8 4 7;1 14 15;1 19 20;0 23 24;0 24 25;2 39 40;5 40 41
1 2 3;0 31 32;2 38 39;5 39 40
6 2 5;1 8 9;1 33 34;6 37 42;2 44 45;5 45 46
1 2 3;6 11 14;0 17 18;1 21 22;2 41 42;5 42 43
6 4 7;0 33 34;2 40 41;5 41 42
1 2 3;6 28 32;2 37 38;5 38 39
8 12 16;2 22 24;2 31 32;5 32 33
1 2 3;6 12 17;5 17 19;6 24 29;9 47 52;6 60 63;0 74 76;0 77 78;0 78 79;6 79 82;2 82 83
0 6 8;8 16 19;9 33 38;8 46 49;0 82 83;2 89 90
0 6 8;8 20 24;1 38 39;5 47 49;8 58 63;8 66 71;0 73 74;0 74 75;6 75 78;2 78 79
0 8 10;8 38 43;6 43 46;6 57 62;0 65 66;2 74 75
1 11 12;0 50 51;5 55 57;2 59 60
6 2 5;1 8 9;8 20 24;0 39 40;0 40 41;6 41 44;2 44 45
6 7 10;2 12 14;8 24 27;6 28 32;1 45 46;0 56 57;0 64 65;1 69 70;0 75 76;2 83 84
0 6 7;0 7 8;1 13 14;1 16 17;0 22 23;0 50 51;0 61 62;2 69 70
0 16 18;2 23 24
8 2 5;2 23 24
9 25 29;0 30 31;0 40 41;2 49 52;2 68 69
6 2 6;2 9 12;2 26 28;6 31 34;2 36 38;6 52 57;2 59 60
3 27 29;6 38 41;1 45 46;9 49 53;6 57 63;8 63 67;2 67 68
1 19 20;7 40 45;0 57 59;1 64 65;1 68 69;2 73 74
0 9 10;3 16 18;5 37 39;2 43 44
2 5 7;5 10 12;0 18 19;0 43 44;1 48 49;2 53 54
2 8 10;5 12 14;8 35 39;5 56 58;8 93 96;0 102 103;2 110 111
6 18 23;5 32 34;6 42 47;6 49 53;5 57 59;1 63 64;8 67 71;2 71 72
0 8 9;5 13 15;6 28 31;2 38 39
6 4 7;2 25 27;0 42 43;0 43 44;2 47 48
8 16 19;2 23 25;5 42 44;2 48 49
6 10 13;0 21 22;8 26 29;2 31 32
0 14 15;5 19 21;0 24 25;2 33 34
6 30 33;5 40 42;2 46 47
0 26 27;2 37 38
0 8 9;0 19 20;2 32 33
6 10 13;6 18 21;8 26 29;6 34 37;8 37 41;5 59 61;2 65 66
2 7 9;5 40 42;6 43 47;2 49 51;0 64 65;2 78 79
7 22 27;1 31 32;2 36 37
6 12 15;1 24 25;2 35 36
8 41 44;0 48 49;1 55 56;0 64 65;0 72 73;0 83 84;2 90 91
6 2 5;2 5 7;8 10 13;2 17 19;0 29 30;1 36 37;0 42 43;0 53 54;0 61 62;7 76 82;0 85 86;0 86 87;2 90 91
0 14 15;0 15 16;0 23 24;0 36 37;0 46 47;0 55 57;8 60 64;2 69 71;3 80 82;2 123 125;0 132 133;2 146 149;6 152 155;0 156 157;6 219 222;0 223 224;1 255 256;8 259 263;2 266 267
0 14 15;6 24 28;7 41 47;0 47 48;6 59 62;3 81 83;5 88 90;1 92 93;1 97 98;0 104 105;0 112 113;1 117 118;0 123 124;2 131 132
0 7 8;0 8 9;1 14 15;1 17 18;0 23 24;0 35 36;0 54 55;0 69 70;0 70 71;6 71 74;0 92 93;0 93 94;6 94 97;0 109 110;0 128 129;0 129 130;0 140 141;6 154 158;5 158 160;6 171 176;6 178 181;0 194 195;0 205 206;2 213 214
6 8 13;6 13 18;6 21 25;1 25 26;8 31 35;6 35 38;8 68 71;6 78 83;0 86 87;1 95 96;1 103 104;1 117 118;6 119 123;6 148 151;1 153 154;6 166 172;9 173 176;8 187 191;1 199 200;8 201 205;1 207 208;8 209 213;1 213 214;0 221 222;0 244 245;2 256 258;1 263 264;6 283 286;2 297 298
8 2 6;0 13 15;6 20 23;0 24 25;8 42 45;0 75 76;8 89 93;0 100 102;6 140 144;6 160 163;6 178 183;8 207 211;8 217 220;6 237 240;1 242 243;9 250 254;0 261 262;0 262 263;2 268 269
0 14 15;8 19 22;1 22 23;8 30 34;1 45 46;6 67 70;1 86 87;6 95 100;5 124 126;2 128 130;0 130 132;8 144 148;5 148 150;8 172 175;7 177 183;8 193 197;1 204 205;6 243 246;1 260 261;0 264 265;0 265 266;6 266 269;2 269 270
6 2 5;1 15 16;3 26 28;0 31 32;6 46 51;3 53 55;6 58 63;0 70 71;0 92 94;1 111 112;0 133 134;0 157 158;6 185 188;0 206 208;0 211 213;0 214 215;2 223 224;5 224 225
1 7 8;0 16 17;0 34 36;0 37 38;0 44 46;0 77 79;1 86 87;0 92 93;0 93 94;6 110 114;0 121 122;1 131 132;6 141 144;0 157 158;0 158 159;1 162 163;5 173 175;8 179 183;2 194 195;5 195 196
6 7 10;2 10 12;0 36 37;7 51 57;0 60 61;0 61 62;2 65 66
0 34 35;2 45 46
6 7 10;2 10 12;2 61 62
0 5 6;7 29 35;1 37 38
0 2 3;0 10 12;6 23 28;8 28 32;1 37 38;6 46 49;0 50 51;1 55 56;0 64 65;2 80 82;0 82 84;8 87 90;0 118 119;1 125 126;1 139 140;0 150 151;0 163 164;2 170 171
6 4 9;8 9 13;6 27 32;0 35 36;0 36 37;6 37 40;8 48 52;8 66 70;1 70 71;0 86 87;1 98 99;1 109 110;1 113 114;0 124 125;2 130 131
0 2 3;0 12 13;5 13 15;0 22 24;0 25 26;0 26 27;1 30 31;6 39 43;2 63 65;0 65 67;0 74 75;0 89 90;2 115 116;5 116 117
0 24 25;2 59 61;0 64 66;3 68 70;0 75 76;1 90 91;0 96 97;0 108 110;3 112 114;0 126 128;0 131 133;0 134 135;2 143 144;5 144 145
0 33 34;8 50 53;8 56 59;8 64 68;0 70 71;0 71 72;6 72 75;2 75 76
1 2 3;0 8 9;0 18 19;0 26 28;6 51 56;8 56 60;6 73 78;5 78 80;8 86 90;5 90 92;8 98 102;0 110 111;1 119 120;0 130 131;0 151 152;0 159 160;2 167 168;5 168 169
6 14 17;0 18 19;8 28 31;0 39 40;0 40 41;3 46 48;3 53 55;8 56 60;1 68 69;1 74 75;0 85 86;6 97 100;1 114 115;6 121 127;1 143 144;1 148 149;6 152 155;1 171 172;8 183 188;6 188 191;5 194 196;1 202 203;1 208 209;6 215 218;1 225 226;0 246 248;0 252 253;2 261 262;5 262 263
8 6 10;0 15 16;5 25 27;1 31 32;1 43 44;6 65 70;7 70 75;1 80 81;7 89 94;1 98 99;6 115 120;8 120 124;0 129 130;0 139 141;3 143 145;1 158 159;6 160 165;2 167 168
0 25 26;1 40 41;6 42 48;1 52 53;6 56 62;5 72 74;0 97 98;6 130 133;0 182 183;1 192 193;0 204 205;1 224 225;6 228 232;3 234 236;6 243 247;0 254 255;1 272 273;2 281 282;5 282 283
6 6 10;5 21 23;1 27 28;3 31 33;0 36 37;0 54 55;1 61 62;0 77 78;1 81 82;0 96 98;8 105 108;2 119 120
0 8 9;8 20 24;5 24 26;1 40 41;0 46 47;2 81 82
0 14 15;0 22 23;0 36 37;0 43 44;1 44 45;0 48 49;0 49 50;0 71 72;0 104 106;2 115 116
5 6 8;5 13 15;0 21 22;6 22 25;1 35 36;0 40 41;8 55 59;7 68 73;2 94 95
7 38 43;2 60 61
0 7 8;7 20 26;8 29 34;3 44 46;1 55 56;8 71 76;7 79 85;0 119 120;2 167 168
6 2 5;6 14 18;6 20 23;6 25 30;2 35 36
6 2 5;6 8 11;0 23 24;1 30 31;8 38 41;2 62 63
6 18 21;8 21 25;0 36 37;0 56 57;0 57 58;5 61 63;3 73 75;2 79 81;6 99 102;7 110 116;1 120 121;2 125 126
0 2 3;3 12 14;0 19 20;0 20 21;5 24 26;2 43 45;0 48 50;3 52 54;0 64 65;2 74 75
6 4 9;3 15 17;8 25 28;1 41 42;3 51 53;0 56 57;2 67 68
0 12 13;0 38 39;0 53 55;5 60 62;5 73 75;8 79 83;0 92 93;0 106 108;2 117 118
0 9 10;5 27 29;1 33 34;0 54 55;8 66 70;1 75 76;6 81 85;0 92 93;1 110 111;2 119 120;5 120 121
6 4 8;0 13 14;1 31 32;6 35 40;0 55 56;8 71 75;0 77 78;8 78 81;2 83 84
8 6 10;6 18 23;0 33 34;0 34 35;1 40 41;1 43 44;0 49 50;6 68 71;0 72 73;6 97 102;5 106 108;8 116 120;0 124 125;0 149 150;6 172 175;1 178 179;1 183 184;2 194 196;6 231 234;1 243 244;1 257 258;0 273 274;0 302 303;2 316 317
1 7 8;0 15 16;0 23 25;6 49 52;1 56 57;8 60 64;2 79 80
6 2 6;6 20 24;6 57 62;2 64 65
6 2 5;2 5 7;8 10 13;0 28 29;1 35 36;0 41 42;6 42 45;0 51 52;0 67 68;1 89 90;8 95 99;6 107 110;2 136 138;8 141 144;8 153 157;2 161 162
0 19 20;8 24 27;0 48 49;0 94 95;0 119 120;0 140 141;2 149 152;2 157 160;6 166 171;6 173 176;6 180 183;1 190 191;1 203 204;7 205 210;6 215 219;2 228 229
0 5 6;0 14 16;8 19 23;0 27 28;3 41 43;0 66 68;6 91 96;2 108 109
0 13 14;0 14 15;1 20 21;7 32 38;1 40 41;0 49 50;0 50 51;1 56 57;1 59 60;0 65 66;6 77 80;2 98 99
0 15 16;0 32 33;0 53 54;0 81 82;0 109 110;8 121 125;2 130 132;5 150 152;2 156 157
0 5 6;0 6 7;6 12 15;0 24 25;0 25 26;1 31 32;1 34 35;0 40 41;1 52 53;0 58 59;0 70 71;0 71 72;1 77 78;8 85 88;0 129 131;2 148 149
6 9 12;0 31 33;0 42 43;6 58 63;1 71 72;1 79 80;0 83 84;0 92 94;1 99 100;8 103 107;3 107 109;0 112 113;0 130 131;1 137 138;6 155 160;0 163 164;0 188 190;2 201 202
0 38 40;6 53 58;0 66 68;1 73 74;2 87 88
0 14 15;8 19 22;1 22 23;8 30 34;6 43 46;1 62 63;6 73 78;6 78 81;6 91 94;2 96 98;1 109 110;9 123 127;6 143 147;1 149 150;6 152 155;2 181 182
5 2 4;0 14 15;8 26 30;5 30 32;2 43 45;6 61 66;0 74 76;2 85 86
0 37 39;0 42 43;0 59 61;3 69 71;3 75 77;0 117 119;8 128 132;2 140 141
2 17 19;0 19 21;6 24 27;0 28 29;5 38 40;0 45 46;0 46 47;6 59 63;3 65 67;5 74 76;6 83 86;1 93 94;1 106 107;7 108 113;6 118 122;2 128 129
1 7 8;0 18 19;0 37 39;2 44 47;8 50 53;5 66 68;0 73 75;7 78 83;0 90 91;6 100 103;0 104 105;0 121 122;0 122 123;6 143 146;1 148 149;0 155 156;0 166 167;0 167 168;2 173 174
2 9 11;0 11 13;0 42 44;1 49 50;8 53 57;5 57 59;6 64 68;0 79 80;6 92 95;8 102 105;2 107 108
0 2 3;2 10 12;0 12 14;2 26 28;8 31 34;6 45 50;7 50 55;6 60 65;8 65 69;5 69 71;6 76 80;0 91 92;6 109 113;8 115 118;2 133 134
8 2 6;6 17 21;1 21 22;9 60 62;0 64 65;8 76 80;8 80 83;0 91 92;0 92 93;1 96 97;2 101 102
6 20 23;0 24 25;1 37 38;8 46 49;0 55 56;2 65 66
0 25 26;6 43 46;8 57 61;0 74 75;2 85 86
5 9 11;3 14 16;1 28 29;5 40 42;0 53 54;8 71 74;0 80 81;1 85 86;2 90 91
0 9 10;1 16 17;0 28 29;0 45 47;0 54 55;6 71 76;6 103 106;7 114 120;2 133 134
0 11 12;0 19 20;0 29 30;0 37 39;0 72 73;0 73 74;3 77 79;2 101 102
1 10 11;6 27 31;6 54 58;2 60 61
1 5 6;0 18 19;0 19 20;1 25 26;1 28 29;0 34 35;0 46 47;0 63 65;1 74 75;0 78 79;0 88 90;3 92 94;0 104 105;1 109 110;2 114 115
0 16 17;4 32 34;6 34 37;2 37 39;0 58 59;1 63 64;2 68 69
5 6 8;0 34 35;8 46 50;5 50 52;6 85 88;6 109 112;0 118 119;1 123 124;2 128 129
0 5 6;0 15 16;5 20 22;6 27 32;0 35 36;0 36 37;1 40 41;2 45 46
0 13 15;0 16 17;5 32 34;1 38 39;0 42 43;8 58 63;5 63 65;1 71 72;0 80 81;1 87 88;0 95 96;0 96 97;1 102 103;1 105 106;5 111 113;1 118 119;9 120 124;1 134 135;5 138 140;1 142 143;1 147 148;1 155 156;6 163 166;2 176 177
0 13 14;0 14 15;8 33 37;0 39 40;0 40 41;1 46 47;1 49 50;8 57 61;0 63 64;8 82 86;3 86 88;0 91 92;6 101 104;6 146 150;8 150 153;2 155 156
0 13 14;0 49 50;1 56 57;0 64 66;3 66 68;0 73 74;0 74 75;6 75 78;1 83 84;0 89 90;0 90 91;3 98 100;8 120 124;0 124 125;2 152 153
6 23 28;2 69 70
0 8 9;2 24 26;0 26 28;6 40 43;2 59 62;3 71 73;5 91 93;1 95 96;2 127 129;6 153 158;8 158 161;1 190 191;8 208 211;3 225 227;1 243 244;0 254 256;1 268 269;0 291 292;0 308 309;1 313 314;2 318 319
0 6 7;5 7 9;2 13 15;0 15 17;5 20 22;1 24 25;6 32 35;1 40 41;0 73 74;2 87 88
0 8 9;0 18 19;0 26 28;0 45 46;6 50 53;2 69 72;3 81 83;5 103 105;1 107 108;1 145 146;5 162 164;0 171 172;5 172 174;1 185 186;2 190 191
0 8 10;0 11 12;0 29 30;1 55 56;0 71 72;0 98 99;6 103 106;3 120 122;5 136 138;0 141 142;1 146 147;2 151 152
0 8 9;3 15 17;4 26 28;0 47 48;8 106 110;0 110 111;0 127 128;0 151 152;1 156 157;2 161 162
4 40 42
8 2 5;0 9 10;1 16 17;0 25 26;0 33 34;0 44 45;2 51 52
0 8 9;0 9 10;9 14 16;0 28 29;0 29 30;0 46 47;0 61 62;0 62 63;2 73 75;1 80 81;0 105 106;2 112 113
1 8 9;2 16 18;1 24 25;0 28 29;0 43 44;0 60 62;0 98 99;2 105 106;5 106 107
5 12 14;6 32 36;0 36 37;9 52 55;6 69 72;6 83 86;9 87 91;1 122 123;0 128 130;0 133 134;1 138 139;5 148 150;0 155 157;0 163 164;2 206 207;5 207 208
1 6 7;0 43 44;2 59 61;0 61 63;6 66 69;1 80 81;0 84 85;0 85 86;6 86 89;2 89 90
0 22 23;1 47 48;1 99 100;0 138 140;7 170 175;6 180 184;8 189 194;0 194 195;0 219 221;0 224 225;0 233 235;0 263 264;2 270 271
5 13 15;6 26 29;1 29 30;5 35 37;0 40 41;7 52 53;8 65 69;3 84 86;1 101 102;1 119 120;6 129 132;8 137 140;0 141 142;0 152 153;2 159 160
0 9 10;0 10 11;8 28 32;0 35 36;0 36 37;8 59 63;5 65 67;1 78 79;1 84 85;0 95 96;0 105 106;2 112 113
6 2 5;0 6 7;0 23 25;5 42 44;0 47 48;6 66 71;5 71 73;8 82 85;5 99 101;0 114 115;1 122 123;2 136 137
0 6 8;2 16 18;0 30 31;0 58 59;0 72 73;6 118 123;8 123 127;2 129 130
1 2 3;8 7 11;6 13 16;2 18 20;0 34 35;1 50 51;6 67 71;1 82 83;0 93 95;0 98 99;0 116 117;0 127 128;2 134 135
0 5 6;1 28 29;1 33 34;6 51 56;0 59 60;0 60 61;3 66 68;6 76 81;6 106 110;2 112 113;5 113 114
0 2 3;5 3 5;0 8 10;0 11 12;0 36 37;0 37 38;0 59 60;1 64 65;2 69 70
0 8 9;0 9 10;1 17 18;0 25 26;0 43 44;0 44 45;1 65 66;6 76 80;3 82 84;1 101 102;8 107 110;0 120 121;0 121 122;2 127 128;5 128 129
8 9 13;1 13 14;0 41 42;7 63 68;0 73 74;0 83 84;0 101 102;1 106 107;0 112 113;2 120 121
5 12 14;9 30 34;0 59 60;6 71 74;0 75 76;0 91 92;2 98 99;5 99 100
8 4 7;0 21 22;0 39 40;0 56 57;1 71 72;0 86 87;1 90 91;6 110 114;6 124 128;2 130 131
3 11 13;0 20 21;0 46 47;0 47 48;2 53 54
0 2 3;5 12 14;0 20 21;0 31 32;5 43 45;8 53 57;1 62 63;5 70 72;6 89 92;0 93 94;0 106 107;0 107 108;0 117 118;2 124 125
0 17 19;0 24 25;8 38 41;0 44 46;1 62 63;0 70 71;0 86 88;8 91 95;5 95 97;0 110 112;6 141 145;8 152 157;0 159 160;0 182 183;6 220 225;0 228 229;6 238 242;2 242 243;5 243 244
1 2 3;6 12 15;8 48 52;0 52 53;1 62 63;0 75 77;0 91 92;6 101 104;1 106 107;8 114 118;0 124 125;2 131 132;5 132 133
5 6 8;1 37 38;1 52 53;6 54 59;2 61 62
1 22 23;1 25 26;1 33 34;0 48 50;1 53 54;8 57 61;2 64 65;5 65 66
6 4 7;3 11 13;8 17 21;0 21 22;8 37 40;0 50 52;0 53 54;5 54 56;2 60 62;0 62 64;5 67 69;3 71 73;0 76 77;0 94 96;1 103 104;0 107 108;0 117 119;3 124 126;0 146 147;1 151 152;2 175 176
2 26 28;5 31 33;5 52 54;2 64 66;6 69 72;2 72 74;6 85 89;6 114 118;0 129 130;0 139 140;2 146 147;5 147 148
2 13 16;6 19 22;6 49 54;8 54 58;7 72 77;0 97 98;2 104 105;5 105 106
6 13 18;6 23 28;1 62 63;2 67 69;5 74 76;6 94 98;0 112 113;5 124 126;3 129 131;8 135 139;0 139 140;1 149 150;7 155 160;6 172 176;1 181 182;8 185 190;1 207 208;6 213 217;6 226 231;5 233 235;8 237 241;0 246 247;6 267 270;0 271 272;8 308 312;2 315 316;5 316 317
1 2 3;0 17 18;0 27 28;1 39 40;0 52 53;6 66 70;8 70 73;9 82 85;0 91 92;8 101 105;3 105 107;2 132 134;2 154 156;2 168 170;0 198 199;0 199 200;2 205 206;5 206 207
0 8 9;2 14 16;1 27 28;6 37 40;2 40 42;6 59 64;0 76 77;2 85 86;5 86 87
6 25 29;6 33 37;0 47 48;9 60 63;0 79 80;7 100 106;2 112 113;5 113 114
1 4 5;6 14 17;2 17 19;0 46 47;0 47 48;2 53 54;5 54 55
5 20 22;6 38 43;0 46 47;6 65 69;6 71 75;0 82 83;1 100 101;2 109 110;5 110 111
5 6 8;3 11 13;8 30 34;5 34 36;0 41 42;1 51 52;6 78 83;6 83 86;3 90 92;8 96 100;1 102 103;2 109 112;6 137 141;5 141 143;0 148 149;9 159 162;1 169 170;8 177 182;1 184 185;0 198 199;6 223 228;2 232 233;5 233 234
1 14 15;2 25 27;1 33 34;0 37 38;1 60 61;1 69 70;5 84 86;8 92 95;0 96 97;8 108 111;0 112 113;0 130 132;1 137 138;5 145 147;0 152 153;8 190 194;2 197 198
1 21 22;1 24 25;1 27 28;0 31 32;5 32 34;7 46 52;2 57 59;5 62 64;0 69 70;2 78 79;5 79 80
1 6 7;0 10 11;0 11 12;1 17 18;1 20 21;2 40 43;1 48 49;6 64 67;6 75 78;1 80 81;1 84 85;6 88 93;1 97 98;3 126 128;1 139 140;0 154 155;0 155 156;2 204 205;5 205 206
0 8 9;2 14 16;1 27 28;0 35 36;0 66 67;0 67 68;2 73 74;5 74 75
1 2 3;6 12 15;1 21 22;0 27 28;0 34 35;1 35 36;0 39 40;0 40 41;1 54 55;6 56 60;6 62 65;0 66 67;0 90 91;2 97 98
8 20 24;5 30 32;2 34 37;1 71 72;6 75 81;8 81 85;8 97 100;8 117 121;0 123 125;3 127 129;5 136 138;0 146 147;6 151 154;2 189 190;5 190 191
1 4 5;2 18 20;5 23 25;0 39 40;0 40 41;6 41 44;0 46 47;1 47 48;5 55 57;2 64 66;0 73 74;0 74 75;6 75 78;2 78 79
5 2 4;0 26 27;1 49 50;1 70 71;6 77 81;5 90 92;0 106 107;0 117 118;2 125 126
6 13 16;5 22 24;2 31 33;1 54 55;8 63 67;0 69 70;0 70 71;0 90 91;6 107 110;2 120 122;0 129 130;6 141 144;0 145 146;1 171 172;0 175 176;0 176 177;6 177 180;2 180 181
2 18 20;2 54 56;0 63 64;6 73 76;0 77 78;9 91 95;0 96 97;2 103 104;5 104 105
1 7 8;0 11 12;0 42 44;3 75 77;0 80 81;2 87 88;5 88 89
0 1 2;6 2 5;6 37 42;6 48 53;0 68 69;0 69 70;5 81 83;2 87 89;0 89 91;0 117 118;2 124 125;5 125 126
4 13 15;0 26 27;0 27 28;6 28 31;0 45 46;0 46 47;3 54 56;0 58 60;0 72 73;2 83 85;0 85 87;6 90 93;6 97 100;8 114 119;8 126 129;6 129 134;6 144 147;6 155 161;0 164 165;0 165 166;6 166 169;2 169 170
0 6 7;0 16 17;2 27 29;0 29 31;6 34 37;8 43 47;2 50 52;6 55 58;0 59 60;5 69 71;0 86 87;2 93 94;5 94 95
0 8 9;0 22 23;0 23 24;6 24 27;6 46 49;0 52 53;5 53 55;0 58 60;6 83 86;6 93 99;0 102 103;2 109 110;5 110 111
2 5 7;0 7 9;8 44 48;0 48 49;1 58 59;0 68 70;0 84 86;0 89 90;5 90 92;0 95 97;3 108 110;0 112 114;0 115 116;1 120 121;2 144 145
6 2 5;8 11 14;0 29 30;0 47 49;0 54 55;0 61 62;1 62 63;0 66 67;0 67 68;0 94 95;2 103 104;5 104 105
8 13 16;0 19 20;0 20 21;1 24 25;0 57 58;0 58 59;3 80 82;0 85 86;0 86 87;2 90 91
5 6 8;0 27 28;2 55 57;3 64 66;0 72 73;2 79 80;5 80 81
6 3 8;0 21 23;0 27 28;2 36 37;5 37 38
0 2 3;6 12 15;0 23 24;6 35 39;0 39 40;9 56 58;0 91 92;0 104 105;5 109 111;2 113 114
6 2 5;0 6 7;1 20 21;2 31 33;1 39 40;0 43 44;1 66 67;1 75 76;8 83 87;5 110 112;6 113 118;8 122 126;1 128 129;0 139 140;0 151 152;6 161 164;1 166 167;0 173 174;0 174 175;0 184 185;2 191 192
0 9 10;0 10 11;1 16 17;1 19 20;0 25 26;0 56 57;0 57 58;6 58 61;1 69 70;6 72 75;0 85 86;0 86 87;6 87 90;2 106 107
0 16 17;0 30 31;0 43 44;0 61 63;0 73 75;0 76 77;0 77 78;1 81 82;1 86 87;0 96 97;3 103 105;6 114 120;2 133 134
6 2 5;0 6 7;0 7 8;7 27 32;1 52 53;6 55 58;0 68 69;0 69 70;6 70 73;2 89 90
0 18 19;5 19 21;2 26 28;5 37 39;6 49 52;0 53 54;5 99 101;6 113 116;2 126 127
0 8 9;0 30 31;0 50 52;0 61 62;0 62 63;6 63 66;5 74 76;6 84 87;0 88 89;0 115 116;0 116 117;6 117 120;1 128 129;6 131 134;0 144 145;0 145 146;6 146 149;2 165 166
1 2 3;0 10 11;1 30 31;7 47 52;2 52 54;1 59 60;6 79 82;2 93 94
1 4 5;0 19 20;0 35 37;1 46 47;0 50 51;5 60 62;2 66 67
0 8 9;0 30 31;6 46 51;0 51 52;0 52 53;3 58 60;3 67 69;6 70 74;6 118 123;0 126 127;0 127 128;1 136 137;1 142 143;0 150 151;0 180 181;0 194 195;1 199 200;2 204 205
0 5 6;2 16 18;1 23 24;0 41 42;5 42 44;0 67 68;0 68 69;0 76 77;0 100 101;1 105 106;2 110 111
6 7 10;0 34 35;5 46 48;8 56 60;0 64 65;6 74 77;3 81 83;0 90 91;1 100 101;7 106 111;0 149 150;1 154 155;2 159 160
0 5 6;6 21 26;8 26 30;8 34 38;6 38 41;6 44 49;5 49 51;8 54 58;6 58 61;8 74 78;6 78 81;8 100 105;6 105 108;5 113 115;2 119 121;0 121 123;6 138 141;0 152 154;6 161 166;8 168 171;6 171 176;6 176 180;8 192 196;5 196 198;5 207 209;2 213 215;0 215 217;6 223 229;6 231 234;6 233 238;2 258 259
0 5 6;1 19 20;2 43 46;8 52 57;6 59 62;1 78 79;8 82 86;2 90 91
0 18 19;1 32 33;2 43 45;1 51 52;0 55 56;6 65 68;2 79 80
0 18 20;0 23 24;1 30 31;2 40 42;1 59 60;2 88 89
0 5 6;1 14 15;2 20 22;1 29 30;0 39 40;0 40 41;1 46 47;2 60 61
0 4 5;6 17 20;0 25 26;0 26 27;6 27 30;2 42 43
6 2 5;8 32 35;2 46 47
8 2 6;0 10 11;0 24 26;0 33 35;6 38 41;6 57 62;5 62 64;0 67 69;8 72 76;5 76 78;8 87 92;1 94 95;0 108 109;0 116 117;1 121 122;2 126 127
1 2 3;8 7 11;8 17 20;0 39 40;0 58 59;8 77 80;2 91 92
5 1 3;2 7 9;0 9 11;5 14 16;1 18 19;6 26 29;1 34 35;0 67 68;2 81 82
0 2 3;6 12 15;0 23 24;8 35 39;6 41 44;6 52 55;0 65 66;6 100 103;2 126 127
5 6 8;6 26 32;8 32 36;5 36 38;6 49 54;8 54 58;6 83 88;7 88 93;5 98 100;6 138 142;0 176 177;3 194 196;0 206 207;0 223 224;0 251 252;5 256 258;2 262 263
0 8 9;0 30 31;1 39 40;0 54 56;2 83 84
1 20 21;5 32 34;0 39 41;8 58 62;0 96 97;2 114 115
1 17 18;1 22 23;1 37 38;0 41 42;8 51 54;2 56 57
0 17 19;0 24 25;8 38 41;0 44 46;1 62 63;0 70 71;8 82 86;5 86 88;2 100 102;0 102 104;6 139 143;8 150 155;0 157 158;2 171 173;6 189 194;0 202 204;2 213 214
6 4 7;3 11 13;8 30 34;0 34 35;1 44 45;0 55 57;8 66 69;6 71 76;0 79 80;6 101 106;0 114 116;1 121 122;2 135 136
6 4 7;0 15 17;2 33 35;0 35 37;6 43 46;0 50 51;1 66 67;6 88 91;1 97 98;2 107 108
8 14 17;1 29 30;6 39 42;0 50 52;6 65 68;0 71 72;0 79 80;5 89 91;1 112 113;0 133 134;1 138 139;2 143 144
4 40 42
8 2 5;6 7 12;0 15 16;0 16 17;1 24 25;0 28 29;0 29 30;2 35 36
1 4 5;8 6 10;1 23 24;1 28 29;7 49 55;6 60 64;2 70 71
6 6 11;8 17 22;2 63 64
0 8 10;2 24 26;6 31 34;6 35 40;6 40 43;5 47 49;2 54 56;2 70 72;5 87 89;6 90 94;9 97 100;8 126 130;0 130 131;6 140 143;1 149 150;2 154 155
6 7 10;2 12 14;6 27 32;2 46 49;6 60 63;2 65 67;1 72 73;1 84 85;6 86 90;1 90 91;8 94 98;0 98 99;2 108 110;0 110 112;0 124 125;7 146 151;2 161 162
0 24 25;0 25 26;0 31 32;1 32 33;8 40 44;0 44 45;1 64 65;2 69 70
6 2 5;0 6 7;0 24 26;0 36 38;0 39 40;0 40 41;1 44 45;1 49 50;5 62 64;2 80 81
6 9 12;0 33 34;0 48 49;5 77 79;2 91 93;8 96 99;8 101 106;1 106 107;0 118 119;1 123 124;2 128 129
1 20 21;8 28 32;1 44 45;2 72 74;5 77 79;1 81 82;2 90 92;8 111 115;3 117 119;7 120 125;0 125 126;3 129 131;2 135 136
6 2 5;0 6 7;2 13 16;0 23 24;0 24 25;3 30 32;8 48 52;0 77 78;8 104 109;2 114 116;3 129 131;2 135 136
1 7 8;6 10 13;5 16 18;1 25 26;8 30 34;3 72 74;6 94 97;0 99 100;0 100 101;3 106 108;0 111 112;0 112 113;1 128 129;8 142 147;1 147 148;5 155 157;0 163 164;0 174 175;2 181 182
0 16 18;8 28 31;1 42 43;6 48 53;1 60 61;6 72 76;2 80 81;5 81 82
3 7 9;0 18 19;0 19 20;9 31 34;2 85 87;0 87 89;0 97 98;0 111 113;3 121 123;8 139 142;3 149 151;8 156 160;6 162 165;2 171 173;8 184 188;1 190 191;1 194 195;2 199 200
6 4 7;8 13 17;0 17 18;0 29 31;0 36 37;0 55 56;0 72 74;6 90 93;0 118 120;6 123 126;0 127 128;0 135 136;6 182 186;0 192 194;1 203 204;5 212 214;2 218 219
8 29 34;8 39 44;2 44 46;6 54 59;7 65 70;0 90 91;0 104 105;0 111 112;1 112 113;0 116 117;0 117 118;0 139 140;8 174 177;2 179 180
6 4 7;1 27 28;0 35 36;0 46 48;0 49 50;0 65 66;1 92 93;0 100 101;0 111 112;0 132 134;2 143 144
0 13 14;0 31 33;0 42 44;2 52 53
3 24 26;0 29 30;0 43 44;0 44 45;6 45 48;2 66 67
2 5 8;3 21 23;5 63 65;1 67 68;8 86 90;0 100 102;2 111 112
0 8 10;7 34 35;2 56 58;0 58 60;8 63 66;0 72 73;0 80 81;2 86 88;8 91 94;6 108 112;6 142 146;2 163 164
8 8 11;6 30 34;2 67 69;5 72 74;1 76 77;1 106 107;8 109 113;8 115 118;6 123 126;0 127 128;6 154 160;6 160 163;2 173 174
1 4 5;6 14 17;0 22 23;8 34 37;8 37 41;1 58 59;6 76 81;0 84 85;1 89 90;2 94 95
6 4 8;0 15 17;0 20 21;0 21 22;6 22 25;7 34 40;6 49 53;0 64 66;6 75 80;0 83 84;2 94 95
3 26 28;0 41 43;6 48 53;0 110 111;2 122 124;8 130 134;5 134 136;8 146 150;5 150 152;6 156 161;0 164 165;6 169 172;0 175 176;8 180 183;6 186 189;0 200 202;1 205 206;2 210 211
0 8 9;0 25 27;0 41 43;1 48 49;0 53 54;0 68 69;0 75 77;2 104 105
6 11 14;0 15 16;0 32 34;8 41 46;6 50 55;5 59 61;6 65 68;0 82 83;0 96 98;2 107 108
1 2 3;3 12 14;3 23 25;0 28 29;0 36 37;0 37 38;6 38 41;0 65 66;3 79 81;9 82 86;0 97 99;1 108 109;5 117 119;2 123 124
0 8 9;0 25 27;2 35 37;0 46 47;0 74 75;6 79 82;0 85 86;8 90 93;5 96 98;5 117 119;0 144 145;2 155 156
6 2 5;0 6 7;0 22 24;0 34 35;6 44 47;0 48 49;1 55 56;0 59 61;0 85 86;3 92 94;0 116 118;0 134 136;5 141 143;0 148 150;0 153 154;6 158 161;0 164 165;8 174 177;2 187 188
3 15 17;0 28 29;0 35 36;1 36 37;0 40 41;0 41 42;0 57 58;2 98 100;8 103 106;2 140 141
6 5 11;7 20 25;2 27 28
6 21 27;6 27 30;8 30 34;2 36 38;0 45 46;1 64 65;6 68 73;6 81 84;0 93 94;2 104 105
0 16 17;0 34 35;0 35 36;0 47 48;5 48 50;0 57 58;0 87 88;1 114 115;1 120 121;8 124 128;6 130 133;1 135 136;2 149 150
1 14 15;2 17 19;0 27 28;0 44 46;1 61 62;2 64 66;2 88 89
6 4 7;8 11 14;6 16 19;0 27 28;0 28 29;1 36 37;8 45 49;0 49 50;0 61 62;6 71 74;1 76 77;0 83 84;0 84 85;0 94 95;2 101 102
1 12 13;0 18 19;0 29 30;0 30 31;6 31 34;0 42 43;0 43 44;0 54 55;0 77 79;0 82 83;0 110 111;0 118 120;0 129 130;6 145 148;8 151 155;8 155 158;2 178 179
0 7 8;0 19 21;0 24 25;8 36 39;1 65 66;0 69 70;0 80 81;0 81 82;6 82 85;2 111 112
1 12 13;2 17 19;6 22 25;0 34 35;1 46 47;8 52 56;2 60 62;8 65 68;0 84 85;3 89 91;0 94 95;6 116 119;0 120 121;2 126 128;0 149 150;2 158 161;6 164 167;1 169 170;8 189 193;2 195 196
6 2 5;0 6 7;2 30 32;1 38 39;2 68 70;6 77 81;0 92 93;0 93 94;6 94 97;6 110 115;6 115 119;2 123 125;6 132 137;0 142 143;1 149 150;0 155 156;0 163 165;6 181 184;1 186 187;2 210 211
6 2 5;0 6 7;0 23 25;0 28 29;0 29 30;6 40 43;3 47 49;6 60 63;1 65 66;1 73 74;2 81 82
0 15 16;1 20 21;9 29 32;1 66 67;8 70 73;6 75 80;2 95 96;5 96 97
5 31 33;0 42 43;8 53 57;5 57 59;6 66 69;6 93 97;2 113 114
1 15 16;7 40 46;0 52 54;1 78 79;2 83 85;6 98 102;8 110 114;0 141 143;6 147 152;3 156 158;6 159 163;0 163 164;2 191 193;5 209 211;6 212 216;0 240 242;3 244 246;6 265 270;9 274 278;2 281 282;5 282 283
5 6 8;0 27 28;1 34 35;0 40 41;8 73 77;7 86 91;6 121 124;6 139 144;2 153 154;5 154 155
1 15 16;8 19 24;1 34 35;3 47 49;1 85 86;7 87 92;2 98 99;5 99 100
0 24 25;0 25 26;8 52 56;1 60 61;6 62 67;8 105 108;1 141 142;3 178 180;2 189 191;0 191 193;6 199 202;1 202 203;6 212 215;8 219 223;2 225 226;5 226 227
6 14 19;0 27 29;5 32 34;8 42 46;5 46 48;6 55 58;0 59 61;6 70 75;6 75 80;2 82 83
0 15 16;8 20 23;1 23 24;8 29 33;3 35 37;0 40 41;6 54 59;0 65 66;0 66 67;8 83 87;2 89 90;5 90 91
5 13 15;1 17 18;6 28 33;6 33 36;9 41 44;3 55 57;6 79 82;1 85 86;2 98 100;6 105 108;0 109 110;0 110 111;3 122 124;6 129 133;7 137 142;2 161 163;6 166 169;8 176 179;1 181 182;6 209 212;0 213 214;0 230 232;0 246 248;6 260 263;6 265 270;2 285 286
2 6 8;0 27 28;8 32 35;1 35 36;1 68 69;0 86 87;0 87 88;3 105 107;2 114 115
8 20 24;8 35 38;0 39 40;6 49 52;8 61 65;1 67 68;6 84 87;9 105 109;2 112 113;5 113 114
1 17 18;0 28 29;2 44 46;8 49 52;6 88 91;0 94 95;6 131 134;1 136 137;8 156 160;2 162 163;5 163 164
2 4 6;6 9 12;6 28 33;7 33 38;3 40 42;2 59 61;6 64 67;1 69 70;6 84 89;2 91 92;5 92 93
4 40 42
4 0 2;4 2 4;4 4 6
1 4 5;2 15 17;0 35 36;8 47 51;5 51 53;0 58 59;0 66 67;0 77 78;2 84 85
1 4 5;0 14 15;0 15 16;1 21 22;1 24 25;0 38 39;0 55 56;0 66 67;2 73 74
0 8 9;0 9 10;1 15 16;1 18 19;8 38 42;6 48 51;0 54 55;3 61 63;8 124 128;0 130 131;2 144 146;6 149 152;0 153 154;0 166 167;0 177 178;0 178 179;2 184 185
0 2 3;0 12 13;0 21 23;8 26 30;2 35 37;3 46 48;0 51 52;2 82 84;8 87 90;8 99 103;2 107 108
1 6 7;2 22 24;7 53 59;8 61 64;6 69 72;0 73 74;8 104 107;0 117 118;8 150 154;0 156 157;6 161 164;8 175 179;0 181 182;0 182 183;2 188 189
3 9 11;0 14 15;6 37 40;6 41 45;1 45 46;6 51 55;1 57 58;6 60 64;5 64 66;6 73 77;3 79 81;1 98 99;0 102 103;0 103 104;1 107 108;6 124 129;6 129 133;6 137 141;2 149 150
0 5 6;0 14 16;8 19 23;2 28 30;3 39 41;0 46 47;0 59 60;0 84 85;8 121 125;2 127 128
0 6 7;8 28 32;8 35 39;2 47 49;0 56 57;1 66 67;0 74 75;2 125 126;5 126 127
0 8 9;0 9 10;1 15 16;1 18 19;0 24 25;6 45 50;8 55 58;1 71 72;6 73 78;0 83 84;1 92 93;1 102 103;6 104 109;1 143 144;6 150 154;0 159 160;0 160 161;0 170 171;2 177 178
1 4 5;0 17 18;0 18 19;1 24 25;1 27 28;0 33 34;5 45 47;0 52 53;0 53 54;6 66 70;3 72 74;5 81 83;6 90 93;1 95 96;2 116 117
6 11 16;0 19 20;0 20 21;1 44 45;6 50 55;0 55 56;2 61 63;2 74 76;2 107 109;5 112 114;1 116 117;2 140 143;0 157 159;0 160 161;0 161 162;0 187 189;0 209 210;5 230 232;0 249 250;5 259 261;2 265 267;6 279 283;3 285 287;2 298 300;6 312 316;2 318 319;5 319 320
2 15 17;0 17 19;9 30 33;3 45 47;0 54 55;9 69 74;8 101 105;7 114 119;2 129 132;6 138 143;6 145 148;7 147 153;6 175 178;0 179 180;0 197 199;0 200 201;1 207 208;9 214 217;6 237 242;2 251 252;5 252 253
1 6 7;0 14 15;5 15 17;0 22 23;2 36 38;3 70 72;8 91 94;2 99 101;8 104 107;0 110 111;8 120 124;1 126 127;6 128 132;0 163 164;2 196 198;1 205 206;1 227 228;0 270 271;5 280 282;0 308 309;2 315 316
0 2 3;4 16 18;0 29 30;9 40 43;0 53 54;1 68 69;8 94 97;6 126 130;8 143 147;2 149 150;5 150 151
0 8 9;2 14 16;8 19 22;0 25 26;1 32 33;0 38 39;0 49 50;5 69 71;0 85 86;0 86 87;2 100 101;5 101 102
0 19 20;0 53 54;0 71 73;6 110 113;0 117 118;2 130 132;6 135 138;0 139 140;0 164 165;0 165 166;1 185 186;9 187 191;2 194 195;5 195 196
9 14 18;1 28 29;6 41 45;3 47 49;0 59 60;0 70 71;2 77 78
8 2 6;0 25 26;5 42 44;1 49 50;1 63 64;8 69 73;0 92 93;0 93 94;1 111 112;1 131 132;0 137 138;6 152 157;2 159 160;5 160 161
3 18 20;0 22 24;0 32 34;6 39 44;0 47 48;0 48 49;9 72 75;0 79 80;0 106 107;6 140 143;0 144 145;0 145 146;1 149 150;2 177 178
0 6 7;0 7 8;1 11 12;6 34 37;0 46 48;9 62 66;0 74 75;0 92 94;0 104 106;0 107 108;0 108 109;1 112 113;1 117 118;0 135 136;6 140 143;6 151 156;3 162 164;8 172 175;1 188 189;0 199 200;0 209 210;2 216 217
1 2 3;0 8 9;0 26 27;0 44 45;0 62 64;0 74 76;0 77 78;0 78 79;1 82 83;1 87 88;2 98 100;5 126 128;0 139 140;0 156 157;6 172 176;5 176 178;6 192 197;5 199 201;1 206 207;6 225 228;0 229 230;8 243 247;2 249 250
0 16 17;0 32 33;8 45 50;6 52 56;0 61 62;0 103 104;0 111 112;1 116 117;0 132 133;1 149 150;2 154 156;6 159 162;1 164 165;9 172 176;0 183 184;0 184 185;2 190 191
0 7 8;5 17 19;0 24 25;0 25 26;1 50 51;0 61 63;0 69 70;0 70 71;2 107 108
0 14 15;0 32 34;0 44 46;0 47 48;0 48 49;1 52 53;1 57 58;6 72 77;8 77 81;1 87 88;0 91 92;1 96 97;8 118 122;2 124 125;5 125 126
0 14 15;0 22 23;0 23 24;1 43 44;0 53 55;0 60 61;1 74 75;6 77 81;6 96 101;3 107 109;6 114 117;1 119 120;1 132 133;9 140 144;2 147 148
0 7 8;0 25 26;9 38 41;0 58 60;8 65 68;1 81 82;0 90 91;0 101 102;2 108 109;5 109 110
1 12 13;1 17 18;0 26 27;0 27 28;1 33 34;1 36 37;0 42 43;8 75 79;4 79 81;6 85 89;3 122 124;2 131 132
2 4 6;1 11 12;6 16 21;6 21 26;8 32 36;0 72 74;8 77 81;2 83 84
2 4 6;8 9 12;8 12 16;0 32 33;6 52 57;8 57 61;0 65 66;6 75 79;6 83 87;2 95 96
1 12 13;0 18 19;0 33 34;0 45 46;2 54 55
6 2 6;0 20 21;0 21 22;2 67 69;6 72 75;1 82 83;1 95 96;7 97 102;8 115 119;2 121 122
5 10 12;6 14 17;0 31 33;8 45 49;2 51 52
0 11 12;1 25 26;2 36 38;1 44 45;6 59 64;6 64 69;2 71 72
2 4 6;6 15 20;8 20 24;8 27 31;1 35 36;0 39 40;0 46 47;1 47 48;0 51 52;0 52 53;8 70 73;0 74 75;6 87 91;5 93 95;0 119 121;2 152 153
0 2 3;5 14 16;3 30 32;0 37 38;0 49 50;1 56 57;0 81 83;2 97 98
0 2 3;0 12 13;0 23 25;0 48 50;0 51 52;0 52 53;0 58 59;1 59 60;6 99 102;5 108 110;1 112 113;8 120 123;2 125 126
0 2 3;2 16 18;0 31 32;8 48 51;2 55 56
3 6 8;0 10 12;8 21 25;6 31 36;5 72 74;1 78 79;0 86 87;6 96 99;1 101 102;0 115 116;0 116 117;1 120 121;2 125 126
0 9 10;8 10 13;1 33 34;0 39 41;3 43 45;6 62 67;8 67 71;2 73 74
6 2 5;0 9 10;0 10 11;0 26 27;0 48 49;0 49 50;6 50 53;5 61 63;0 73 74;0 92 93;0 103 105;3 107 109;2 133 134
8 6 10;6 26 29;1 32 33;0 52 53;2 59 60
6 4 8;0 15 16;1 33 34;6 37 41;6 45 50;9 51 54;1 61 62;0 71 72;0 72 73;1 76 77;6 87 90;0 98 100;0 101 102;6 141 146;8 146 150;2 152 153
1 7 8;1 37 38;0 51 52;0 52 53;8 62 65;8 73 77;6 88 92;0 98 99;2 115 117;0 117 119;6 122 125;0 126 127;1 131 132;0 140 141;2 156 158;0 158 160;8 163 166;0 194 195;1 201 202;2 211 213;6 216 219;0 220 221;0 221 222;1 225 226;6 244 249;2 251 252
6 16 21;3 32 34;8 39 42;6 49 54;8 54 58;0 62 63;6 74 78;0 85 86;1 103 104;8 107 111;2 113 114
0 11 13;6 23 28;8 28 32;5 32 34;6 39 43;7 55 60;1 74 75;0 81 82;6 97 102;6 102 107;6 112 116;6 123 127;6 135 140;6 140 145;2 147 148
0 16 18;2 23 25;1 36 37;0 81 82;1 88 89;6 96 99;2 99 101;2 106 108;5 113 115;0 119 120;8 124 127;1 127 128;6 133 136;8 145 149;8 164 168;5 170 172;9 185 189;6 220 223;0 224 225;8 229 232;1 232 233;2 240 241
0 16 17;0 17 18;1 23 24;1 26 27;0 32 33;3 59 61;6 75 79;3 81 83;1 90 91;6 92 97;6 108 112;3 114 116;0 119 120;0 120 121;2 126 127
6 27 32;1 36 37;6 38 43;5 45 47;6 54 58;3 60 62;6 76 79;1 81 82;8 89 93;2 95 96
6 23 27;0 37 38;6 67 71;3 73 75;8 106 111;1 129 130;3 139 141;6 146 149;1 151 152;2 165 166
1 6 7;2 22 24;6 38 44;8 63 66;5 69 71;0 79 80;1 86 87;0 96 97;1 104 105;1 112 113;8 115 119;1 125 126;6 133 139;1 149 150;6 153 158;3 160 162;6 185 188;2 199 201;1 213 214;6 215 220;2 226 227
1 4 5;0 8 9;0 16 17;1 28 29;0 38 39;0 39 40;1 45 46;1 48 49;0 62 63;2 76 78;0 85 86;0 101 102;2 108 109
4 40 42
0 2 3;1 9 10;0 13 14;2 20 21
6 2 5;1 15 16;1 25 26;7 38 44;2 62 63
6 4 7;1 9 10;2 13 15;6 18 21;0 22 23;1 29 30;2 57 58
8 15 18;0 21 22;0 22 23;8 41 45;8 45 48;6 56 62;2 68 69
6 21 26;8 30 34;0 36 37;2 46 47
6 15 20;6 20 25;0 44 46;1 51 52;2 65 66
2 12 14;8 29 33;5 33 35;6 36 41;0 55 56;2 65 66
8 6 10;6 18 23;0 33 34;0 34 35;1 40 41;1 43 44;0 49 50;6 68 71;6 80 83;0 84 85;0 95 96;2 102 103
0 22 23;6 37 42;7 68 74;2 92 93
0 2 3;0 23 24;0 24 25;3 30 32;3 37 39;9 40 44;8 50 54;8 56 59;1 69 70;6 78 83;8 86 91;1 93 94;2 107 108
0 2 3;0 17 18;1 26 27;6 52 57;0 60 61;0 72 73;1 81 82;2 97 98
1 10 11;0 11 13;1 30 31;6 34 37;0 47 49;0 75 76;0 108 110;5 113 115;1 117 118;0 121 122;1 145 146;6 158 161;1 167 168;5 171 173;2 177 178
6 4 7;2 7 9;8 30 33;2 37 38
0 9 11;1 16 17;1 32 33;6 44 47;0 48 49;8 53 56;1 56 57;6 68 73;2 75 76
0 5 6;6 16 19;6 36 40;1 47 48;8 50 54;0 54 55;2 61 62
8 24 28;0 41 42;1 49 50;8 58 63;5 69 71;1 75 76;6 85 90;2 99 100
6 6 10;0 17 19;0 24 25;0 47 48;2 69 70
0 9 11;0 12 13;3 19 21;0 28 29;1 47 48;0 51 52;0 52 53;1 60 61;1 68 69;0 82 84;1 111 112;2 132 133
0 8 10;3 18 20;0 23 24;0 24 25;1 32 33;5 44 46;1 48 49;6 51 56;8 62 66;1 68 69;2 111 112
1 14 15;1 24 25;6 26 32;8 32 36;5 36 38;1 42 43;8 48 52;1 54 55;2 68 69
2 10 12;0 12 14;6 17 20;5 26 28;2 30 32;3 38 40;2 50 53;6 56 59;6 60 64;6 66 69;2 75 78;1 84 85;6 89 94;2 100 101
1 6 7;2 14 16;8 31 35;5 35 37;6 53 58;6 58 63;2 93 95;6 98 101;5 107 109;2 111 113;3 119 121;2 131 134;6 137 140;6 141 145;6 147 150;2 156 159;1 165 166;6 170 175;5 175 177;2 181 182
1 2 3;8 23 27;6 38 41;7 47 48;3 68 70;2 82 84;0 84 86;6 89 92;2 98 100;8 111 115;1 117 118;1 121 122;2 126 127
0 2 3;8 3 6;0 25 26;8 26 29;1 47 48;0 55 56;2 67 68
5 15 17;1 19 20;2 46 48;6 51 54;3 62 64;6 65 70;6 70 73;2 83 84
0 7 8;6 29 32;1 34 35;2 44 45
9 19 23;8 30 34;1 44 45;2 66 67
3 17 19;3 23 25;3 35 37;3 54 56;0 63 64;6 80 85;2 87 88
6 4 7;3 11 13;0 20 21;0 35 37;1 40 41;6 50 54;6 56 59;1 65 66;1 69 70;2 74 75
0 8 10;1 29 30;0 34 35;6 59 64;0 67 68;2 87 88
5 9 11;6 61 66;0 82 83;0 89 90;1 90 91;0 94 95;0 95 96;8 140 144;1 148 149;7 150 155;8 173 177;8 180 185;6 191 196;6 218 223;6 223 226;5 230 232;2 236 237
2 8 10;6 13 17;0 23 24;0 24 25;6 25 28;6 34 37;6 38 42;1 42 43;7 48 53;6 67 71;0 80 81;0 81 82;1 89 90;6 112 118;8 118 122;6 126 130;2 158 159
5 18 20;1 22 23;6 24 29;2 57 58
6 9 14;8 16 20;1 26 27;6 34 37;1 43 44;0 47 48;0 54 55;1 55 56;0 59 60;0 60 61;0 72 73;8 87 90;2 110 111
6 4 8;8 15 19;0 24 25;0 25 26;1 33 34;1 51 52;1 59 60;8 61 66;1 75 76;2 81 82
6 4 7;0 34 35;0 35 36;6 61 64;6 66 71;2 77 78
2 5 8;3 17 19;1 33 34;0 67 68;0 92 93;2 99 100
6 4 8;8 8 11;0 18 19;7 30 31;6 46 49;0 58 59;2 79 80
8 6 9;0 19 20;0 20 21;6 24 27;0 41 42;8 55 59;1 71 72;6 73 78;2 80 81
6 4 7;6 17 20;6 30 33;6 41 46;8 46 49;2 53 54
6 11 14;0 17 18;5 29 31;1 33 34;6 43 46;6 56 61;5 61 63;2 69 70
0 2 3;0 16 17;2 22 24;6 44 47;1 61 62;6 63 68;2 74 75
6 4 7;1 9 10;7 18 23;2 57 58
8 29 33;5 33 35;7 42 47;2 53 55;8 70 74;0 78 79;0 79 80;1 87 88;6 99 103;2 109 110
5 6 8;1 37 38;2 42 44;0 71 73;1 75 76;6 87 90;0 106 107;1 111 112;2 116 117
6 4 7;3 11 13;8 17 21;1 27 28;2 32 34;6 43 48;2 62 63
6 13 18;1 75 76;8 78 82;0 82 83;2 113 114
0 8 10;2 13 15;0 23 24;0 24 25;0 34 35;5 35 37;8 69 72;6 77 80;2 94 95
6 4 7;0 28 29;8 52 55;2 57 58
1 33 34;1 43 44;1 82 83;0 88 89;1 97 98;5 103 105;8 111 115;2 119 121;5 132 134;2 138 139
6 17 22;1 27 28;0 32 33;6 51 55;2 71 72
2 8 10;6 38 43;8 43 47;3 59 61;0 71 72;3 78 80;5 89 91;2 97 98
0 2 3;1 21 22;6 38 41;0 52 54;8 60 65;1 65 66;2 70 71
6 4 7;2 7 9;0 22 23;8 23 26;5 51 53;1 55 56;5 63 65;2 69 70
1 10 11;6 21 26;7 31 37;2 46 47
6 4 7;0 16 17;5 17 19;2 68 69
2 7 9;0 9 11;1 16 17;9 75 80;2 102 103
5 19 21;1 55 56;7 64 70;2 74 76;3 83 85;2 87 88
3 11 13;8 30 33;6 33 38;3 40 42;8 47 51;0 53 54;2 71 72
6 4 7;1 9 10;7 18 23;0 23 24;6 47 50;0 59 60;1 73 74;1 82 83;6 84 89;2 95 96
6 13 16;0 21 22;0 22 23;1 30 31;6 36 39;1 41 42;6 56 61;2 63 64
6 4 7;3 11 13;0 26 27;1 36 37;5 48 50;8 59 63;0 63 64;8 93 97;0 102 103;0 132 133;0 139 141;0 142 143;2 159 160
6 2 5;0 6 7;0 40 41;1 53 54;1 62 63;6 64 69;2 75 76
0 2 3;0 12 13;9 28 31;7 48 53;0 69 71;2 96 97
8 7 10;0 23 24;0 24 25;8 36 40;8 48 52;6 57 61;2 78 79
3 10 12;9 24 28;0 62 63;2 72 73
1 2 3;0 33 34;2 47 49;8 52 55;2 66 67
0 18 20;1 29 30;0 44 46;2 55 56
5 1 3;0 8 10;0 11 12;6 16 19;8 24 27;1 38 39;2 54 55
8 16 20;6 26 31;8 31 35;6 38 42;6 50 54;0 77 78;8 82 85;0 98 99;8 114 117;1 129 130;2 134 135
0 9 10;6 14 17;0 20 21;2 26 28;8 53 56;2 67 68
1 16 17;8 22 26;6 32 37;2 51 52
6 2 5;0 6 7;5 11 13;6 37 40;1 45 46;2 50 51
5 38 40;2 44 45
1 14 15;1 24 25;8 27 31;0 35 37;0 43 44;0 44 45;1 48 49;2 53 54
0 9 11;1 14 15;1 17 18;5 27 29;6 58 61;6 63 68;1 68 69;2 73 74
5 4 6;1 13 14;8 16 20;0 20 21;1 33 34;6 36 39;1 65 66;2 70 71
5 7 9;2 13 15;0 15 17;8 23 28;6 30 33;5 37 39;2 43 44
6 19 22;5 51 53;1 56 57;8 59 63;2 99 100
8 7 11;0 17 18;1 25 26;8 34 38;0 53 54;1 58 59;2 63 64
5 2 4;1 6 7;0 16 17;0 17 18;1 23 24;1 26 27;0 32 33;0 48 49;6 60 63;2 71 72
0 19 21;0 33 35;1 48 49;0 52 54;0 66 67;2 81 82
0 7 8;0 19 20;0 20 21;3 26 28;1 35 36;6 37 41;0 45 46;1 59 60;6 61 65;0 70 71;0 81 82;2 88 89
0 12 13;1 24 25;0 33 34;0 34 35;1 40 41;1 43 44;0 49 50;8 81 84;1 86 87;0 95 96;0 96 97;2 125 126
0 15 16;5 27 29;8 37 41;0 47 48;0 48 49;1 54 55;8 69 73;0 80 81;2 104 105
8 6 10;6 18 23;6 46 49;0 50 51;6 62 65;2 76 77
1 9 10;1 13 14;6 22 25;3 28 30;3 34 36;7 44 49;2 59 60
0 2 3;1 30 31;8 32 36;2 51 52
4 40 42
0 2 3;1 9 10;0 13 14;2 20 21
6 2 5;2 5 7;8 10 13;1 17 18;6 32 37;1 39 40;6 49 52;6 56 59;8 63 66;2 68 69
2 33 34
6 5 11;8 16 19;2 21 23;6 26 29;6 33 36;2 46 47
6 7 12;7 12 17;6 25 28;1 30 31;0 37 38;0 38 39;0 48 49;2 55 56
0 6 7;0 7 8;1 13 14;1 16 17;0 22 23;2 48 50;8 53 57;8 57 60;6 60 65;2 70 71
2 2 4;1 9 10;1 31 32;3 66 68;0 75 76;2 85 86
6 18 22;2 28 29
0 2 3;5 9 11;0 27 28;0 28 29;3 34 36;6 47 52;2 54 55
0 8 9;0 9 10;6 10 13;1 19 20;2 36 37
0 10 11;6 20 23;0 25 26;6 38 41;2 51 52
6 2 5;0 15 16;0 16 17;5 31 33;3 36 38;6 51 56;2 58 59
6 2 5;0 15 17;0 33 35;6 44 49;5 49 51;2 53 54
6 2 5;0 15 17;0 18 19;6 40 43;3 50 52;2 56 57
5 9 11;0 16 17;5 21 23;0 28 29;5 33 35;2 37 40;6 43 46;8 50 53;2 57 58
5 6 8;6 13 16;5 20 22;3 51 53;8 66 70;2 72 73
2 10 12;0 12 14;0 31 32;6 41 44;2 65 66
7 4 9;0 18 20;0 27 28;6 37 40;2 40 42;8 51 55;1 61 62;6 63 68;2 70 71
6 4 7;8 39 43;2 49 50
7 4 9;0 21 23;0 30 31;2 39 40
2 15 17;6 20 23;3 26 28;3 32 34;6 42 47;5 47 49;2 53 54
6 30 33;6 35 40;2 47 48
0 2 3;0 10 11;6 30 33;8 40 43;6 42 47;2 53 54
0 12 14;8 17 21;6 21 24;1 24 25;6 26 30;2 34 35
6 8 12;8 18 22;2 24 25
8 9 13;0 17 19;1 29 30;2 34 35
1 4 5;1 22 23;2 42 43
0 24 25;0 25 26;3 31 33;0 38 39;0 60 62;8 65 68;2 70 71
5 6 8;2 24 26;3 33 35;0 46 47;0 57 58;2 64 65
8 2 6;6 17 20;1 22 23;6 36 42;0 45 46;2 56 57
0 9 10;1 18 19;0 44 45;1 49 50;2 54 55
1 11 12;6 14 19;0 22 23;1 30 31;3 48 50;6 51 58;0 52 54;2 60 61
6 2 5;3 8 10;3 14 16;2 28 29
0 29 30;8 57 60;2 62 63
0 7 9;3 18 20;2 24 26;8 29 33;8 33 36;1 41 42;2 46 47
6 32 36;0 36 37;8 48 52;5 52 54;1 71 72;6 79 82;0 93 95;5 98 100;2 104 105
5 10 12;0 16 17;0 17 18;1 23 24;1 26 27;0 32 33;1 62 63;2 67 68
5 8 10;1 12 13;2 17 19;0 29 30;1 42 43;6 45 48;2 74 75
6 2 5;0 13 14;1 28 29;5 38 40;2 44 45
6 29 34;8 37 42;6 46 51;8 62 65;2 67 68
7 9 14;0 19 20;6 29 32;1 34 35;0 41 42;0 52 53;0 53 54;2 59 60
6 2 5;0 15 16;0 16 17;2 23 24
0 8 9;2 15 16
0 2 3;0 24 25;2 31 32
0 9 10;2 16 17
0 10 11;3 32 34;0 37 38;2 44 45
6 2 5;0 12 14;1 30 31;0 45 46;2 52 53
5 2 4;6 7 10;8 15 18;0 19 20;0 30 31;2 37 38
6 2 5;1 8 9;8 19 22;8 22 26;1 28 29;2 38 39
6 2 5;0 6 7;2 36 37
6 6 9;1 9 10;6 11 15;2 19 20
8 14 18;8 18 21;6 22 26;5 32 34;6 37 42;1 46 47;2 51 52
1 4 5;5 17 19;1 21 22;8 24 28;2 36 37
5 2 4;1 27 28;2 42 43
0 22 23;0 39 40;0 51 52;1 69 70;0 83 84;2 90 91
6 5 11;7 11 16;1 24 25;0 35 36;0 45 46;2 52 53
6 4 7;1 20 21;2 59 60
0 2 3;5 9 11;6 14 17;6 19 24;2 32 33
4 40 42
8 2 5;0 9 10;1 16 17;0 25 26;0 33 34;0 44 45;2 51 52
6 2 5;0 10 11;0 11 12;1 17 18;1 20 21;0 26 27;1 43 44;7 45 50;2 60 61
8 33 37;4 37 39;1 50 51;7 52 57;6 62 66;2 71 72
0 2 3;1 9 10;0 13 14;0 24 25;0 25 26;6 26 29;2 39 41;8 44 47;0 50 51;0 63 64;0 64 65;3 70 72;7 77 82;8 85 89;0 102 103;0 141 142;0 142 143;1 148 149;1 157 158;7 159 164;6 169 173;2 179 180
1 12 13;0 16 17;0 46 47;9 71 75;0 81 82;1 96 97;1 101 102;2 111 112
7 5 10;2 29 30
1 14 15;0 18 19;6 46 49;8 69 74;7 76 81;2 122 123
1 25 26;0 41 42;0 63 65;3 67 69;6 87 92;2 94 95
6 3 7;3 9 11;6 22 25;6 48 53;0 62 64;6 71 76;0 84 85;0 93 95;8 98 102;0 106 107;3 122 124;2 148 149
1 2 3;6 10 15;0 15 16;0 32 34;1 43 44;6 70 75;7 75 80;5 80 82;2 89 90
0 8 9;0 31 32;5 45 47;0 52 53;1 78 79;5 86 88;0 93 95;8 98 102;1 108 109;2 132 133
6 14 19;0 25 26;0 26 27;1 32 33;1 35 36;0 49 50;6 65 71;6 78 81;1 88 89;1 101 102;7 103 108;6 113 117;2 126 127
0 24 26;0 36 38;0 73 74;5 85 87;9 97 102;0 113 115;2 124 125
1 14 15;8 18 23;1 33 34;3 46 48;6 65 68;2 94 95
5 6 8;2 24 26;3 33 35;0 41 42;1 48 49;0 54 55;0 66 67;0 67 68;6 68 71;5 85 87;1 89 90;6 92 97;0 100 101;0 101 102;1 110 111;1 125 126;0 137 138;1 142 143;2 147 148
1 11 12;8 14 18;1 23 24;6 25 30;0 33 34;0 49 50;2 58 60;0 60 62;9 73 76;3 88 90;0 97 98;9 112 117;6 129 132;5 143 145;0 167 168;1 174 175;0 193 195;2 212 213
6 2 5;1 14 15;6 33 38;0 41 42;0 53 54;3 87 89;0 92 93;2 114 115
6 2 5;6 12 16;0 21 23;8 26 29;0 35 36;6 49 54;6 56 59;0 60 61;0 61 62;1 65 66;3 93 95;6 103 107;0 107 108;0 123 124;2 133 134
1 2 3;3 11 13;0 20 21;6 21 24;6 33 38;7 45 50;6 55 59;2 64 65
0 12 13;0 22 23;5 23 25;0 32 34;0 35 36;0 36 37;6 52 57;5 57 59;0 70 71;0 88 90;0 100 102;0 103 104;0 104 105;1 108 109;1 113 114;3 121 123;6 124 129;3 155 157;2 172 173
0 9 10;0 17 18;0 18 19;1 24 25;1 27 28;0 33 34;0 45 46;5 60 62;9 78 82;2 115 116
0 18 19;1 31 32;1 36 37;1 43 44;0 59 60;6 79 83;1 105 106;1 117 118;1 143 144;1 149 150;8 153 157;6 159 163;9 174 177;0 183 184;2 208 209
0 8 10;0 38 39;0 39 40;2 83 85;0 93 94;0 94 95;8 113 117;1 119 120;6 158 161;2 161 162
1 33 34;1 47 48;6 49 54;2 79 81;8 84 88;0 92 94;0 95 96;0 101 103;3 112 114;2 118 120;8 123 127;8 127 130;1 135 136;2 140 141
0 5 6;6 27 30;6 45 48;5 51 53;0 76 77;1 83 84;1 110 111;6 113 116;0 126 127;0 127 128;6 128 131;2 147 148
0 17 18;0 18 19;1 24 25;1 27 28;0 33 34;0 60 61;0 61 62;6 80 84;0 91 92;5 96 98;2 102 103
6 17 20;8 21 25;8 31 35;6 41 44;8 45 49;5 49 51;2 53 56;1 68 69;0 75 76;5 87 89;8 102 105;2 116 117
1 2 3;1 11 12;8 20 23;8 34 38;0 38 39;6 49 52;6 56 59;8 67 70;8 79 82;2 93 94
6 4 7;0 9 10;0 27 29;0 39 41;0 42 43;0 43 44;1 47 48;1 52 53;5 60 62;1 95 96;1 99 100;0 110 111;0 120 121;2 127 128
6 4 7;0 9 10;2 25 27;0 27 29;1 51 52;0 78 79;8 98 101;6 109 115;5 115 117;2 121 122
6 16 19;0 27 28;6 39 43;0 43 44;0 44 45;6 78 83;5 87 89;0 97 98;0 98 99;6 110 115;6 117 120;6 130 133;6 132 137;2 162 163
0 38 40;6 53 58;0 66 68;1 73 74;2 87 88
0 8 9;8 20 23;1 24 25;3 50 52;1 68 69;1 82 83;0 88 89;0 89 90;6 90 93;6 107 112;6 112 117;1 117 118;2 122 123
1 2 3;8 7 11;6 13 16;0 21 22;1 39 40;0 43 44;6 56 61;0 73 74;0 80 81;1 81 82;0 85 86;0 86 87;0 98 99;2 155 156
0 10 11;0 26 27;0 27 28;1 33 34;1 36 37;0 48 49;0 64 65;1 69 70;2 74 75
0 7 8;5 12 14;3 18 20;0 27 28;0 28 29;1 34 35;1 37 38;0 43 44;0 60 61;0 71 72;2 78 79
4 40 42
8 2 5;0 9 10;1 16 17;0 25 26;0 33 34;0 44 45;2 51 52
5 8 10;0 14 15;0 15 16;1 21 22;1 24 25;0 30 31;2 56 58;0 68 69;6 84 89;6 91 94;6 93 98;0 98 99;0 115 117;6 120 123;2 123 125;8 128 131;0 134 136;2 145 146
6 15 20;5 24 26;8 34 38;0 42 43;0 73 75;0 81 82;8 108 112;0 114 115;0 115 116;1 121 122;1 124 125;0 128 129;1 144 145;6 146 151;8 151 155;5 155 157;1 162 163;2 165 167;1 177 178;6 181 186;8 198 202;8 202 205;1 210 211;2 215 216
6 17 20;6 20 24;5 24 26;0 29 31;8 34 38;0 42 43;7 52 57;2 75 77;0 92 93;1 99 100;8 114 118;3 120 122;1 131 132;2 136 137
0 15 16;0 16 17;6 17 20;0 30 32;3 46 48;6 49 53;0 59 61;1 80 81;2 85 86
1 33 34;1 47 48;8 49 53;0 57 58;0 74 76;6 89 92;3 96 98;1 107 108;6 117 122;2 124 125
0 16 17;1 24 25;0 38 39;1 51 52;0 80 81;1 145 146;9 153 158;0 185 186;0 196 197;0 197 198;2 203 204
8 11 14;5 17 19;6 20 26;0 29 30;0 30 31;2 43 45;5 48 50;2 115 118;2 131 133;6 154 159;2 161 162
8 20 24;8 35 38;0 39 40;8 57 61;1 63 64;6 80 85;9 86 89;2 92 94;3 101 103;1 124 125;0 139 140;6 157 160;0 161 162;0 181 182;0 191 192;0 192 193;1 196 197;2 201 202
0 8 9;0 25 27;0 47 49;6 66 72;2 83 85;0 116 118;1 123 124;1 142 143;2 145 147;8 153 157;2 159 160
8 4 8;5 8 10;1 14 15;1 20 21;2 29 32;6 39 44;6 51 55;1 57 58;1 66 67;6 68 73;7 79 84;7 99 105;8 107 110;0 113 114;0 130 132;2 156 157
6 2 5;0 6 7;0 22 24;0 34 35;6 44 47;0 48 49;1 55 56;0 59 61;2 105 106
0 2 4;3 6 8;1 19 20;0 23 24;6 28 31;1 36 37;3 56 58;9 59 63;0 74 76;2 85 86
0 13 14;8 18 21;1 21 22;1 29 30;1 45 46;6 63 66;1 68 69;6 75 80;6 96 101;1 109 110;1 117 118;1 122 123;1 128 129;2 148 151;1 174 175;8 202 206;2 226 228;0 254 255;2 260 262;1 293 294;1 320 321;8 324 329;1 334 335;2 367 369;6 372 375;5 379 381;6 397 400;0 407 408;2 418 419
0 2 4;3 6 8;0 13 14;0 64 66;8 83 87;2 103 105;1 112 113;0 116 117;6 121 124;0 134 135;0 135 136;5 139 141;0 144 145;0 158 160;2 168 169
0 2 3;1 20 21;7 34 39;2 43 45;2 59 61;5 80 82;0 90 91;8 103 107;5 107 109;0 136 137;6 163 166;0 174 175;8 186 190;1 204 205;2 207 209;2 215 217;1 222 223;0 229 230;2 239 240
0 2 4;3 6 8;0 13 14;0 40 41;2 52 54;8 60 64;5 64 66;8 76 80;5 80 82;6 86 91;0 94 95;6 99 102;0 105 106;8 110 113;6 116 119;0 130 132;1 135 136;2 140 141
8 8 12;1 16 17;6 18 23;6 23 26;0 35 37;1 62 63;2 89 90
0 18 19;0 35 37;0 44 45;0 45 46;6 46 49;5 59 61;1 73 74;0 97 98;0 98 99;0 110 111;8 123 127;0 133 134;5 145 147;0 162 163;8 179 182;0 205 206;0 224 225;8 243 246;2 257 258
0 2 3;8 29 32;1 43 44;0 47 48;5 64 66;0 74 75;0 75 76;6 76 79;9 87 90;2 120 122;2 138 140;0 140 142;0 150 151;6 160 163;2 163 165;2 204 205
2 5 7;0 7 9;2 78 80;8 83 87;8 87 90;0 96 97;0 97 98;1 101 102;2 106 107
6 8 11;0 15 16;8 27 30;0 31 32;6 52 57;2 57 59;1 75 76;1 81 82;6 84 87;2 87 89;1 95 96;8 106 111;5 111 113;2 117 118
6 4 7;6 24 30;5 34 36;0 62 64;1 67 68;6 78 83;0 107 108;8 120 124;1 126 127;8 132 136;2 153 154
6 4 7;9 21 25;0 53 55;2 64 67;1 79 80;1 93 94;5 101 103;0 107 108;0 117 118;5 122 124;2 128 129
5 6 8;6 14 17;1 17 18;2 28 30;6 33 38;6 41 44;1 44 45;6 80 85;5 87 89;1 91 92;6 93 98;8 108 112;2 114 116;2 150 152;5 155 157;1 159 160;2 171 173;6 187 192;8 192 196;0 212 214;5 217 219;1 235 236;0 239 240;6 259 264;0 272 274;1 279 280;2 293 294
5 6 8;6 33 38;0 41 42;0 64 65;1 72 73;2 96 97
0 21 22;0 31 32;0 40 42;8 45 49;0 53 54;9 80 84;0 94 96;1 110 111;0 139 141;2 150 151
2 15 17;6 32 38;0 41 42;6 46 49;0 64 65;6 81 84;2 101 103;0 103 105;8 108 111;0 114 116;6 121 124;0 140 142;6 158 163;8 163 166;2 168 169
0 6 8;1 11 12;2 20 22;6 25 28;1 44 45;8 51 54;9 60 63;7 85 91;2 117 119;0 126 127;6 150 155;2 161 162
1 2 3;2 11 13;0 22 24;0 33 34;0 51 53;1 58 59;6 73 78;8 78 82;6 102 107;2 122 123
7 4 9;5 15 17;0 26 27;8 52 56;0 58 59;1 81 82;8 85 89;2 94 96;3 105 107;0 112 114;3 116 118;1 131 132;6 133 138;2 140 141
0 15 17;6 20 23;0 24 25;0 32 33;0 47 48;0 48 49;1 54 55;1 57 58;0 63 64;6 97 100;1 105 106;2 115 118;6 121 125;0 132 133;2 148 151;6 154 157;1 159 160;8 179 183;2 185 186
0 18 19;0 35 37;0 44 45;0 45 46;6 46 49;1 64 65;0 71 72;0 86 88;0 121 123;0 124 125;8 143 146;2 157 158
0 2 3;0 25 27;0 30 32;0 33 34;0 48 49;0 49 50;6 88 91;2 140 142;0 142 144;6 158 163;6 163 168;9 172 176;1 179 180;8 181 185;0 206 207;0 216 217;1 221 222;2 226 227
0 56 58;0 67 69;8 72 76;0 82 83;1 104 105
0 2 3;0 20 22;0 32 34;0 35 36;0 36 37;1 40 41;1 45 46;0 59 61;6 87 90;6 91 95;0 100 101;7 111 116
1 2 3;6 12 15;0 16 17;0 33 35;0 36 37;0 45 47;0 48 49;1 53 54;6 63 66;0 67 68;0 85 87;0 88 89;0 97 99;0 100 101;7 111 116;1 128 129;0 143 144;0 153 154;6 154 157;1 167 168
0 18 19;0 35 37;0 47 48;0 48 49;2 63 66;2 71 73;8 80 83;0 99 101;0 102 103;6 117 120;6 124 128;9 126 131;6 141 144;3 150 152;0 170 171;1 195 196;3 212 214;0 217 218;0 227 228;8 228 231;1 249 250;7 252 257;5 259 261;0 265 267;8 276 280;6 285 289;0 289 290;0 306 308;0 321 322;6 333 337;1 349 350

5 4 6;0 15 16;6 20 23
2 2 4;0 13 14;2 30 32;0 32 34;8 37 41;8 41 44;0 47 49;0 50 51;8 60 63;5 84 86
0 2 3;0 19 21;7 29 35;1 56 57
1 2 3;6 12 15;0 27 29;2 32 34;8 37 40;0 43 44;1 68 69
0 17 19;0 24 25;8 38 41;0 44 46;1 62 63;0 70 71;8 82 86;5 86 88;6 97 100;0 103 104;1 130 131;1 145 146
1 2 3;6 12 15;0 16 17;0 32 33;0 50 52;6 57 60;0 61 62;1 66 67
6 2 5;0 6 7;5 16 18;0 23 24;0 41 43;0 53 55;0 56 57;0 57 58;1 61 62;1 66 67;6 72 75;1 75 76;8 77 81;5 81 83;8 89 93;0 101 102;1 110 111;0 116 117;0 133 135;0 180 181;1 189 190;0 195 196;0 196 197;6 197 200;7 209 215
6 9 14;8 14 18;6 44 49;8 49 53;0 62 63;2 68 70;1 94 95
8 6 10;6 29 34;7 34 39;1 44 45;8 50 54;1 64 65;3 68 70;1 81 82;0 85 86;2 93 95;0 95 97;3 104 106
0 8 9;6 13 16;0 19 20;0 34 35;2 53 55;1 62 63;6 64 69;6 69 74;3 74 76;6 92 96;1 102 103;6 104 109;7 109 114;7 117 122;1 145 146;1 155 156;6 157 162;7 170 175;7 179 184;0 184 185;1 188 189;1 205 206;6 207 212;6 220 225;6 229 234;8 250 254;0 258 259;0 259 260;1 267 268;6 282 287;7 287 292;1 314 315;8 318 322;0 324 325;0 325 326;6 326 329;0 340 342;3 345 347;8 356 361;3 375 377
6 8 13;6 13 17;2 40 43;0 57 59;8 67 70;0 79 81;0 99 101;0 102 103;0 136 138;3 140 142;0 147 148;0 164 165;0 193 194;2 201 203;0 203 205;3 212 214
0 2 3;0 12 13;0 21 23;6 37 42;1 48 49;5 56 58;1 61 62
8 9 12;0 25 26;0 26 27;8 38 42;8 50 54;8 59 63;5 65 67;3 70 72;6 92 95;3 113 115;1 131 132
0 2 3;6 12 15;1 17 18;2 21 23;1 28 29;0 39 40;0 49 50;9 66 68;0 92 93;1 103 104;0 109 110;1 151 152
0 10 11;0 28 30;8 55 59;2 63 65;8 68 71;6 82 87;6 94 98;0 112 113;0 132 133;6 155 160;6 163 167;8 167 170;0 192 193;0 219 220
6 6 10;6 15 20;8 26 30;0 43 44;0 67 69;0 70 71;7 91 97
8 20 24;8 38 42;0 49 51;0 56 57;2 77 79;0 79 81
0 2 4;3 6 8;0 13 14;0 34 35;6 48 51;2 64 67;5 70 72;1 74 75
0 23 24;5 58 60
6 2 5;0 6 7;0 16 17;0 25 27;2 32 35;5 38 40;1 42 43;6 47 52;9 53 56;0 83 84;0 92 93;0 93 94;1 101 102
1 2 3;6 12 15;0 26 28;0 47 49;0 62 63;0 95 96;0 107 108
0 29 30;3 36 38;5 73 75;1 77 78
1 2 3;6 12 15;0 20 21;0 29 31;2 34 36;0 46 47;0 63 65;1 72 73;1 77 78;1 96 97
0 12 13;6 35 40;7 47 52;6 52 56;0 63 64;1 77 78
3 11 13;1 26 27;8 48 52;1 57 58;6 75 78;0 94 95;0 106 107;1 129 130
5 6 8;6 12 15;0 37 38;1 44 45;8 55 58;0 63 64;0 64 65;1 68 69;5 81 83;0 87 89
6 2 5;0 6 7;0 23 25;0 34 36;8 39 43;0 49 50;4 61 63;0 67 69;0 70 71;0 71 72;9 84 87;0 114 115;6 126 130;0 136 138;0 139 140;6 153 158;1 175 176
2 2 4;0 13 14;2 30 32;0 32 34;0 43 45;0 46 47;0 64 66;0 67 68;0 68 69;5 86 88;2 92 94;0 94 96;1 103 104
6 2 5;0 6 7;0 23 25;0 34 36;8 39 43;0 49 50;6 59 62;0 69 71;8 86 90;6 92 96;0 103 104
0 13 15;5 20 22;2 24 26;0 26 28;0 35 36;0 36 37;8 49 52;0 55 56;0 71 72;6 92 96;1 111 112
6 2 5;0 9 10;0 16 17;1 17 18;0 21 22;0 22 23;6 37 41;6 46 50;8 52 56;0 63 65;0 76 78;1 128 129
6 2 6;5 37 39;0 44 46;5 55 57;1 64 65
2 2 4;8 6 9;3 14 16;3 20 22;5 27 29;8 40 43;0 46 48;0 61 62;8 73 76;6 76 81;6 81 85;5 85 87;6 96 100;5 100 102;6 111 114;5 120 122;6 129 134;1 140 141;0 144 145;0 152 153;8 167 170;0 173 174;3 182 184;8 191 195;0 204 206;5 213 215;6 241 244;2 256 258;0 258 260;1 267 268
6 41 44;6 66 72
0 17 18;8 41 45;9 46 48;6 74 77;1 88 89;1 116 117;6 118 124
8 4 7;0 12 13
0 5 6;2 11 13;8 16 19;0 22 23;0 23 24;0 47 48;2 73 75;0 75 77;1 83 84;6 85 91;1 99 100;0 125 126;0 126 127;1 132 133;1 135 136;0 141 142;0 159 160
5 5 7;0 12 13;0 29 30;1 40 41;6 46 49;1 49 50;8 51 55;5 55 57;8 63 67;0 75 76;1 84 85;1 90 91;1 153 154;8 161 164;0 165 166
0 12 13;1 19 20;0 30 31;1 37 38;1 42 43;0 48 49;0 65 66;1 76 77;0 80 81;0 81 82;4 85 87;6 87 90;0 96 97;6 106 109;0 110 111;0 111 112;3 133 135;0 142 143;0 143 144;0 161 162;6 214 217;3 224 226
0 18 19;0 19 20;1 25 26;1 28 29;0 34 35;0 52 53
6 2 5;2 5 7;1 18 19;1 24 25;6 28 33;6 41 46
0 12 14;0 17 18;1 36 37;6 90 94
6 2 5;0 6 7;6 33 36;0 53 54;0 66 67;6 97 102;6 111 114;8 120 123;1 141 142;1 167 168;0 182 183;5 206 208
0 15 16;0 36 37;2 59 61;1 68 69;0 90 91;6 133 138;6 172 176;6 187 192;0 195 196;9 264 269;0 279 280
8 9 12;7 17 22;6 22 26;8 26 29;0 34 35;0 35 36;0 47 48;2 66 69;6 87 92;1 102 103;8 130 133;6 138 141;0 142 143;0 143 144;8 156 159;9 167 172
7 4 9;9 19 22;0 23 24;1 42 43;6 48 51;2 51 53;5 60 62;1 72 73
0 17 18;0 18 19;1 24 25;1 27 28;0 33 34;6 56 60;3 62 64;6 81 85;3 87 89;0 100 101;7 114 120
0 10 11;0 32 33;8 33 36;5 38 40;6 113 117;0 125 127;1 132 133;0 136 137;8 151 155;1 171 172;0 185 186;8 195 199;5 199 201;0 250 252
0 27 28;5 44 46;0 69 71;8 80 84;8 88 92;1 94 95;8 128 132;0 138 140;0 152 153;5 162 164;6 173 178;8 180 184;0 193 195;6 213 218;8 218 222;5 222 224;5 234 236
0 14 15;6 31 35;0 45 46;6 62 66;0 76 77;6 92 96;6 98 102;0 107 108;1 126 127;5 130 132;6 141 144;1 144 145;8 146 150;5 150 152;8 158 162;0 170 171;1 179 180;6 187 191;5 206 208
5 5 7;0 15 16;0 28 29;0 70 71;0 71 72;8 115 118;0 121 122;0 122 123;1 151 152;8 164 169
6 20 24;0 45 46
0 11 12;8 37 41;1 73 74;1 78 79;0 97 98;0 98 99;6 99 102;8 108 111;7 132 137;1 170 171;6 172 178
5 18 20;0 25 27;5 40 42;0 51 52;0 73 74;8 99 103
1 9 10;0 19 20;0 36 38;0 48 50;0 51 52;5 56 58;1 60 61;6 66 69;6 90 95
6 2 5;0 8 9;0 16 17;5 26 28;8 38 42;5 42 44;8 51 55;6 64 67;0 70 71;5 80 82
0 7 8;8 36 39;8 63 67;5 69 71;9 85 88;0 131 132
0 5 6;0 22 24;0 43 44;0 55 56;0 68 69;5 73 75;6 91 95;5 95 97;1 111 112;6 129 134;3 150 152;6 153 158;1 164 165;7 166 171;8 190 194;6 216 221;6 225 230;9 236 240;7 253 258;5 260 262;0 267 268;1 289 290;6 293 297;3 299 301;0 319 321;5 329 331;0 335 336;0 352 354
0 12 13;0 29 31;0 48 49;0 71 72;1 76 77;8 91 94;0 97 98;1 116 117;1 134 135;0 144 145;0 183 184;0 184 185;5 188 190;2 202 204;0 204 206;0 241 242
5 5 7;0 15 16;0 33 34;0 34 35;0 46 47;5 59 61;6 65 68;0 69 70;0 81 82;8 94 98;3 98 100;0 103 104;0 204 206;8 218 222;1 228 229;8 239 244
0 5 6;2 11 13;1 32 33;0 36 37;0 54 55;1 75 76;0 83 84;0 84 85;1 99 100;0 112 113
6 5 8;7 9 14;0 20 21;0 30 31;2 46 48;3 56 58;0 67 68;3 85 87;1 106 107;8 118 123;6 127 132;5 132 134;6 147 153;0 156 157;1 172 173;8 174 179;6 201 206;0 216 217;0 217 218;1 229 230;0 250 251;0 251 252;1 260 261;0 281 282;8 286 289;5 313 315;1 320 321;1 334 335;0 338 339;0 352 353;1 376 377;0 387 388;0 388 389;0 416 417;0 435 436;0 443 444;0 461 463;0 473 475;0 476 477;0 477 478;1 481 482;1 486 487;6 496 501;6 508 512;5 514 516
2 41 43;0 52 53;0 70 72;0 87 89;0 104 105;1 123 124;0 127 128;0 134 136;0 137 138;6 147 150;0 151 152;2 171 172
2 2 4;0 13 14;0 31 33;2 46 48;0 48 50;1 57 58;0 79 80;0 80 81;6 81 84;5 98 100;0 105 107;1 112 113;0 116 117;8 157 161;1 174 175;8 186 189;2 204 205
6 2 5;0 6 7;1 33 34;8 43 46;0 55 56;0 65 67;3 69 71;0 76 77;0 86 87;0 96 97;0 118 119;5 122 124;6 133 138;6 145 149;5 151 153;2 160 161
6 2 5;0 6 7;6 31 35;3 37 39;0 42 43;1 51 52;2 80 81
6 9 12;0 24 26;7 68 74;0 81 82;7 95 100;2 102 103
2 2 4;0 13 14;2 30 32;0 32 34;8 37 41;3 41 43;9 56 60;8 66 70;2 79 81;0 81 83;8 86 90;0 96 98;9 104 109;1 114 115;8 118 122;0 131 133;1 158 159;2 163 164
0 2 3;2 9 11;0 11 13;6 16 19;0 36 37;6 71 76;0 79 80;1 105 106;6 108 111;0 112 113;0 139 140;1 147 148;1 162 163;0 201 202;0 213 214;0 226 227;0 241 243;3 245 247;0 257 258;0 258 259;1 262 263;2 267 268
6 5 11;0 14 15;6 31 35;0 35 36;2 55 56
8 4 8;3 8 10;0 25 26;0 40 41;5 41 43;0 50 52;0 64 66;9 84 87;1 100 101;0 113 114;1 129 130;0 135 137;0 138 139;5 148 150;3 166 168;2 175 178;0 186 187;8 198 202;3 202 204;0 220 222;0 237 238;5 242 244;5 251 253;2 257 259;0 259 261;6 264 267;0 268 269;0 284 285;5 289 291;2 295 296
6 2 5;0 9 10;8 31 35;0 44 46;0 69 70;0 76 78;0 79 80;2 107 108
2 2 4;0 13 14;0 31 33;6 52 57;8 57 61;2 70 73;6 76 80;0 86 88;6 94 100;3 117 119;6 120 125;6 125 130;3 132 134;2 141 144;6 147 151;6 153 156;6 162 168;6 172 175;2 190 192;0 192 194;8 197 200;0 223 225;0 228 229;1 237 238;0 248 249;0 251 252;0 257 258;0 275 276;1 283 284;7 291 296;5 303 305;0 310 312;3 314 316;0 326 327;0 327 328;1 331 332;2 336 337
2 2 4;0 13 14;0 31 33;0 34 35;5 35 37;0 44 46;6 53 59;0 62 63;0 63 64;6 67 70;6 73 76;0 84 85;0 85 86;6 89 92;6 98 102;0 116 118;8 142 146;6 175 179;8 206 211;0 227 228;0 234 236;0 237 238;6 247 250;0 251 252;7 266 271;2 273 274
2 2 4;0 13 14;0 14 15;6 15 18;6 24 27;5 33 35;1 37 38;6 40 45;8 45 49;6 52 56;8 58 61;1 74 75;6 86 91;3 95 97;2 113 115;0 115 117;6 120 123;8 139 142;0 143 144;1 158 159;6 166 169;0 170 171;2 190 191
0 8 9;6 26 29;0 50 52;1 57 58;8 60 64;2 67 69;0 69 71;6 88 91;5 95 97;0 102 103;1 110 111;8 134 138;0 144 146;0 147 148;1 166 167;6 180 185;1 194 195;6 213 216;0 217 218;7 231 236;2 238 239
6 2 5;0 9 10;0 24 25;0 42 44;0 47 48;1 66 67;6 70 73;0 89 91;1 96 97;0 102 104;1 113 114;8 125 128;0 147 148;0 157 159;3 161 163;0 173 174;0 174 175;1 178 179;2 183 184
0 20 21;0 42 43;0 67 68;0 68 69;1 74 75;1 77 78;0 91 92;0 103 104;2 130 131
6 4 7;0 34 36;6 50 53;0 54 56;1 71 72;8 76 80;0 83 84;6 95 98;1 120 121;1 135 136;8 141 145;8 145 148;1 153 154;2 158 159
6 2 5;0 6 7;0 30 31;0 31 32;1 37 38;1 40 41;0 46 47;0 58 59;9 72 76;2 89 90
4 39 41;0 44 45;0 57 58;2 64 65;5 65 66
2 11 13;0 13 15;8 18 22;3 22 24;6 28 33;8 33 36;6 37 42;0 57 58;1 62 63;1 73 74;2 89 90;5 90 91
6 20 23;8 31 36;1 36 37;5 44 46;9 47 51;2 54 55;5 55 56
5 2 4;8 21 24;0 27 28;8 50 53;1 61 62;2 69 70
0 13 15;0 18 19;6 29 32;3 36 38;2 54 56;6 62 67;2 69 70;5 70 71
8 11 14;2 16 18;0 18 20;0 27 28;0 28 29;3 34 36;1 65 66;6 77 80;1 80 81;8 99 103;2 105 106;5 106 107
0 2 3;5 16 18;1 20 21;1 50 51;9 61 63;8 79 83;9 92 96;2 99 100;5 100 101
5 2 4;6 9 13;5 32 34;6 35 40;2 42 43;5 43 44
0 18 19;0 19 20;3 25 27;3 32 34;6 35 40;1 42 43;8 46 51;9 54 56;1 67 68;6 71 74;1 74 75;6 76 80;0 86 87;2 93 94;5 94 95
0 2 3;0 3 4;6 4 7;1 19 20;7 21 26;6 35 40;2 42 43;5 43 44
7 6 12;1 40 41;6 49 54;8 57 62;1 64 65;0 70 71;2 77 78;5 78 79
5 12 14;6 32 36;1 42 43;0 46 47;0 47 48;2 61 62;5 62 63
6 6 10;1 29 30;2 35 36;5 36 37
1 8 9;0 12 13;8 39 43;8 45 49;0 55 56;0 56 57;2 77 78;5 78 79
0 15 16;0 25 26;5 52 54;6 55 60;8 68 72;2 74 75;5 75 76
5 6 8;5 13 15;0 19 20;8 24 27;1 27 28;1 61 62;1 71 72;5 84 86;5 107 109;0 112 113;2 119 120;5 120 121
0 16 17;0 39 40;0 57 58;0 58 59;2 72 73;5 73 74
8 16 20;2 53 54;5 54 55
3 4 6;0 20 21;0 32 33;1 43 44;8 55 58;2 70 71;5 71 72
0 13 14;0 14 15;1 24 25;0 37 38;2 44 45;5 45 46
3 4 6;6 22 27;3 35 37;6 40 44;2 48 49;5 49 50
5 5 7;8 10 13;6 25 30;1 35 36;8 54 57;3 62 64;0 80 81;2 94 95;5 95 96
1 17 18;1 21 22;2 42 43;5 43 44
6 18 21;2 43 44;5 44 45
6 3 6;7 8 13;6 29 34;2 36 37;5 37 38
0 20 21;1 32 33;0 63 64;0 74 75;0 75 76;2 81 82;5 82 83
1 15 16;2 28 30;5 33 35;1 43 44;1 49 50;8 52 56;1 68 69;9 70 74;2 77 78;5 78 79
0 21 23;5 36 38;8 57 61;0 61 62;2 68 69;5 69 70
0 14 15;2 36 38;1 53 54;7 55 60;2 66 67;5 67 68
6 21 24;0 32 33;6 61 66;2 68 69;5 69 70
0 13 14;6 18 21;2 50 51;5 51 52
1 2 3;2 43 44
0 13 14;0 14 15;1 22 23;0 28 29;3 42 44;6 54 59;2 61 62;5 62 63
5 1 3;1 18 19;8 20 24;1 24 25;0 37 38;2 44 45;5 45 46
6 4 9;3 15 17;2 46 47;5 47 48
5 21 23;6 27 32;8 32 36;8 60 64;5 64 66;8 67 72;0 80 82;0 87 88;1 94 95;6 105 110;2 112 113
6 2 5;1 12 13;8 33 37;1 45 46;0 67 68;0 68 69;2 88 89;5 89 90
5 6 8;5 13 15;0 19 20;0 20 21;1 26 27;1 29 30;0 35 36;6 82 86;7 101 106;2 108 109;5 109 110
0 2 3;5 61 63;0 74 75;0 75 76;5 88 90;0 93 94;2 100 101;5 101 102
0 7 8;5 32 34;1 36 37;0 40 41;0 41 42;2 47 48;5 48 49
0 2 3;0 27 28;6 40 45;8 49 53;2 55 56;5 56 57
0 19 20;0 20 21;0 33 34;1 44 45;0 57 58;2 64 65;5 65 66
6 2 5;1 20 21;0 44 45;2 51 52
0 17 18;8 42 47;1 47 48;2 74 75
2 38 40;8 43 46;8 55 59;8 66 70;0 80 81;6 95 99;2 109 110;5 110 111
0 41 42;0 42 43;1 46 47;1 51 52
0 2 3;1 7 8;1 12 13;5 18 20
0 2 3;1 7 8;1 12 13
0 2 3;1 14 15
6 2 5;5 27 28
6 4 7;0 8 9;0 9 10;1 21 22
0 2 3;0 3 4;3 9 11;0 20 21
6 2 5;6 21 26

0 7 8;1 15 16;2 18 19
8 26 30;2 33 34
0 29 30;0 30 31;2 34 35
0 18 19;0 19 20;6 20 23;2 35 36
0 6 8;1 24 25;0 29 30;8 39 42;8 42 46;1 48 49;2 62 63
6 2 5;0 6 7;6 26 29;1 29 30;6 31 35;2 39 40
2 13 15;1 22 23;6 40 43;0 54 56;5 59 61;1 66 67;2 80 81
0 6 8;6 15 21;0 24 25;2 45 46
0 4 5;2 34 35
2 4 6;1 13 14;7 25 30;0 30 31;3 34 36;0 43 44;2 52 53
0 6 7;1 21 22;7 23 28;2 37 38
2 4 6;8 9 12;5 29 31;2 35 36
0 6 7;0 7 8;3 13 15;2 42 43
0 10 11;0 11 12;3 17 19;0 24 25;6 36 39;1 41 42;6 49 54;2 61 63;6 66 69;8 76 79;2 81 82
1 10 11;5 31 33;1 35 36;0 42 43;2 53 54
0 12 14;0 32 34;1 39 40;8 41 46;1 54 55;8 56 60;6 63 68;8 68 71;2 73 74
2 12 15;1 24 25;3 30 32;5 39 41;8 42 46;2 48 49
2 11 13;2 45 46
8 26 30;0 34 36;1 67 68;2 75 76
5 4 6;0 13 14;1 24 25;8 36 40;5 50 52;2 80 81
0 6 8;1 13 14;6 35 38;1 40 41;0 47 48;0 58 59;2 65 66
5 14 16;0 32 33;2 43 44
2 5 7;0 7 9;6 12 15;2 15 17;2 28 30;6 43 48;5 48 50;2 54 55
6 30 35;8 35 39;2 39 40
8 15 18;2 39 40
5 8 10;8 16 20;0 36 37;2 47 48
5 10 12;6 35 40;0 43 44;2 54 55
2 17 19;7 26 31;0 51 52;0 62 63;2 69 70
2 11 14;1 30 31;1 60 61;6 62 67;2 69 70
1 22 23;1 34 35;5 47 49;2 51 52
1 10 11;1 25 26;1 37 38;0 47 48;6 52 55;2 67 68
0 40 41;0 41 42;0 49 50;2 56 57
8 13 17;0 58 59;0 59 60;2 65 66
0 42 44;2 55 56
0 8 10;0 48 49;0 49 50;1 53 54;8 70 73;2 75 76
0 6 7;1 13 14;0 17 19;8 22 26;6 30 34;0 44 46;8 49 52;2 56 57
6 13 18;8 18 22;5 22 24;6 29 32;0 43 45;8 51 56;1 56 57;2 61 62
0 2 3;0 3 4;3 9 11;1 22 23;0 33 35;6 36 40;6 42 45;2 56 57
0 2 3;1 20 21;0 34 35;1 39 40;2 44 45
8 4 8;5 23 25;2 61 62
2 7 9;0 9 11;0 18 19;6 28 31;6 37 42;6 53 58;2 60 61
5 8 10;0 15 17;0 23 24;1 35 36;6 50 53;6 59 64;6 75 80;2 82 83
1 4 5;2 12 14;0 21 22;8 33 37;5 37 39;6 43 48;7 48 53;0 72 74;5 90 92;2 94 95
0 11 13;1 18 19;8 35 39;2 42 43
2 23 25;8 28 31;2 38 39
6 14 17;0 18 19;0 19 20;8 32 35;0 38 39;2 49 50
5 10 12;0 15 16;6 20 23;0 26 27;8 31 34;2 52 53
2 2 4;6 19 24;7 24 29;6 32 36;2 38 40;6 51 55;5 55 57;2 61 62
6 2 5;0 6 7;0 19 20;0 20 21;0 35 36;0 46 47;2 53 54
6 4 7;0 26 28;6 35 41;1 60 61;2 86 87
7 7 12;0 28 30;6 33 37;0 46 47;2 61 62
0 41 42;0 42 43;2 46 47
1 6 7;6 8 13;2 17 18
6 8 13;8 13 16;2 16 17
0 2 3;0 12 13;2 21 22
0 2 3;0 3 4;5 7 9;0 12 13;2 21 22
0 2 3;0 12 13;2 21 22
6 2 5;1 26 27
1 9 10;8 13 17
0 15 16;0 16 17;3 22 24
0 10 11
6 7 11;7 18 23;2 34 35
6 24 28;2 34 35
6 35 38
1 2 3;0 8 9;0 9 10;6 10 13;0 17 18;8 27 30;8 30 34;2 47 48
1 13 14;2 16 18;8 26 29;5 38 40;2 44 45
0 13 14;2 20 22;0 22 24;0 43 45;3 50 52;6 68 71;5 77 79;8 92 95;2 106 107
6 2 5;0 6 7;6 26 29;1 29 30;6 31 35;2 39 40
1 2 3;2 15 17;1 24 25;1 47 48;0 71 72;2 78 79
0 5 7;0 10 11;0 18 20;3 25 27;9 29 34;8 41 44;2 55 56
6 26 31;6 39 43;5 48 50;1 52 53;8 55 59;2 67 68
0 2 3;0 20 22;0 25 26;8 52 56;1 61 62;5 71 73;2 103 105;1 114 115;6 117 122;6 133 138;8 138 142;8 145 149;0 153 154;9 159 163;2 179 180
5 8 10;1 12 13;8 15 19;1 21 22;6 27 31;6 36 41;6 41 44;2 54 55
1 6 7;7 27 33;8 40 44;2 61 62
7 29 34;6 43 46;6 58 63;2 67 68
5 4 6;6 34 38;3 42 44;2 48 49
2 5 7;0 7 9;6 12 15;6 19 22;5 26 28;2 33 35;2 54 55
6 4 7;0 8 9;1 33 34;0 46 47;0 47 48;2 53 54
6 2 5;6 9 12;8 16 20;5 20 22;5 27 29;6 37 40;1 42 43;0 49 50;0 58 59;0 59 60;2 65 66
2 14 16;8 19 22;6 50 54;5 60 62;2 64 65
6 22 27;1 41 42;0 50 51;2 57 58
0 15 17;6 22 25;6 33 38;0 41 42;2 55 56
1 24 25;8 29 33;1 35 36;2 38 40;8 56 60;2 63 64
1 27 28;2 46 47
0 11 13;6 22 27;2 33 35;8 38 42;0 46 48;1 51 52;2 56 57
0 12 14;0 44 45;1 49 50;2 54 55
0 12 14;0 15 16;0 16 17;1 22 23;1 25 26;0 31 32;2 57 58
8 7 10;3 19 21;0 44 45;2 58 59
6 18 22;8 63 67;1 73 74;6 75 80;2 82 83
0 10 11;1 17 18;0 30 31;2 37 38
5 21 23;8 24 29;6 31 36;6 36 41;6 46 51;2 57 58
8 7 10;0 15 16;2 40 41
8 21 26;0 26 27;0 43 45;0 51 52;2 61 62
1 16 17;0 27 28;5 37 39;1 41 42;0 45 46;6 55 58;2 68 69
6 4 8;0 12 14;6 20 26;0 29 30;0 30 31;3 36 38;6 47 52;0 58 60;6 67 72;2 76 77
1 23 24;0 27 29;0 41 42;2 63 64
6 45 50;8 61 64;2 66 67
6 4 7;0 26 28;8 35 40;1 46 47;1 56 57;6 59 62;2 88 89
0 2 3;6 31 34;2 88 89
0 7 8;5 32 34;1 36 37;0 40 41;0 41 42;6 42 45;2 47 48
0 41 42;0 42 43;6 43 46;5 46 48

8 8 11;0 19 20
6 22 26
1 9 10;0 19 20
8 10 14;0 14 15
0 9 10;0 19 20
6 2 5
5 32 34
2 8 11;5 21 23;1 27 28;2 31 33
0 11 12
1 8 9;1 16 17
5 6 8
8 2 5;5 8 10;0 15 16;8 20 23
8 2 5;6 11 14;0 17 18
0 13 14;0 14 15;5 18 20
0 10 11
5 4 6;1 24 25;0 36 37;5 41 43
0 15 16;0 16 17;1 20 21;0 26 27
0 6 7;1 7 8;0 11 12;0 12 13;0 24 25
0 9 10;0 10 11;0 26 27;8 31 34
8 10 15;8 20 24
2 15 17;3 24 26;8 27 31;6 31 34;2 43 45;8 48 51;3 61 63;6 67 72;2 72 74;8 77 80;0 83 84;8 99 103;1 107 108;6 113 117;0 135 136;0 136 137;6 140 143;0 158 159;8 163 166;5 175 177;3 180 182;6 186 191;7 191 196;0 204 205
8 11 14;1 14 15;6 26 29
0 10 11;0 25 26
6 4 9;6 9 14;8 17 21;0 23 24;0 24 25;1 30 31;1 33 34;1 53 54;9 82 85;6 93 97;0 104 105;6 116 120;3 122 124
6 2 5;0 6 7;0 34 35;6 53 56;0 60 61;3 67 69;0 87 88;8 92 95
8 10 14;1 16 17;6 32 36;0 54 55;0 55 56;6 59 62;6 67 70;0 71 72;0 72 73;6 76 79;0 97 98
6 13 18;8 18 22;8 32 36;5 55 57;0 65 66;0 72 73;1 73 74;0 77 78;0 78 79
1 2 3;5 10 12;6 18 23;0 26 27;6 38 41;8 68 72;8 78 82;1 89 90;0 114 115
0 18 19;0 19 20;1 25 26;1 28 29;0 42 43;5 56 58;0 63 64;3 77 79;0 83 85;0 99 101;5 106 108;0 113 114;0 132 134;0 137 138
5 12 14;3 28 30;0 35 36;0 47 48;1 54 55;0 67 68;0 68 69;6 79 82;1 93 94;0 99 100;8 141 144;6 148 153;0 156 157;8 175 178;6 185 188;8 189 193;6 205 208;1 210 211;2 231 233;0 233 235;8 238 241;0 269 270
0 13 14
6 17 22
8 4 7;1 9 10;0 18 19

5 4 6;1 8 9;0 15 16
6 22 26
7 4 9;8 20 23;1 23 24
6 4 7;1 16 17
6 2 5;5 8 10;1 13 14;0 17 18;3 24 26;0 29 30
6 4 7;0 23 24;8 28 31
6 4 7;1 9 10;5 29 31
6 4 7;1 9 10
6 4 7;1 9 10;0 18 19;0 19 20;0 32 33;0 33 34;0 44 45;8 49 52
6 2 7;5 7 9
6 4 7;0 17 18;0 18 19;6 19 22;0 29 30
6 4 7;1 9 10;5 29 31
6 4 7;1 9 10;0 22 23;0 23 24
6 4 7;2 9 11;0 28 29
0 9 11;2 16 18;5 21 23
6 13 18;8 18 22;5 22 24;6 29 32;0 43 45;5 64 66
0 2 3
1 8 9
3 15 17
1 2 3;6 13 18;0 21 22;0 22 23;6 23 26;0 31 32
0 9 10
8 15 19;0 23 24
1 11 12;0 16 17;2 35 36
5 22 24;2 26 27
8 4 7;1 12 13;2 17 18
0 2 3;0 10 12;0 23 24;0 31 33
5 40 42;0 51 52;0 52 53;0 64 65;8 65 68;0 72 73
6 4 8;0 12 14;6 21 25;0 32 34;0 45 47;6 53 58
0 10 12;0 15 16;2 23 25;0 25 27;3 34 36;6 56 61
5 6 8;3 11 13;6 17 22;0 25 26;9 31 33;3 34 36
9 7 11;1 12 13;8 18 22;0 33 34;0 34 35;6 35 38
5 28 30;0 33 34;0 34 35;6 54 59
5 11 13;1 15 16;0 40 41;5 45 47;6 57 60;6 71 76;8 76 79
0 19 20;0 20 21;0 36 37;1 41 42;1 52 53
5 12 14;8 32 36;0 44 46;5 49 51;0 65 67;5 70 72;6 76 80;0 80 81
2 15 17;6 20 23;8 33 37;0 37 38;8 38 41
2 10 12;5 15 17;1 19 20;0 23 24;0 24 25;3 30 32;3 39 41;6 42 47
0 13 14;8 29 34;0 34 35;0 43 44;3 48 50;2 57 60;8 66 70;5 70 72
1 10 11;1 33 34;6 35 39
5 2 4;3 26 28;7 29 34;8 36 40
7 6 7;1 17 18;2 20 22;8 29 33;6 40 45

5 6 8;0 20 21;0 35 36;6 53 58
8 14 18
6 2 5;2 5 7;8 35 40;8 45 50;6 64 69
8 2 5;0 8 9;0 9 10;6 10 13;6 21 24;6 44 49;8 49 52

5 6 8;0 20 21;0 35 36;6 53 58
0 20 21;0 21 22;6 22 25
2 7 9;0 9 11;6 19 25;6 25 28;1 32 33;6 36 42;2 51 53;6 56 59;2 59 61;7 65 71;1 79 80;6 81 85
0 11 12;0 12 13;9 33 36
6 17 23;0 26 27;0 38 39
6 2 5;0 16 18;0 19 20;0 20 21;6 21 24;7 37 42;0 49 50;5 56 58;0 65 66
6 16 19;0 20 21;3 25 27;9 37 41;6 62 67
0 9 11

6 2 5;2 5 7;6 38 42;1 42 43;8 48 52;0 58 60;0 71 72
5 6 8;0 20 21;0 35 36;6 53 58
9 21 25;0 26 27;0 27 28;6 28 31
6 2 5;2 5 7;2 45 47;6 58 63;1 70 71;8 73 77
6 8 13;8 18 21;1 29 30;5 37 39;8 45 49
5 6 8;8 11 14;8 18 22;5 22 24;0 43 45;0 48 49;0 49 50;6 50 53
5 6 8;1 11 12;8 22 26;1 32 33;2 44 46;0 68 70
5 6 8;8 18 22;6 35 40
0 8 10
5 6 8;0 20 21;0 35 36;6 53 58
5 6 8;3 11 13;0 33 34;0 34 35;6 35 38
0 8 10;1 19 20;1 45 46;6 64 69;5 69 71
6 20 25;0 30 32;3 34 36;8 52 56;3 58 60;8 63 67;0 69 70;0 70 71
6 29 34;8 34 37
0 11 12;0 34 35;0 35 36
0 5 6;0 6 7;0 31 32;0 32 33;5 44 46
6 2 5;0 6 7;5 11 13;1 29 30;6 31 35
0 23 24;0 24 25;6 25 28;0 57 59
6 2 5;5 24 26;1 28 29
2 4 6;2 15 17;1 27 28;8 33 37;9 42 46;0 47 48
5 6 8;2 19 21;6 45 50
8 13 17;0 29 30;0 30 31
6 14 18;6 24 29
6 2 5;0 6 7;6 26 29;1 29 30;6 31 35
5 6 8;5 15 17;8 22 25;6 32 37;5 37 39
0 40 41;2 48 49
0 8 9;2 17 18
0 7 8;8 12 15;2 15 16
0 10 11;2 17 18
0 1 2;0 12 13;2 30 31
0 2 3;0 3 4;6 4 7;5 7 9;0 14 15;0 15 16;2 32 33
0 2 3;0 3 4;3 9 11;0 33 34;2 41 42
5 9 11;0 15 17;0 22 23;2 30 31
0 10 12;0 13 14;0 25 26;0 50 52;0 53 54;2 61 62
0 2 3;2 30 31
1 9 10;6 15 19;0 19 20;0 20 21;6 21 24;0 35 36;2 44 45
0 2 3;0 15 16;0 27 28;0 28 29;2 36 37
3 15 17;2 40 41
0 7 8;8 12 15;1 15 16;8 21 25;1 29 30;8 31 35;0 35 36;2 43 44
0 9 10;4 14 16;6 16 19;6 22 27;6 31 36;6 36 41;2 41 42
3 15 17;2 40 41
0 6 7;0 30 31;2 41 42
3 15 17;2 40 41
0 7 8;2 31 32
7 19 24;5 28 30;2 34 35
3 15 17;2 40 41
0 19 20;0 20 21;0 33 34;2 42 43
3 15 17;2 40 41
0 7 8;0 18 19;8 23 26;0 37 38;0 49 50;2 58 59
3 15 17;2 40 41
2 23 24
5 4 6;5 13 15;0 30 31;1 37 38;0 43 44;2 52 53
3 15 17;2 40 41
1 11 12;8 15 19;0 21 22;0 22 23;1 28 29;1 31 32;0 37 38
3 15 17;2 40 41
0 26 27;0 27 28;2 35 36
3 15 17;2 40 41
1 2 3;0 12 13;6 17 20;0 23 24;8 28 31;0 37 38;8 53 57;8 57 60;0 63 65;5 73 75;0 81 82;0 82 83;1 88 89;1 91 92;0 97 98;0 109 110;8 110 113;0 116 118;8 125 128;2 149 150
3 15 17;2 40 41
6 27 32;6 32 37;6 39 43;8 49 53;8 59 62;2 66 67
3 15 17;2 40 41
0 8 9;8 9 12;0 18 19;0 19 20;3 25 27;8 47 51;0 51 52;0 52 53;2 58 59
3 15 17;2 40 41
7 11 16;8 30 34;9 35 37;2 40 42;8 45 48;6 47 51;4 57 59;6 59 61
3 15 17;2 40 41
0 9 10;5 14 16;1 31 32;0 50 51;0 51 52;6 52 55;1 57 58;0 64 65;5 69 71;2 73 74
3 15 17;2 40 41
1 2 3;1 7 8;6 13 16;0 19 20;0 43 44;5 48 50;2 54 55
2 40 41
3 15 17;2 40 41
1 30 31;6 34 37;2 39 40
3 15 17;2 40 41
2 7 9;2 16 17
3 15 17;2 40 41
5 21 23;2 27 28
3 15 17;2 40 41
8 11 15;1 21 22;8 27 31;2 35 36
3 15 17;2 40 41
9 26 30;3 33 35;5 54 56;6 59 63;0 69 70;6 74 77;2 86 87
3 15 17;2 40 41
6 5 8;1 11 12;1 16 17;0 20 21;0 21 22;5 37 39;6 45 48;8 51 54;8 53 57;5 57 59;4 74 76;6 76 78
3 15 17;2 40 41
6 4 7;6 9 12;0 13 14;0 27 28;2 36 37
3 15 17;2 40 41
3 9 11;0 14 15;1 23 24;0 34 35;2 43 44
3 15 17;2 40 41
8 4 8;6 19 22;2 24 25
3 15 17;2 40 41
5 2 4;4 6 8;6 8 11;2 13 14
3 15 17;2 40 41
2 29 30
3 15 17;2 40 41
1 11 12;6 17 21;6 26 30;6 32 35;2 35 36
3 15 17;2 40 41
6 5 8;1 15 16;2 23 24
3 15 17;2 40 41
6 4 9;5 9 11;1 16 17;8 18 22;0 24 25;2 31 32
3 15 17;2 40 41
5 7 9;6 15 18;8 21 24;8 23 27;5 27 29;4 44 46;6 46 48
3 15 17;2 40 41
6 35 39;5 41 43;2 55 56
3 15 17;2 40 41
1 4 5;0 10 11;0 28 29;1 35 36;0 41 42;2 50 51
0 54 55
5 11 13
7 8 13
0 14 15
0 10 11
3 14 16;6 17 22;9 23 25
8 4 7;1 16 17;8 18 23;1 25 26
1 8 9;0 12 13;2 28 30;1 37 38;0 41 42
1 8 9;0 12 13;2 29 31;1 38 39;0 42 43
0 2 3;0 3 4;1 7 8;0 16 17;0 17 18;1 21 22;2 26 27
0 2 4;3 6 8;0 13 14;2 25 26
6 6 9;1 9 10;0 13 14;0 14 15;6 15 18;2 20 21
6 6 11;0 14 15;2 24 25
6 8 13;0 16 17;2 26 27
6 12 17
1 31 32;2 36 37
1 25 26;6 27 32;2 39 40
6 10 14;6 32 37;6 37 42;2 44 45
8 34 37;2 39 40
1 4 5;6 10 15;6 15 18;2 31 32
6 14 19;6 19 22;2 32 33
2 10 11
1 8 9;0 12 13;0 13 14;0 24 25;2 33 34
3 4 6;9 7 11;0 22 24;2 33 34
6 28 33
8 11 16;1 18 19;8 20 25;1 27 28
1 8 9;0 12 13;2 25 27;1 34 35;0 38 39;2 45 46
5 6 8;6 9 14;2 18 19;5 19 20
6 7 12;8 12 15;2 15 16;5 16 17
6 6 11;2 15 16;5 16 17
3 4 6;6 7 12;2 16 17;5 17 18
1 4 5;8 10 14
5 7 9;6 15 19
6 7 12
6 2 5;2 5 7;8 10 13;1 17 18;6 20 23;8 26 29;3 29 31
1 10 11;6 13 16;5 19 21

1 9 10;0 13 14;2 20 21
6 6 11;0 14 15;2 24 25
6 8 13;0 16 17;2 26 27
1 8 9;0 12 13;0 13 14;2 25 27;1 34 35;0 38 39;0 39 40;2 45 46
6 10 14;2 18 19
6 6 11;6 11 15;2 19 20
6 11 15;2 23 24
6 2 5;0 16 18;5 21 23;1 28 29;2 42 43
0 8 10;0 28 29;8 33 36;0 37 38;2 44 45
0 8 10;6 42 45;6 53 58;1 62 63;6 71 74;5 80 82;2 87 88
3 9 11;0 17 18;2 27 28
6 7 10;0 11 12;0 27 28;2 37 38
5 4 6;1 27 28;6 36 41;2 45 46
6 2 5;6 8 11;0 25 26;0 26 27;4 30 32;0 39 40;2 51 52
8 15 19;6 22 27;8 27 31;2 34 35
0 22 23;2 29 30
1 4 5;0 27 28;2 34 35
1 4 5;0 20 21;2 25 26
1 2 3;0 25 26;0 26 27;2 30 31
5 11 13;1 15 16;2 40 41
6 12 17;2 25 26
8 4 7;2 23 25;0 38 39;1 43 44;2 48 49
0 29 30;2 63 64
2 4 7;6 10 15;1 29 30;8 41 44;2 71 72
5 6 8;0 20 21;0 21 22;6 22 25;0 32 33;2 62 63
6 12 17;2 27 28
8 4 7;2 23 25;0 38 39;0 39 40;1 43 44;2 48 49
3 9 11;1 24 25;1 32 33;8 34 39;2 57 58
6 2 5;2 17 18
2 21 22
0 15 16;3 20 22;0 25 26;2 41 42
8 4 7;8 12 15;0 30 31;0 52 53;8 57 60;2 62 63
3 9 11;1 22 23;8 32 37;2 53 54
0 15 16;0 16 17;6 17 20;0 24 25;2 37 38
8 4 7;8 12 15;2 32 34;0 47 48;8 52 55;2 58 59
1 15 16;6 29 33;1 37 38;7 39 45;5 49 51;2 53 54
0 12 13;0 26 27;2 33 34
2 4 6;5 9 11;1 22 23;0 28 29;0 29 30;6 30 33;2 35 36
6 4 7;1 9 10;7 18 23;2 42 43
6 2 5;1 7 8;8 19 23;2 25 26
1 8 9;6 10 15;2 19 20
2 14 16;0 24 25;2 36 37
8 2 5;6 7 12;7 12 17;0 21 22;1 26 27;2 31 32
1 8 9;0 13 14;8 26 29;6 29 34;5 34 36;2 40 41
5 4 6;6 27 30;2 44 45
2 8 10;0 26 27;2 35 36
8 4 7;8 18 22;8 22 25;2 27 28
5 11 13;8 29 32;1 39 40;7 42 47;5 51 53;2 57 58
2 8 10;8 13 17;8 17 20;2 37 38
2 13 15;8 18 22;8 22 25;1 30 31;2 35 36
6 4 7;2 7 9;8 12 16;0 25 26;2 37 38
6 7 11;6 19 23;6 25 28;2 35 36
6 4 7;2 7 9;8 12 16;1 31 32;0 35 36;2 42 43
1 6 7;7 8 13;1 27 28;0 31 32;2 38 39
6 4 7;2 7 9;8 12 16;0 25 26;0 41 42;0 42 43;4 46 48;2 51 52
6 7 12;2 19 20
2 17 18
6 2 5;1 8 9;0 26 27;2 33 34
0 12 13;0 26 27;2 33 34
0 63 64;0 64 65;1 70 71;1 73 74;0 79 80;0 96 97;0 107 108;2 114 115
1 4 5;0 13 14;0 14 15;1 20 21;1 23 24;0 29 30;1 45 46;8 82 86;2 88 89
0 5 6;0 18 19;0 31 32;0 32 33;1 36 37;0 44 45;2 81 82
0 5 6;0 20 21;0 21 22;1 27 28;1 30 31;0 36 37;8 65 69;6 69 72;0 73 74;0 89 90;0 123 124;8 164 167;0 175 176;0 176 177;3 182 184;8 238 241;0 246 247;2 276 277
1 5 6;0 14 15;0 15 16;1 21 22;1 24 25;0 30 31;0 48 49;0 65 66;2 72 73
0 8 9;0 21 22;0 22 23;6 23 26;0 42 43;0 43 44;6 44 47;0 57 58;9 79 83;0 90 91;0 91 92;2 97 98
0 8 10;0 13 14;1 32 33;8 38 41;0 44 46;6 49 52;6 62 67;0 89 90;0 107 109;8 112 115;8 122 125;0 128 130;5 140 142;8 143 147;2 149 150
0 31 32;0 41 42;0 42 43;5 54 56;0 75 77;5 94 96;1 109 110;8 119 123;8 123 126;6 126 131;2 137 138
0 5 6;5 32 34;2 38 40;1 46 47;9 48 52;1 58 59;7 60 65;6 75 80;0 83 84;0 84 85;1 92 93;0 102 103;0 103 104;6 104 107;6 115 118;0 119 120;7 142 147;2 149 150
8 22 25;0 28 30;0 43 44;1 66 67;0 70 71;0 71 72;1 77 78;1 80 81;0 86 87;8 112 115;6 115 120;8 125 128;8 133 137;5 137 139;0 142 143;1 156 157;0 164 166;3 168 170;6 191 196;0 199 200;8 211 214;0 217 219;9 223 226;1 236 237;0 242 244;6 251 256;0 261 262;0 269 270;0 283 284;2 313 314
8 3 7;0 9 10;5 19 21;0 26 27;8 47 52;1 56 57;1 63 64;1 69 70;2 77 79;5 82 84;8 85 89;2 91 92
0 13 14;0 30 31;1 41 42;8 61 65;1 92 93;8 97 101;1 106 107;0 112 113;6 124 127;1 127 128;8 129 133;5 133 135;8 141 145;0 153 154;1 162 163;1 168 169;1 186 187;0 197 198;0 207 208;2 214 215
0 15 16;1 22 23;0 33 34;1 40 41;1 45 46;0 68 70;0 71 72;8 72 75;5 84 86;6 95 100;0 114 115;0 122 124;3 129 131;0 140 141;0 150 152;8 157 162;8 177 181;7 185 190;1 192 193;9 198 202;1 210 211;0 218 219;0 219 220;1 234 235;1 241 242;8 245 249;0 256 257;2 263 264;5 264 265
6 26 31;0 44 46;1 58 59;6 61 64;8 73 76;8 81 84;0 109 110;5 114 116;0 135 136;3 159 161;0 171 172;8 188 192;0 192 193;0 200 201;2 207 208
0 2 3;8 27 30;5 35 37;6 40 44;0 53 54;0 70 72;1 80 81;0 86 87;0 87 88;6 88 91;1 107 108;0 122 123;2 129 130
2 32 34;0 34 36;8 39 43;0 71 72;0 97 98;0 120 122;0 125 126;0 141 143;0 144 145;1 151 152;8 157 161;5 161 163;0 185 186;6 224 229;1 238 239;2 243 244
2 7 9;0 9 11;6 14 17;0 18 19;0 33 34;5 62 64;6 70 73;0 82 83;1 90 91;2 114 115
6 2 5;0 6 7;0 25 26;1 38 39;5 46 48;0 53 55;0 56 57;6 77 82;1 84 85;5 108 110;8 111 115;2 117 118
0 2 3;0 20 22;0 25 26;2 43 45;0 48 50;3 52 54;0 64 65;0 65 66;0 81 82;0 82 83;3 90 92;8 97 100;5 120 122;0 143 144;0 160 162;0 173 175;1 184 185;2 189 191;0 194 196;3 198 200;1 211 212;0 215 216;2 222 223
2 7 9;0 9 11;6 14 17;0 21 22;0 28 29;1 29 30;0 33 34;0 34 35;6 49 53;6 58 62;6 68 72;9 80 84;8 104 108;0 110 111;1 119 120;0 125 126;1 134 135;0 163 164;1 184 185;6 188 191;1 207 208;8 219 224;6 224 227;1 240 241;6 242 247;0 251 252;8 270 274;6 278 282;6 291 296;0 299 300;1 315 316;6 317 321;0 325 326;0 332 333;1 333 334;0 337 338;0 338 339;2 346 348;1 360 361;0 364 365;2 371 372
2 7 9;0 9 11;6 28 33;7 33 38;6 50 53;0 75 76;0 76 77;3 82 84;0 89 90;0 128 130;0 133 134;1 151 152;1 155 156;0 168 169;6 188 192;3 194 196;0 201 202;0 213 214;0 223 224;2 230 231
2 2 4;6 15 20;8 26 30;0 32 33;2 50 52;8 55 58;1 80 81;6 82 87;8 87 91;5 91 93;6 98 103;5 103 105;2 111 113;6 116 119;1 122 123;0 134 135;2 146 147
0 19 21;0 58 60;2 65 67;1 74 75;0 82 83;8 116 120;2 122 123
5 12 14;0 36 37;0 37 38;6 38 41;0 47 48;6 61 65;6 77 80;0 81 82;0 94 95;0 105 106;2 112 113;5 113 114
5 4 6;0 31 32;1 41 42;8 49 52;0 67 68;1 74 75;0 80 81;0 102 103;0 103 104;6 104 107;0 113 114;8 127 130;0 136 137;8 158 162;6 166 170;1 174 175;0 182 183;6 183 186;0 203 204;6 213 217;8 217 220;1 224 225;1 236 237;0 240 241;6 252 255;0 256 257;2 276 277
5 6 8;6 25 30;5 32 34;1 36 37;0 75 76;0 76 77;6 77 80;0 90 91;1 97 98;6 109 114;6 119 123;6 129 134;1 143 144;2 148 149
6 2 5;2 21 24;1 30 31;8 35 39;0 71 72;5 72 74;1 97 98;0 101 102;8 106 109;0 137 138;0 147 148;6 166 170;6 177 181;0 196 197;5 197 199;5 218 220;1 222 223;0 245 246;5 246 248;3 252 254;1 263 264;0 267 268;0 324 325;0 342 344;5 356 358;6 373 378;1 387 388;2 392 393
2 2 4;0 13 14;0 31 33;0 34 35;0 41 43;0 44 45;0 62 64;1 76 77;7 102 107;1 115 116;5 121 123;8 139 144;1 156 157;0 178 179;7 192 197;2 199 200
0 26 27;1 33 34;5 46 48;6 68 73;8 73 77;0 82 83;6 94 97;0 98 99;0 115 116;6 135 139;3 141 143;0 148 149;0 160 161;0 170 171;2 177 178
5 41 43;0 51 52;0 66 67;1 78 79;2 110 112;0 119 120;0 129 130;2 159 161;6 164 167;0 168 169;9 182 186;2 189 190
1 14 15;8 25 28;6 28 33;6 33 38;3 40 42;6 46 51;6 55 58;6 61 64;1 66 67;6 81 84;1 86 87;0 101 102;3 105 107;5 116 118;6 129 132;8 152 155;6 156 162;0 165 166;6 181 186;6 188 191;0 192 193;2 214 215
0 2 3;1 16 17;6 27 32;3 34 36;6 45 48;0 72 74;6 94 99;8 99 103;5 103 105;6 110 114;4 118 120;1 127 128;1 150 151;0 154 155;2 184 185
7 4 9;5 16 18;8 58 62;5 62 64;6 69 73;4 77 79;7 88 93;5 111 113;8 136 141;1 141 142;0 158 160;0 163 164;1 182 183;0 201 202;1 217 218;2 238 239
6 2 5;0 6 7;4 20 22;0 29 30;1 48 49;0 57 59;0 73 74;8 85 89;5 89 91;5 102 104;8 107 110;2 114 116;1 122 123;9 124 128;1 134 135;6 136 140;1 146 147;6 161 166;2 168 169
5 9 11;0 20 21;8 34 39;8 50 54;2 64 66;0 66 68;1 76 77;0 80 81;0 100 101;8 126 130;2 132 133;5 133 134
6 14 17;0 18 19;0 43 44;0 44 45;1 50 51;1 53 54;0 67 68;6 91 96;5 96 98;1 107 108;2 180 182;5 185 187;8 194 198;1 198 199;2 208 210;0 258 260;6 263 266;8 278 282;0 293 295;0 303 304;1 310 311;6 318 321;0 322 323;2 349 350
0 18 19;0 33 35;0 41 42;0 42 43;6 43 46;5 46 48;6 55 58;0 81 83;1 99 100;0 109 110;0 121 122;5 126 128;1 130 131;0 147 148;0 148 149;3 168 170;0 212 213;2 235 237;8 240 243;0 271 272;6 308 311;0 337 338;2 344 345
2 2 4;0 13 14;2 30 32;0 32 34;1 45 46;1 67 68;0 72 74;0 77 78;0 89 90;5 94 96;1 98 99;0 115 116;0 116 117;1 132 133;0 137 139;0 142 143;0 153 154;0 154 155;5 158 160;0 167 168;0 174 176;0 177 178;0 185 186;2 191 193;2 211 212
6 2 5;0 9 10;0 10 11;6 11 14;5 14 16;0 26 27;0 27 28;1 35 36;0 50 51;0 68 70;4 84 86;0 119 120;0 135 136;0 159 160;2 170 171
2 2 4;0 13 14;2 30 32;0 32 34;0 64 66;0 71 72;1 78 79;0 86 87;0 94 96;0 106 107;0 135 136;8 136 139;0 142 144;0 147 148;8 148 151;0 154 156;0 166 167;0 174 175;0 192 194;8 197 200;0 205 206;0 221 223;0 224 225;1 240 241;6 242 246;0 246 247;2 276 277
2 2 4;0 13 14;2 30 32;0 32 34;1 43 44;0 53 54;0 54 55;0 74 76;5 93 95;1 98 99;8 111 115;1 115 116;7 126 131;5 140 142;7 151 156;0 166 168;6 173 176;0 177 178;7 191 196;2 198 199
5 8 10;8 17 21;0 29 31;5 48 50;1 53 54;1 65 66;8 67 71;0 90 92;0 101 102;0 130 132;0 133 134;0 134 135;0 140 141;1 141 142;0 153 155;0 156 157;0 157 158;0 163 164;1 164 165;0 178 180;0 181 182;1 200 201;0 204 205;9 218 222;2 235 236
0 18 19;0 37 39;0 55 56;6 71 76;6 80 85;8 85 88;0 126 127;2 151 152
0 8 9;8 29 34;6 43 46;3 53 55;0 68 70;2 79 80
2 8 10;0 10 12;1 19 20;6 29 32;8 33 37;0 43 45;8 48 52;0 58 59;6 81 86;2 88 89
8 3 7;1 29 30;2 41 43;1 50 51;6 55 60;0 63 64;0 82 84;3 86 88;1 99 100;0 103 104;0 104 105;6 105 108;1 126 127;2 131 132
5 9 11;0 20 21;8 34 39;1 55 56;6 98 101;2 124 126;6 129 132;0 142 143;1 147 148;2 152 153
0 23 24;0 24 25;1 32 33;8 40 43;1 44 45;0 57 58;0 67 69;3 71 73;0 85 86;0 86 87;1 94 95;2 102 104;6 107 110;0 118 119;0 119 120;1 127 128;0 136 137;1 141 142;2 146 147
6 2 5;0 6 7;4 20 22;0 29 30;2 48 50;0 53 55;3 57 59;0 68 69;2 78 79
0 7 8;6 25 28;2 44 46;6 49 52;0 53 54;2 73 74
6 17 22;0 34 35;0 44 45;0 54 55;4 69 71;4 85 87;0 91 92;1 110 111;2 124 126;0 126 128;3 134 136;5 150 152;3 154 156;1 174 175;0 203 205;3 207 209;0 237 238;1 245 246;8 260 264;6 268 273;5 282 284;6 295 298;1 298 299;8 300 304;5 304 306;8 312 316;0 324 325;1 333 334;1 339 340;0 362 363;0 386 388;0 398 400;3 402 404;0 416 417;2 428 430;6 433 436;0 444 445;0 457 458;2 468 469
0 63 64;0 64 65;1 70 71;1 73 74;0 87 88;0 104 105;0 115 116;2 122 123
0 5 6;2 11 13;0 23 24;0 40 42;0 55 56;1 62 63;8 68 72;1 74 75;0 92 93;8 110 113;6 118 122;0 129 131;6 136 139;2 139 141;0 141 143;6 146 149;6 151 156;6 177 182;0 185 186;1 200 201;0 206 207;0 242 244;0 270 271;0 271 272;8 301 305;0 327 328;0 344 345;0 354 356;2 359 361;0 363 365;0 369 370;5 374 376;2 378 379
2 8 10;8 13 17;0 22 23;0 41 42;3 48 50;0 71 72;0 72 73;0 95 96;0 116 117;0 117 118;6 118 121;2 121 122
1 2 3;6 12 15;4 22 24;0 28 30;0 31 32;1 50 51;6 56 60;4 62 64;0 68 69;6 80 83;0 84 85;0 100 101;2 107 108;5 108 109
6 12 17;7 17 22;3 50 52;2 63 66;0 89 90;0 110 111;1 115 116;2 120 121
2 4 6;3 11 13;0 16 17;1 40 41;2 55 57;6 90 94;6 104 108;1 110 111;6 113 116;0 117 118;1 143 144;6 154 158;3 160 162;0 167 168;8 193 197;2 199 200
2 3 5;3 10 12;0 15 16;1 39 40;0 53 54;0 77 78;0 95 96;0 109 110;1 116 117;0 124 125;1 131 132;0 140 141;5 141 143;0 146 147;0 147 148;9 180 184;0 190 191;3 201 203;8 208 211;2 218 220;1 227 228;0 233 234;0 234 235;1 265 266;0 280 281;8 281 284;0 287 289;0 292 293;0 299 301;0 302 303;6 312 315;0 316 317;0 332 333;2 339 340;5 340 341
3 10 12;0 15 16;1 22 23;0 31 32;0 50 52;8 55 59;1 61 62;1 77 78;5 87 89;6 102 108;0 111 112;1 127 128;6 129 134;8 136 139;0 145 146;2 164 166;0 169 171;3 173 175;0 185 186;0 186 187;1 190 191;2 195 196
0 2 3;0 23 24;0 24 25;0 34 35;1 42 43;8 48 52;5 52 54;6 134 139;6 139 142;2 142 144;0 151 153;2 172 175;8 178 181;6 216 220;6 222 226;1 244 245;0 250 252;3 254 256;0 266 267;2 277 278
0 2 3;3 14 16;9 23 26;0 56 57;1 80 81;0 87 88;0 110 111;1 118 119;5 130 132;7 156 162;0 179 181;2 189 191;6 194 197;7 206 211;2 213 214
0 18 19;0 36 38;1 58 59;0 66 67;0 83 85;0 98 99;1 105 106;5 122 124;6 139 142;6 187 192;8 194 198;8 212 215;6 217 220;0 227 228;6 246 249;1 258 259;2 263 264
0 16 18;8 50 54;0 60 62;8 69 72;6 88 93;6 112 115;0 116 117;5 121 123;1 125 126;6 131 134;8 141 144;2 146 147
8 4 7;8 25 29;6 40 45;0 48 49;1 58 59;6 68 71;7 81 86;2 96 97
1 8 9;6 44 50;6 67 71;3 73 75;9 83 87;8 94 98;8 113 117;6 134 139;1 161 162;6 171 174;7 184 189;2 199 200
0 9 10;8 21 25;5 25 27;8 40 45;0 49 51;2 92 93
0 9 10;0 10 11;1 18 19;8 39 42;1 42 43;0 46 47;6 58 61;6 78 81;3 87 89;6 90 95;8 95 98;6 101 104;2 104 106;0 115 116;0 129 130;1 134 135;2 139 140
1 10 11;2 21 23;6 26 29;0 39 40;0 40 41;6 41 44;1 50 51;1 71 72;3 81 83;0 85 87;0 88 89;0 89 90;1 93 94;2 98 99
2 2 4;0 13 14;0 31 33;0 34 35;0 41 43;0 44 45;8 58 61;6 69 74;6 91 95;0 95 96;0 102 104;0 105 106;6 115 118;0 119 120;9 133 137;2 150 151
0 14 16;0 19 20;0 34 36;0 37 38;8 49 52;1 53 54;8 61 64;0 73 75;3 77 79;0 89 90;1 94 95;2 99 100
2 12 14;1 21 22;0 25 26;0 26 27;6 27 30;1 42 43;0 46 47;6 51 54;1 63 64;0 67 68;6 72 75;0 83 84;3 88 90;2 94 95
8 7 10;1 18 19;0 23 24;7 48 53;1 63 64;1 67 68;6 71 77;6 85 91;0 103 104;0 120 121;1 129 130;0 147 148;6 148 151;2 178 179
0 5 6;0 13 14;2 23 25;1 30 31;1 48 49;0 54 55;0 66 67;0 67 68;1 73 74;0 84 85;0 85 86;1 93 94;0 97 98;0 98 99;2 104 105
0 5 6;0 13 14;2 23 25;1 30 31;0 46 47;0 56 57;0 68 69;0 69 70;1 75 76;0 79 80;0 91 92;0 105 106;0 116 117;0 128 129;5 145 147;1 149 150;0 153 154;6 163 166;2 176 177
0 5 6;0 13 14;1 18 19;0 24 25;0 35 36;0 53 54;3 62 64;0 67 68;1 93 94;0 103 104;0 104 105;1 110 111;1 113 114;0 119 120;0 136 137;0 147 148;2 154 155
2 41 43;0 52 53;0 70 72;0 87 89;3 121 123;8 144 148;0 148 149;5 165 167;0 175 177;3 186 188;6 192 197;0 200 201;0 221 222;0 222 223;8 247 251;0 258 260;0 263 264;8 283 287;8 287 290;5 297 299;1 308 309;8 310 315;0 328 329;5 329 331;3 335 337;8 370 374;0 374 375;2 409 411;2 429 431;8 438 441;6 448 452;8 463 466;5 473 475;3 486 488;0 491 492;0 492 493;2 498 499
6 2 6;0 26 28;3 42 44;6 45 49;5 51 53;2 57 59;0 59 61;8 100 104;0 104 105;0 105 106;3 109 111;0 122 124;2 138 139
8 2 6;8 6 9;2 34 36;1 43 44;0 58 59;1 65 66;0 93 94;2 123 124
5 2 4;8 36 40;2 40 42;5 45 47;1 49 50;0 58 59;2 74 76;0 88 90;6 106 109;3 117 119;0 121 123;8 126 129;6 136 139;8 155 159;0 163 164;0 219 220;1 226 227;0 234 235;3 243 245;0 273 275;0 278 279;2 294 296;5 313 315;1 317 318;6 348 351;2 361 363;0 383 384;8 393 397;7 400 405;5 449 451;0 466 467;2 473 474
5 15 17;7 32 37;0 53 55;0 58 59;2 79 81;6 84 87;8 92 95;0 96 97;0 107 108;2 114 115
5 4 6;7 44 49;8 51 55;0 66 68;0 69 70;0 79 80;0 89 90;6 104 108;6 120 123;0 124 125;0 137 138;0 148 149;2 155 156;5 156 157
0 6 7;6 16 20;5 20 22;0 47 48;6 66 71;6 75 80;6 86 90;0 90 91;6 104 108;0 108 109;7 122 127;2 129 130
1 12 13;0 18 19;0 31 32;1 50 51;0 65 66;0 66 67;6 92 97;8 97 101;1 103 104;8 113 117;5 132 134;2 138 140;0 140 142;6 156 159;0 160 161;0 176 177;5 181 183;2 187 188
6 2 5;1 16 17;0 22 23;0 35 36;1 47 48;0 62 63;0 63 64;6 84 89;8 89 93;1 95 96;1 107 108;0 113 115;2 120 123;8 140 144;6 160 164;0 180 182;3 184 186;0 196 197;0 197 198;1 201 202;2 206 207
2 2 4;0 13 14;2 30 32;0 32 34;3 43 45;0 52 53;1 63 64;1 71 72;1 76 77;8 78 82;0 82 83;6 94 97;0 98 99;1 122 123;6 127 130;6 151 154;1 163 164;8 165 169;6 184 187;0 194 195;6 212 215;7 220 225;6 256 259;6 270 275;2 275 277;8 280 283;0 286 288;8 316 320;8 320 323;6 328 331;2 336 338;6 353 356;6 366 369;0 385 387;0 397 398;0 420 422;2 425 427;8 430 433;5 433 435;0 454 456;2 459 461;8 464 467;0 470 472;1 475 476;0 490 491;0 520 521;2 540 541
8 4 8;6 21 26;1 35 36;0 49 50;5 68 70;0 84 86;0 87 88;1 112 113;6 117 122;2 129 131;8 134 137;0 140 142;0 145 146;0 152 154;0 155 156;0 163 164;2 169 171;8 174 177;8 177 181;1 183 184;2 193 194
2 2 4;0 13 14;0 14 15;6 15 18;3 32 34;0 39 40;1 50 51;2 72 75;7 78 83;0 98 99;6 112 117;5 127 129;5 156 158;1 171 172;6 176 179;1 204 205;6 206 210;1 221 222;6 239 242;6 255 258;8 289 293;6 302 305;0 308 309;6 324 327;0 328 329;6 338 341;0 342 343;7 356 361;2 363 364
2 2 4;0 13 14;0 31 33;0 49 51;0 67 68;5 88 90;0 98 100;0 106 107;0 132 133;1 155 156;0 159 160;2 166 167
0 63 64;0 64 65;1 70 71;1 73 74;0 87 88;0 104 105;0 115 116;2 122 123
2 2 4;0 13 14;0 31 33;2 66 67
5 9 11;8 17 20;0 21 22;8 31 35;0 41 43;2 60 61
6 2 5;0 6 7;0 22 23;1 36 37;1 58 59;8 64 69;6 71 74;8 76 80;1 84 85;6 86 91;2 95 96
1 31 32;1 35 36;7 65 66;6 82 85;0 95 96;6 118 121;2 128 130;0 130 132;0 141 142;0 163 164;0 183 184;0 193 194;1 198 199;2 203 204
0 20 21;5 21 23;1 37 38;2 42 44;3 51 53;6 61 64;0 74 75;6 90 95;7 101 107;0 131 132;0 132 133;1 141 142;9 155 160;6 167 171;9 180 183;0 190 191;2 197 199;6 213 216;3 220 222;8 226 230;0 230 231;1 240 241;0 250 252;1 255 256;6 265 270;2 272 273
6 18 21;0 24 25;0 40 41;0 48 49;5 67 69;2 71 74;0 81 82;1 90 91;0 96 97;0 116 117;0 126 127;0 127 128;1 131 132;2 136 137
5 15 17;0 23 25;0 32 33;1 48 49;0 58 59;6 70 73;1 81 82;0 97 98;1 102 103;2 107 108
0 5 6;2 11 13;1 32 33;0 36 37;0 54 55;1 75 76;0 83 84;0 84 85;1 99 100;0 115 116;2 126 127
2 2 4;0 13 14;0 31 33;1 62 63;8 66 70;8 70 73;6 76 81;2 96 97
0 14 15;1 33 34;1 41 42;0 62 63;1 78 79;8 90 93;1 102 103;7 115 120;8 127 131;8 131 134;2 145 146
5 32 34;6 45 48;1 48 49;8 50 54;5 54 56;8 62 66;0 74 75;1 83 84;1 93 94;8 107 111;6 115 118;1 118 119;5 124 126;8 127 131;1 131 132;0 137 138;0 147 148;2 154 155
6 30 35;0 38 39;8 53 57;6 61 65;0 73 74;2 84 85
2 2 4;0 13 14;0 31 33;2 39 41;0 41 43;8 46 49;0 53 54;0 80 81;5 81 83;1 109 110;8 120 123;2 126 128;0 135 136;0 149 150;8 175 178;0 182 183;7 200 201;3 205 207;6 212 217;9 218 221;2 224 226;3 233 235;7 249 250;3 254 256;8 261 265;5 270 272;0 276 277;0 294 296;0 327 329;1 332 333;2 337 338
0 65 66;0 66 67;1 72 73;1 75 76;0 89 90;0 99 100;0 109 110;0 121 122;0 132 133;2 139 140
0 5 6;0 24 25;6 29 32;1 35 36;6 45 51;0 65 67;1 84 85;1 89 90;0 122 123;1 129 130;0 135 136;8 151 155;0 159 161;8 164 168;5 168 170;1 183 184;6 185 190;2 192 193
6 24 27;0 38 40;0 55 56;0 66 67;2 73 74
1 2 3;0 15 16;6 35 39;3 41 43;0 48 49;0 60 61;0 70 71;2 77 78
0 7 8;6 19 22;0 25 27;0 28 29;0 29 30;1 38 39;6 44 47;0 75 76;9 103 108;0 121 122;0 131 132;0 149 151;1 160 161;0 164 165;0 174 175;0 194 195;0 204 205;0 205 206;1 209 210;2 214 215
2 7 9;0 18 19;2 33 35;0 35 37;8 40 44;6 55 58;3 71 73;8 86 90;0 94 95;0 95 96;6 96 99;6 109 112;0 114 116;0 117 118;8 129 133;8 133 136;1 141 142;2 146 147
6 12 15;2 21 23;9 29 34;0 63 64;9 77 81;0 82 83;0 83 84;1 87 88;2 92 93
6 7 10;0 11 12;0 21 22;6 51 54;1 56 57;1 62 63;6 73 76;1 97 98;0 103 104;0 115 116;0 116 117;1 122 123;8 141 145;8 151 154;2 165 166
2 2 4;0 13 14;2 30 32;0 32 34;0 51 52;0 57 58;1 58 59;6 64 68;0 73 74;0 87 88;0 94 96;0 111 112;0 126 128;0 129 130;1 141 142;7 154 159;8 166 170;8 170 173;2 184 185
0 17 18;0 18 19;0 24 25;1 25 26;0 31 32;8 32 35;0 40 42;0 47 48;0 59 60;5 60 62;0 67 69;8 72 76;0 81 82;0 91 92;0 99 101;0 102 103;7 116 122;2 140 141
0 14 16;1 21 22;0 40 41;8 41 44;2 47 49;0 49 51;3 76 78;8 81 86;8 95 98;0 99 100;6 112 117;0 120 121;0 121 122;0 137 138;0 138 139;1 144 145;0 152 153;0 167 168;0 168 169;1 172 173;2 177 178
3 47 49;0 54 55;1 61 62;0 76 78;6 90 93;0 106 107;0 116 117;6 135 138;1 152 153;0 156 157;6 175 178;0 179 180;1 186 187;1 199 200;2 204 205
2 8 10;0 10 12;1 19 20;6 29 32;8 33 37;0 43 45;8 48 52;0 58 59;6 68 71;3 78 80;0 93 95;2 104 105
1 2 3;6 12 15;0 28 30;6 33 36;0 44 46;2 94 95
5 34 36;6 50 54;0 60 62;6 89 92;6 102 107;6 109 112;6 115 119;0 160 161;0 173 174;1 187 188;0 197 198;6 207 210;2 221 222
0 30 32;0 61 62;0 76 78;6 121 126;2 136 137
3 4 6;6 74 78;0 85 86;6 102 105;0 106 107;0 126 127;0 136 137;1 141 142;2 146 147
0 5 6;8 32 35;0 38 40;8 55 58;0 67 68;8 85 88;0 92 94;3 109 111;0 116 117;0 117 118;1 123 124;1 126 127;0 132 133;1 146 147;6 149 152;0 153 154;1 160 161;2 181 182
7 15 20;2 26 28;0 35 36;6 58 61;0 62 63;0 81 82;0 102 103;1 126 127;1 150 151;6 153 156;0 157 158;1 164 165;2 185 186
2 2 4;0 13 14;0 31 33;1 55 56;2 67 69;1 76 77;8 86 90;0 95 96;6 107 111;1 120 121;0 130 132;3 134 136;0 146 147;1 151 152;2 156 157
8 4 7;0 10 12;6 15 20;5 26 28;1 30 31;6 33 38;8 38 42;5 42 44;6 49 53;0 71 72;2 103 105;2 117 119;2 124 127;8 133 137;8 141 145;6 162 167;0 170 171;0 171 172;1 175 176;2 180 181
6 4 8;0 16 17;3 40 42;0 57 58;9 71 75;2 88 89
0 65 66;0 66 67;1 72 73;1 75 76;0 89 90;0 104 105;0 121 122;8 156 160;2 162 163
0 5 6;8 28 31;6 40 44;8 46 49;6 49 54;6 59 63;0 63 64;2 93 94
0 7 8;0 8 9;1 14 15;1 17 18;0 23 24;0 35 36;0 91 92;2 98 99
0 17 18;0 18 19;1 24 25;1 27 28;0 33 34;0 89 90;9 103 107;0 114 115;0 115 116;2 121 122
0 24 26;0 27 28;0 44 46;8 49 53;5 53 55;0 66 68;2 109 110
1 2 3;6 12 15;1 17 18;8 47 51;0 51 52;1 61 62;2 72 74;0 74 76;6 84 88;0 108 110;0 121 123;0 127 128;0 138 139;0 148 149;2 168 169;5 169 170
0 7 8;2 23 25;0 25 27;7 30 35;6 35 39;5 39 41;0 46 48;5 74 76;6 80 83;6 86 89;6 101 104;1 126 127;0 138 139;2 150 151
0 11 13;0 16 17;1 35 36;0 39 40;0 40 41;6 41 44;0 48 49;2 54 56;8 59 62;0 70 71;2 100 101
5 9 11;0 29 30;1 41 42;0 54 55;0 55 56;6 71 75;9 80 83;0 84 85;1 105 106;6 109 114;1 142 143;5 148 150;6 159 162;1 162 163;8 164 168;5 168 170;8 176 180;0 188 189;1 197 198;1 203 204;2 217 219;8 225 230;1 230 231;0 236 237;0 246 247;2 253 254
0 2 3;0 19 21;0 32 34;1 43 44;2 48 50;0 53 55;3 57 59;1 70 71;0 74 75;0 75 76;6 76 79;1 85 86;0 110 111;2 117 118
2 2 4;6 15 20;0 44 45;6 56 60;9 65 68;0 69 70;1 92 93;0 96 97;2 123 124
0 10 12;0 13 14;0 31 33;0 34 35;0 35 36;8 49 53;6 69 72;0 94 95;1 101 102;0 105 106;2 112 113
2 10 12;1 17 18;0 41 42;0 65 66;2 76 77
2 2 4;0 13 14;2 30 32;0 32 34;6 37 40;1 52 53;1 68 69;7 82 88;0 95 96;8 112 116;0 121 123;0 135 137;0 149 151;6 156 159;0 160 161;7 174 179;2 181 182
6 2 5;2 7 9;1 16 17;1 32 33;6 47 51;0 51 52;8 61 64;2 66 68;5 71 73;2 80 81
0 2 3;0 9 11;0 12 13;0 24 25;0 40 41;0 48 50;0 61 63;8 68 71;0 74 76;7 82 88;8 90 93;6 104 108;1 126 127;0 132 134;3 136 138;0 148 149;2 159 160
8 2 6;5 6 8;0 13 15;0 16 17;6 37 42;1 44 45;0 79 80;2 99 100
1 2 3;0 8 9;0 20 21;0 21 22;1 27 28;0 33 34;0 44 45;2 51 52
2 41 43;0 52 53;0 53 54;6 54 57;5 74 76;0 81 82;0 82 83;6 83 86;3 88 90;6 105 108;6 120 123;0 133 135;0 136 137;0 149 150;0 156 158;0 159 160;6 192 195;9 199 202;6 210 213;5 226 228;2 236 238;6 241 245;1 257 258;6 263 268;6 276 280;0 295 296;6 307 311;0 327 328;5 339 341;1 357 358;5 365 367;0 379 380;1 405 406
6 25 28;6 42 45;6 73 76;6 87 91;0 100 102;5 112 114;6 115 120;8 120 123;0 136 138;0 139 140;0 140 141;1 146 147;1 162 163;1 182 183;8 186 190;0 205 206;0 215 216;0 225 226;6 240 244;0 250 251;5 260 262;1 271 272
5 8 10;6 44 48;0 64 65;2 87 89;6 92 95;0 96 97;1 106 107;1 120 121;5 124 126;0 134 135;8 155 159;5 159 161
0 2 3;3 6 8;0 27 28;6 40 45;3 47 49;0 61 62;5 66 68;6 84 87;1 92 93;6 105 109;0 109 110;3 113 115;0 138 140;1 142 143;0 146 147;6 167 170;6 173 177;6 192 195;6 200 204;0 210 211;5 220 222;1 231 232;1 246 247
1 2 3;0 15 16;8 25 28;2 32 34;6 50 54;0 60 61;1 98 99;2 115 117;5 120 122
6 11 14;8 31 34;6 34 39;6 39 43;5 43 45;4 62 64;6 70 73;0 86 88;6 97 100;8 105 109;6 109 112;0 115 117;1 119 120;8 128 132;8 134 137;0 140 142;6 151 154;6 180 183;6 220 223;6 233 236;0 248 250;8 259 263;6 271 275;8 277 281;2 310 312
8 4 7;5 7 9;6 19 24;8 24 28;1 34 35;8 40 44;1 66 67;8 74 77;5 77 79;6 82 85;2 85 87;1 94 95;0 98 99;0 120 121;2 145 147;1 154 155;5 163 165;0 170 171;6 190 194
6 9 14;8 14 18;1 63 64;5 72 74;1 76 77;8 87 92;6 96 101;5 106 108;1 110 111;6 121 127
1 38 39
0 8 9;8 29 34;8 38 43;0 43 44;0 50 52;0 53 54;2 63 65;0 67 69;0 73 74;1 82 83;0 86 87;0 104 106;5 109 111;8 114 117;0 120 121
6 7 12;0 17 19;1 36 37;0 40 41;1 57 58;7 59 64;0 73 74;0 91 93;0 103 105;0 106 107;0 107 108;1 111 112;1 116 117;0 125 126;0 126 127;1 134 135;0 144 145;0 145 146;6 146 149;6 157 161;9 166 169;0 170 171;1 191 192;6 195 200;5 200 202;6 211 214;1 214 215;8 216 220;5 220 222;8 228 232;0 240 241;1 249 250;1 255 256;2 269 271;8 277 282;5 282 284;0 294 295;1 306 307
0 8 9;5 25 27;1 34 35;1 37 38;6 39 43;0 48 49;6 66 69;0 82 83;6 100 103;2 114 116;0 116 118;6 121 124;0 125 126;8 151 155;6 159 163;6 165 168;0 169 170;5 179 181
2 41 43;0 52 53;0 53 54;6 54 57;2 80 82;0 91 92;5 106 108;1 130 131;0 138 139;7 152 157;2 159 160
5 2 4;0 12 13;1 43 44;0 53 54;1 68 69;0 81 82;0 92 93;2 99 100
0 15 16;0 16 17;6 17 20;1 46 47;1 51 52;8 59 64;6 66 69;1 85 86;0 100 101;1 133 134;9 149 152;8 156 160;6 162 165;1 182 183;9 200 202;1 210 211;0 233 234;0 244 245;2 251 252
8 2 6;2 11 13;0 20 21;5 32 34;8 59 63;1 65 66;6 85 88;0 89 90;1 109 110;5 117 119;1 129 130;0 135 136;0 152 153;3 159 161;1 177 178;2 187 188
2 14 16;8 19 23;6 30 33;6 36 40;5 40 42;2 48 50;1 57 58;6 67 73;8 73 76;6 76 79;1 88 89;6 90 95;1 101 102;8 103 107;1 107 108;1 112 113;8 114 118;3 118 120;1 124 125;1 130 131;1 135 136;8 137 141;3 141 143;1 147 148;8 149 153;1 158 159;6 160 164;5 166 168
2 2 4;0 13 14;0 31 33;2 36 38;0 38 40;8 43 46;6 71 76;0 85 86;0 86 87;6 87 90;0 96 97;3 123 125;8 138 142;7 146 151;0 163 164;2 173 175;2 213 214
2 2 4;0 13 14;0 30 32;0 48 50;0 51 52;6 63 66;5 72 74;8 87 90;2 101 102
2 2 4;0 13 14;0 31 33;2 39 41;0 41 43;0 50 51;6 65 70;6 96 100;8 110 113;5 136 138;6 149 152;1 152 153;8 154 158;5 158 160;8 166 170;0 178 179;1 187 188;0 210 211;0 218 219;0 219 220;6 220 223;0 231 232;0 249 251;1 258 259;1 308 309;2 334 336;0 363 364;2 375 377;6 380 383;8 404 408;2 410 411
2 2 4;0 13 14;0 14 15;6 15 18;1 26 27;0 32 33;0 46 47;1 53 54;0 64 65;1 92 93;6 102 105;0 117 118;2 124 125
0 7 8;7 20 26;0 42 44;0 45 46;6 59 63;0 63 64;8 77 81;5 97 99;1 124 125;0 182 183;6 196 201;0 207 208;5 208 210;0 216 217;0 217 218;6 218 221;0 230 231;0 231 232;1 235 236;2 240 241
0 9 10;7 22 28;0 45 47;0 48 49;0 88 89;5 89 91;8 100 103;8 111 116;0 118 119;6 123 126;8 142 146;1 165 166;0 183 184;0 193 194;0 194 195;1 198 199;2 203 204
0 11 12;5 12 14;1 25 26;0 29 30;2 35 37;7 79 84;1 111 112;1 134 135;0 151 152;1 156 157;2 161 162
1 43 44;0 49 50;0 66 67;8 101 105;2 107 108
0 15 16;0 27 28;0 34 35;1 35 36;5 43 45;6 78 83;0 88 89;0 99 100;2 106 107
5 17 19;1 26 27;1 29 30;8 31 35;6 39 45;0 65 66;0 66 67;1 74 75;8 80 84;1 86 87;8 90 94;0 94 95;0 102 103;8 126 130;2 132 133
6 2 5;0 6 7;0 14 15;8 38 41;5 43 45;0 55 56;6 71 76;2 85 86
5 6 8;6 14 17;0 19 20;0 20 21;3 26 28;0 31 32;0 32 33;1 48 49;1 65 66;7 76 82;0 82 83;1 88 89;5 103 105;0 124 125;0 125 126;2 131 132
0 20 22;6 47 50;0 62 63;2 69 70
2 4 6;0 14 16;0 31 33;6 46 51;2 60 61
0 23 24;2 40 42;8 64 68;2 87 89;2 112 113
0 6 8;5 18 20;3 23 25;8 37 41;5 46 48;0 74 75;8 84 88;8 100 103;1 121 122;8 123 127;2 129 130
0 8 10;6 18 21;6 52 55;2 59 61;1 68 69;0 72 73;0 73 74;2 79 80
0 2 3;0 12 14;9 20 22;7 35 41;1 47 48;0 51 52;0 52 53;2 58 59
6 2 5;0 6 7;8 34 38;0 38 39;6 52 57;6 64 68;5 70 72;8 73 77;2 79 80
0 10 12;0 29 30;5 30 32;0 37 39;2 44 46;6 49 52;1 54 55;9 62 66;0 73 74;0 74 75;2 80 81
0 34 35;0 35 36;0 45 46;2 52 53
0 5 6;0 27 28;8 43 48;0 48 49;0 54 56;0 81 83;7 86 91;1 97 98;0 110 111;0 111 112;6 112 115;2 117 118
8 6 9;6 9 14;8 14 18;0 20 21;0 21 22;3 27 29;6 34 38;0 52 53;2 79 80
8 9 12;6 12 17;8 17 21;0 23 24;0 24 25;3 30 32;6 37 41;8 65 70;2 95 96
5 6 8;0 17 18;8 29 33;5 33 35;2 61 62
0 15 17;0 24 25;0 25 26;4 47 49;1 52 53;6 54 58;5 60 62;6 83 86;0 94 95;0 95 96;1 103 104;6 109 112;1 114 115;9 129 133;2 136 137
6 2 5;1 10 11;0 15 16;8 30 33;7 32 37;8 44 47;6 51 56;8 56 60;0 64 65;0 65 66;1 73 74;0 82 83;1 87 88;2 111 112
6 2 5;1 10 11;0 15 16;1 58 59;0 71 73;6 84 88;2 92 93
6 6 10;5 34 36;2 40 42;2 49 52;6 55 58;6 58 62;1 88 89;6 90 95;2 101 102
0 10 11;2 16 18;8 21 24;0 47 48;0 48 49;0 59 60;5 64 66;1 68 69;0 74 75;6 95 101;2 111 112
0 10 11;0 33 34;2 62 63
1 22 23;0 27 28;8 39 43;8 43 46;1 51 52;2 56 57
6 7 10;0 14 15;8 26 29;0 30 31;6 42 45;2 47 49;6 63 68;2 70 71
6 4 7;8 25 29;3 29 31;0 45 46;0 62 64;1 75 76;0 80 81;8 90 93;8 93 97;1 99 100;2 108 109
0 36 37;6 48 53;6 77 81;0 87 88;1 92 93;2 118 119
0 10 11;0 11 12;1 19 20;6 28 31;1 37 38;1 97 98;6 99 104;2 106 107
3 34 36;8 48 53;6 55 59;8 66 70;3 72 74;6 75 80;2 82 83
4 39 41;0 44 45;2 68 69
2 2 4;8 7 10;5 34 36;2 38 39
6 4 7;5 17 19;2 36 37
6 4 7;2 30 31
5 6 8;5 17 19;2 23 24
0 13 14;2 22 23
6 2 5;8 32 36;8 42 46;1 53 54;0 73 74;2 84 85
0 13 14;2 25 26
0 6 8;5 16 18;5 27 29;2 33 34
6 26 31;2 33 34
6 2 5;6 7 12;3 15 17;9 18 22;2 27 28
6 3 6;7 8 13;2 35 36
9 6 10;1 18 19;2 28 29
8 2 6;6 18 22;2 26 27
1 29 30;1 46 47;0 53 54;2 63 64
1 10 11;0 18 19;2 27 28
6 2 5;1 15 16;2 35 37;1 44 45;0 48 49;6 53 56;5 66 68;0 73 75;6 86 89;2 101 102
2 16 17
3 20 22;6 25 30;7 30 35;3 50 52;2 56 57
0 15 16;0 16 17;2 22 23
0 11 13;2 22 23
0 5 6;0 11 13;8 34 38;8 38 41;1 46 47;2 51 52
0 2 3;8 3 6;0 11 13;1 27 28;2 32 33
7 2 7;5 11 13;6 17 20;0 24 25;6 42 47;2 51 52
0 8 10;8 23 27;1 27 28;2 32 33
6 4 7;2 24 26;0 26 28;6 31 34;4 40 42;2 45 46
2 21 22
2 57 58
0 6 8;5 11 13;1 15 16;2 26 28;6 31 34;6 38 41;1 45 46;2 50 51
5 4 6;6 34 38;1 42 43;2 47 48
0 6 8;1 11 12;2 20 22;6 25 28;6 32 35;1 39 40;2 42 43
2 14 16;6 19 23;5 23 25;6 38 44;2 48 50;6 53 56;2 56 58;1 77 78;2 82 83
1 4 5;0 10 11;0 33 34;0 66 68;2 77 78
6 2 5;8 23 26;6 39 42;1 42 43;0 46 47;0 47 48;6 48 51;2 53 54
5 6 8;0 13 14;0 30 31;5 35 37;2 41 42
2 26 27
1 16 17;8 18 22;5 28 30;2 34 35
6 2 5;2 34 35
1 18 19;1 34 35;0 56 57;1 63 64;6 71 74;2 96 97
8 16 20;1 22 23;2 32 33
3 18 20;0 34 36;3 45 47;8 56 60;0 64 66;1 69 70;2 74 75
8 18 22;6 24 28;5 30 32;0 45 46;0 46 47;2 73 74
1 2 3;5 12 14;1 16 17;6 43 47;5 49 51;0 58 60;5 63 65;0 78 79;0 79 80;1 98 99;2 103 104
6 14 18;1 30 31;0 35 36;5 54 56;6 62 67;2 89 90
6 19 22;2 35 36
5 21 23;8 24 29;6 31 36;6 36 41;6 46 51;2 57 58
8 7 10;0 15 16;2 40 41
0 2 3;8 37 41;0 49 50;2 84 85
2 7 9;8 12 16;1 18 19;1 25 26;6 34 39;7 39 44;1 49 50;0 62 63;3 69 71;2 87 88
0 2 3;5 3 5;1 9 10;1 20 21;1 32 33;0 39 40;0 40 41;1 44 45;2 49 50
6 4 8;0 14 15;0 31 33;5 54 56;1 58 59;6 68 71;0 80 82;0 83 84;0 84 85;6 108 111;1 113 114;5 119 121;2 123 124
7 23 28;1 32 33;2 37 38
4 44 46
0 4 5;4 9 11
2 4 6;5 9 11;1 14 15;0 22 23;4 27 29
9 24 28;0 29 30
6 4 7;0 28 30;0 33 34;0 34 35
6 4 7;8 13 17;0 26 28;8 35 39
5 24 26;6 35 39;1 43 44;8 66 71;0 77 78;6 107 110
6 18 23;9 24 27
3 4 6;8 24 28;5 28 30;1 34 35;0 38 39;1 51 52;0 57 58
0 8 10;7 49 54
6 2 5;6 9 12;0 20 21;3 25 27;1 38 39;0 48 49
5 4 6;6 30 34;2 42 44;6 50 54;1 54 55
0 19 20;0 20 21;6 35 39;1 39 40
0 11 12;0 23 24;6 51 55;1 55 56
6 11 15;0 22 23
0 2 3;8 3 6;0 12 13;0 13 14;3 19 21;6 40 44
0 2 3;2 16 19;3 26 28;8 80 84;1 86 87
8 9 13;8 38 41
6 4 7;1 26 27;1 31 32;1 44 45;3 58 60;0 65 66;5 66 68;0 73 75;1 80 81
6 2 5;8 11 14;6 17 20;1 26 27
7 17 22
6 6 9

0 5 7;0 10 11;0 18 20;3 25 27;9 29 34;2 37 39;0 57 58;0 69 70
6 4 7;1 26 27;1 31 32;1 44 45;1 58 59;1 84 85
5 9 11
1 2 3;0 21 22
2 2 4;6 16 19
6 9 12;1 20 21
2 15 16
6 2 5;0 6 7;2 22 23
6 2 5;8 19 23;5 33 35;8 47 52;0 52 53;2 59 60
6 2 5;1 7 8;0 30 31;0 38 39;2 45 46
0 29 30;2 38 39
0 14 15;1 26 27;2 37 38
2 32 33
2 15 17;0 25 26;1 30 31;2 36 37
2 4 6;5 9 11;5 24 26;2 30 31
5 12 14;2 18 19
6 2 5;1 7 8;8 24 28;2 30 31
8 26 30;6 34 40;2 50 51
8 21 25;6 29 35;2 46 47
8 2 5;6 7 12;7 12 17;0 21 22;1 26 27;2 31 32
0 34 35;2 44 45
0 21 22;2 28 29
6 2 5;0 25 26;2 32 33
8 8 11;6 11 16;1 35 36;2 40 41
6 4 7;1 9 10;7 22 27;2 36 37
6 4 7;6 22 25;8 28 31;6 31 36;2 43 44
6 4 7;1 9 10;0 28 29;1 33 34;2 38 39
6 4 7;1 9 10;0 19 20;2 26 27
0 12 13;0 26 27;2 33 34
3 48 50;9 53 57;6 64 68
1 7 8;1 27 28
0 6 7;0 18 19;5 28 29
0 9 10;3 16 18;0 27 28;0 28 29;8 54 58;5 64 66;1 73 74
0 2 3;5 12 14;8 15 20
6 2 5;1 20 21
1 7 8
0 15 16;0 16 17;3 22 24;0 29 30
0 10 11;0 23 24

0 25 26;5 30 32;9 74 78;2 83 84
1 4 5;1 13 14;2 21 22
0 14 15;2 29 30
8 4 8;0 10 11;8 26 31;6 31 34;8 37 40;2 40 41
2 5 7;6 10 13
7 9 14;0 14 15
5 2 4;0 7 9;5 17 19

6 2 5;0 6 7;8 11 14;1 14 15
0 14 15;0 15 16
0 16 17
0 7 8;2 17 18
3 36 38;2 42 43
0 2 3;2 14 16;1 23 24;6 35 40;2 44 45
0 3 4;3 7 9;0 16 17;2 25 26
0 2 3;0 34 35;0 35 36;2 39 40
0 2 3;6 14 19;6 37 42;2 48 49
6 2 5;2 37 38
0 2 3;1 33 34;2 38 39
2 11 14;1 21 22;1 53 54;6 65 68;2 87 88
0 7 8;5 8 10;3 21 23;1 28 29;0 38 40;3 42 44;0 54 55;2 62 63
0 2 3;1 23 24;1 26 27;1 49 50;2 52 53
0 2 3;8 14 18;1 22 23;1 25 26;3 35 37;2 41 42
0 2 3;2 45 46
0 2 4;3 6 8;6 19 22;1 22 23;6 24 29;2 35 36
0 8 9;0 25 27;2 45 46
0 5 6;0 23 24;0 24 25;2 38 39
5 4 6;0 17 18;6 23 28;6 37 41;5 41 43;6 50 53;2 60 61
2 5 7;6 10 13;5 19 21;1 23 24;6 26 31;6 31 34;2 44 45
2 4 6;5 9 11;0 24 25;1 31 32;0 39 40;1 46 47;6 54 57;1 63 64;2 68 69
2 4 7;6 10 15;6 28 34;2 65 66
0 19 21;0 33 35;1 48 49;0 52 54;0 66 67;2 81 82
0 24 25;5 29 31;8 43 48;6 50 53;6 70 74;2 79 80
1 2 3;5 12 14;1 16 17;8 43 47;1 47 48;0 53 54;0 63 64;0 77 79;2 87 88
6 41 44;2 44 46;2 81 83;8 91 94;8 108 112;5 112 114;6 119 123;2 146 147
1 8 9;6 18 21;6 36 41;2 43 44
0 5 6;0 13 15;0 16 17;0 26 27;2 45 46
6 13 18;8 18 22;2 52 55;6 61 66;6 68 71;6 75 78;0 86 87;3 102 104;8 128 131;2 142 143
6 14 17;6 41 46
5 11 13;3 22 24;2 26 28
6 4 7;2 55 57;0 57 59;1 64 65;2 76 78;0 94 95;0 105 107;0 130 132;0 135 136;0 147 149;0 150 151
6 2 5;6 8 11
6 2 5;6 8 11;2 11 13;8 20 23
0 9 10;0 21 23;6 36 39;1 41 42
0 9 10;0 10 11;3 16 18;6 29 34;5 34 36
5 8 10;8 12 16;1 22 23;6 24 28;5 40 42;6 56 59;1 59 60;6 61 65;5 67 69;1 87 88

5 4 6;5 20 22
0 13 15;0 30 31;5 40 42;1 49 50;1 52 53;8 54 58
0 9 10;6 24 27;6 32 37;0 44 45;0 45 46
0 2 3;9 13 15;6 20 25;0 28 29
6 2 5
0 2 3;0 24 25
0 12 14;8 28 33
7 10 15;6 21 24;0 41 42;0 50 52;7 55 60;5 67 69;1 79 80;2 91 93
0 9 11;8 17 22
0 8 10;6 21 24;6 51 54;6 59 64;6 74 79
5 4 6;0 15 17;6 24 29;0 40 41;0 41 42;1 45 46;1 65 66
6 3 6;3 12 14;1 17 18;0 34 36;5 41 43;0 48 50;8 55 60;0 72 74;6 79 84;8 84 88;0 92 93;8 102 105
7 12 17;0 38 39;0 53 54;1 58 59
6 2 5;8 10 14;0 31 33;2 56 58;0 58 60;8 74 79
0 7 8;1 25 26;8 40 44;6 65 70;0 88 89;1 99 100;0 116 117;0 117 118;1 121 122
6 62 65;0 68 69;6 83 88;0 91 92;6 96 99;2 107 109;0 109 111;6 114 117
2 6 8;0 15 16;0 16 17;6 33 36;1 42 43;6 48 53;2 69 71
6 4 7;1 9 10;1 15 16;0 40 41;1 51 52;6 57 61
6 4 7;1 9 10;0 42 43
6 4 7;6 13 16;2 16 18;7 21 26;8 26 30;0 36 37;8 41 44;0 47 48;6 52 55;0 62 63
6 4 7;1 9 10;6 23 28;0 31 32;8 36 39;6 59 64;0 67 68;6 72 75
6 4 7;6 14 17;0 18 20;8 31 34;7 39 44;6 44 48;5 48 50;0 55 56
6 4 7;0 19 20;0 20 21;3 26 28;5 37 39;1 41 42;8 60 65;6 69 74
6 4 7;6 11 14;5 18 20;1 37 38;0 45 46;6 58 62;0 71 72;5 84 86;1 91 92;7 99 105
6 4 7;5 15 17;2 19 21;8 42 46;0 48 49
6 4 7;6 11 14;0 16 17;0 17 18;1 21 22;6 34 37;1 47 48;6 55 58;3 64 66
6 4 7;6 13 16;2 16 18;7 21 26;6 26 31;0 38 39;0 50 51;6 64 69;1 77 78
6 4 7;6 11 14;0 26 27;2 33 36;6 42 45;1 51 52;6 57 61;9 66 69;1 77 78;6 98 103
6 4 7;6 11 14;0 16 17;6 35 38;0 40 41;1 45 46;0 74 76;3 78 80;0 94 96
6 4 7;0 9 10;1 14 15;0 31 33;6 40 43
0 10 11;1 17 18;0 21 23;0 30 31;0 31 32;1 55 56;6 58 63;3 63 65
6 26 30;8 39 43;1 55 56;8 74 79
6 4 7;0 8 9;1 15 16;5 37 39;0 42 44;0 50 51
6 4 7;1 9 10;6 13 16;5 26 28;0 31 32;5 41 43;0 55 57
6 7 10;2 12 14;5 17 19;0 22 24;2 36 38;2 52 54
6 7 10;2 14 16;6 37 42
6 7 10;6 14 18;0 32 33;6 45 49;8 63 67;1 72 73
1 11 12;6 13 19;0 22 23;1 36 37;1 39 40;1 44 45;6 50 54;0 59 60;1 78 79;6 84 87;1 92 93;6 104 107;1 112 113;2 126 128
2 5 8;0 21 23;6 75 80
5 12 14;2 16 18;6 27 32;5 52 54;1 63 64;2 70 72
1 2 3;0 8 9;2 48 50
0 12 13;7 24 29;8 33 37;6 39 42;1 44 45;9 58 61;1 91 92
8 14 18;5 18 20;5 23 25;0 30 32;1 37 38;1 40 41
2 41 43;0 52 53;6 60 63
0 5 6
2 9 11;0 17 18;8 18 21
5 7 9;0 29 30
6 2 5;8 31 36
6 2 5;0 16 17;5 40 42;6 44 49;5 51 53
6 2 5;0 15 16;0 16 17;6 17 20;5 28 30;8 31 36
0 2 3;0 10 11;5 47 49
0 7 8;0 21 22;2 35 37;1 42 43;0 60 61
0 2 3;0 34 35;5 48 50;8 51 56
0 12 13;0 30 32;0 36 37;0 37 38;6 38 41
6 2 5;2 14 16;8 19 22;6 24 29
8 8 13;6 21 25
0 16 17;0 28 29;0 49 50;6 66 72
6 2 5;2 5 7;2 18 20;8 38 43;1 43 44;2 65 67;2 78 80
0 20 21;0 21 22;1 41 42;6 50 55
8 22 26;6 40 45;5 45 47;0 52 53;1 61 62
0 1 2;3 7 9;8 14 17;9 20 24;1 27 28;1 43 44
6 2 5;1 8 9;1 13 14;8 24 28;8 30 34;3 34 36;0 39 40;1 62 63
6 2 5;6 25 28;5 41 43;8 50 54;0 61 62;1 80 81;1 92 93;3 98 100;6 105 110;0 113 114;0 132 133;0 150 151;0 161 162;0 162 163;6 163 166;7 181 186;8 186 190;0 219 220;5 220 222;0 227 229;0 249 250;8 271 275;8 285 288;6 288 293;0 329 330;5 341 343;8 353 357;0 362 363;1 387 388;0 408 409;0 418 419;5 419 421;0 426 428;0 460 462;0 463 464;0 464 465;0 470 471;1 471 472;0 483 485;0 486 487;0 487 488;0 493 494;1 494 495;5 502 504;0 509 511;0 512 513;6 533 538;0 552 554;8 559 562;6 566 571;8 579 583;8 593 596;0 597 598;6 615 620;5 631 633;6 634 639;0 639 640;0 651 653;0 654 655;6 664 667;0 668 669;7 682 687;2 689 690
2 41 43;0 52 53
8 9 12


0 2 3;0 3 4;5 7 9;0 14 15
8 12 16
0 14 15
0 19 20;0 20 21;6 21 24;2 27 28
1 4 5;6 19 23;2 32 33
0 6 7;1 11 12;2 31 32
5 19 21
1 15 16;6 21 27

7 7 8;1 16 17
6 2 5;5 8 10;2 24 25;5 25 26
2 5 7;6 10 13;1 15 16;1 30 31
1 12 13
6 2 5;1 7 8

6 2 5
6 2 5
6 2 5
6 2 5;5 8 10;0 17 18
1 15 16;2 18 20;6 33 37
1 7 8;2 10 12;0 27 28

2 4 6;5 9 11;1 14 15
5 6 8
7 9 14

2 14 16;1 23 24;0 27 28;0 28 29;6 29 32;3 47 49;6 54 58;7 98 103;0 119 121;0 137 138;0 153 155;0 156 157;1 163 164;0 179 180;2 196 198;0 198 200;1 206 207;6 208 213;0 227 228;0 243 245;0 246 247;1 253 254;0 259 260;0 286 287;6 309 314;6 317 321;0 321 322;1 326 327;2 340 342;0 351 352;1 363 364;8 373 378;1 380 381;0 394 395;6 404 408;3 410 412;6 427 431;3 433 435
0 9 10
0 2 3;5 18 20
0 2 3;0 3 4;5 7 9;2 16 18
6 2 5;0 19 20
7 6 12
8 4 8;3 8 10;8 15 18;6 23 27
9 11 15
2 5 7;1 14 15;0 18 19;2 25 26
6 6 9;1 9 10;6 11 15;3 19 21;2 25 26
0 5 6;5 10 12;2 16 17

0 6 8;0 24 25;2 34 35
5 14 16;0 21 22;2 30 31
6 4 7;0 22 23;3 27 29;2 33 34
6 4 7;0 28 29;0 29 30;2 33 34
2 5 8;1 14 15;0 19 20;2 26 27
8 8 11;1 22 23;0 28 29;0 29 30;1 33 34;2 38 39
0 18 19;0 19 20;2 40 41
6 4 7;6 17 22;8 26 29
8 10 14
0 19 20;6 25 30;6 39 43;6 55 61
0 27 28
2 5 7;6 10 13;1 15 16
8 4 8;3 8 10
2 23 25;6 28 32;3 34 36;0 39 40;0 59 60;0 60 61;5 64 66;0 80 81
2 41 43;5 46 48;0 62 63;1 69 70
2 4 6;5 9 11;0 18 19;0 19 20;6 20 23;0 28 29;0 29 30
0 11 12;8 16 19;1 19 20;6 28 33;5 33 35
1 9 10;2 22 25;6 28 33
0 13 14;8 18 21;1 21 22
0 26 27;1 33 34
0 15 16
0 9 10
0 9 10;0 10 11;0 21 22
0 8 9;8 13 16;1 16 17;0 38 39

0 26 27
0 9 11;0 12 13;8 17 20;1 20 21;9 33 37
0 5 6;8 10 13;1 13 14;1 32 33

1 18 19
6 2 5;1 24 25
1 16 17;0 22 23
6 2 5;6 8 11
0 23 24
0 12 13
6 6 10;6 17 22

6 8 12;9 19 23
6 4 7;6 10 14
2 5 7;0 23 24;0 24 25
2 15 16;5 16 17
6 4 7;6 10 13;0 16 17;2 23 24;5 24 25
0 2 3;0 13 14;0 14 15;0 24 25;0 25 26;2 29 30;5 30 31
0 26 27;2 33 34;5 34 35

1 4 5;8 7 11
6 2 5;2 17 20;1 29 30

6 2 5
0 11 12;8 16 19;1 19 20;6 25 29
5 14 16;6 19 24;6 24 29;6 33 37
6 2 5;8 19 23
0 16 17;0 17 18;0 30 31;0 31 32;0 42 43;8 47 50
1 11 12;1 21 22;2 31 34;6 37 41;0 48 49
0 57 58;8 62 65;1 65 66;6 73 78;0 81 82;0 82 83;8 100 104;6 108 114
6 2 5;5 11 13;0 17 18;8 22 25;1 25 26;6 31 36;5 36 38;6 51 56;5 56 58;1 76 77;9 86 91
6 2 5;1 15 16;0 19 20;0 20 21;6 32 35;6 43 48;6 50 53
6 2 5;2 5 7;5 14 16;1 26 27;1 39 40;0 44 46;1 55 56;6 57 62
6 2 5;0 6 7;5 11 13;8 33 37;8 40 44
6 5 10;0 31 32
0 11 12;0 12 13;6 13 16;8 39 44;1 55 56
5 4 6;0 14 15;0 15 16;1 39 40;6 49 54;6 60 65
6 2 5;5 11 13;5 26 28;0 31 32;8 53 56;3 63 65;6 66 70
6 2 5;7 17 22;8 43 48
1 7 8;0 13 14;1 29 30;0 35 36;1 53 54;6 66 70
1 7 8;8 10 14;0 25 27;6 30 33;6 34 38
0 28 29;3 35 37;6 67 72
1 27 28
8 18 22;6 31 36;8 36 40;6 44 48;8 56 60
0 10 12;8 15 19;8 23 27;5 39 41
8 25 30;8 47 50
8 5 10;6 19 22
1 27 28;6 29 34;5 68 70;6 84 90;8 90 93
6 19 22;6 38 43;8 48 53
1 2 3;8 22 25;6 33 37;5 43 45;6 48 52;2 57 59;0 59 61;8 74 78;6 82 86;1 91 92;8 113 118
6 2 5;1 8 9;3 30 32;6 33 37;6 51 56
6 2 5;0 34 35;8 49 52
0 2 3
0 2 3;0 10 11;6 31 35
0 7 8;0 18 19;5 23 25;1 30 31;8 49 54
6 2 5;3 8 10;3 14 16;0 30 31;3 59 61;8 73 78
5 12 14;1 16 17;5 28 30;2 32 34;2 71 73;1 80 81;5 90 92
6 2 5;1 8 9;1 13 14;8 24 28;8 30 34;3 34 36;0 39 40;1 62 63
3 10 12;2 23 25;6 28 32;3 34 36;0 39 40;6 49 52;0 53 54
5 2 4;6 11 15;3 17 19;1 36 37;0 40 41;0 41 42;1 45 46
0 41 42;1 52 53
0 2 3;1 7 8;1 12 13
0 2 3;0 3 4;6 4 7;1 7 8;1 12 13
0 2 3;1 7 8;1 12 13
0 2 3;1 13 14

6 2 5;1 24 25
0 8 9;0 9 10;6 10 13
0 8 9;0 9 10;3 15 17
0 8 9
0 8 9;0 9 10

0 9 10
2 4 6;5 9 11;1 14 15;0 29 30
6 5 9;7 16 21;2 32 33
0 16 17;2 26 27
6 2 5;0 19 20;2 29 30
1 4 5;0 21 22;5 26 28;2 32 33
6 5 9;7 16 21;2 32 33
7 13 14;6 17 22;6 22 27;3 27 29;6 30 35;2 37 38
1 10 11;6 24 29;2 31 32
6 12 17;2 21 22
0 21 22;1 26 27;2 31 32
6 5 9;7 16 21;2 32 33
5 9 11;0 16 17
3 6 8;6 9 13;1 19 20
1 23 24;1 31 32;1 36 37;6 38 42;1 52 53;6 55 60;3 60 62;8 63 67
6 5 9;7 16 21;2 32 33
8 1 4;2 8 10;0 10 12;8 26 29;8 29 33;1 35 36;2 46 47
8 1 4;2 8 10;0 10 12;8 24 28;1 34 35;5 42 43
6 11 15;0 32 33;0 33 34;5 39 40
6 2 5;8 24 28;0 28 29
6 4 7;1 9 10;1 15 16;8 19 23
6 5 9;7 16 21;2 32 33
1 2 3;8 20 23;2 25 26
2 34 35
6 5 9;7 16 21;2 32 33
1 2 3;0 14 15;1 32 33;0 40 41;2 50 51
8 4 8;8 24 28;2 33 34
6 5 9;7 16 21;2 32 33
6 2 5;0 6 7;1 28 29;6 30 34;2 38 39
1 6 7;6 14 17;2 27 28
0 5 7;0 10 11;0 18 20;3 25 27;9 29 34;8 41 44;2 55 56
6 2 5;1 11 12;5 19 21;0 25 26;2 36 37
6 5 9;7 16 21;2 32 33
0 5 7;0 20 22;6 34 37;6 39 44;5 44 46;2 50 51
6 5 9;7 16 21;2 32 33
0 21 22;0 29 31;2 44 45
6 5 9;7 16 21;2 32 33
9 16 20;1 27 28;2 37 38
6 41 44;3 51 53;2 57 58
0 5 6;0 6 7;6 7 10;0 15 16;2 22 23
2 29 30
2 17 18
6 2 5;2 23 24
5 9 11;0 16 17;1 30 31
0 2 3
5 6 8;1 10 11;1 22 23

0 12 13
0 12 13;0 13 14;6 14 17
5 25 27;8 28 33
6 18 23
8 4 7;0 18 19;1 29 30;3 35 37;8 38 42
1 16 17;6 22 27
6 4 7;1 7 8
6 2 5;0 13 14;1 34 35
8 9 12;0 19 20;0 20 21
0 11 12;0 12 13;3 18 20;5 35 37;1 39 40
0 12 13
6 2 5;6 10 13
0 3 4;1 7 8
1 3 4;2 17 19
6 28 33
6 13 18
3 4 6;6 7 11
6 2 5;0 16 18
0 10 12;1 21 22
1 25 26;1 33 34
0 8 10;6 15 20
6 2 5
3 4 6;1 19 20

8 7 12
6 29 34;1 43 44
3 4 6;6 7 12;7 12 17;3 27 29
0 7 8;0 8 9;1 14 15;1 17 18;0 23 24;0 51 52;0 52 53;1 60 61
0 15 16;0 16 17;0 26 27;3 33 35;7 46 52;0 93 94;0 94 95;1 102 103
1 2 3;0 8 9;0 18 19;8 31 35;3 35 37;0 40 41;1 63 64
6 2 5;2 5 7;8 10 13;1 17 18;8 29 34;6 38 43;8 50 53;0 56 57;0 98 99;1 111 112;8 124 127;1 132 133
0 41 42;0 42 43;6 43 46;1 46 47;1 51 52
0 2 3;0 3 4;6 4 7;1 7 8;1 12 13
0 2 3;0 3 4;1 7 8;1 12 13;5 18 20
0 2 3;0 3 4;1 7 8;1 12 13;5 18 20
0 2 3;1 14 15
0 16 17;0 17 18
0 12 13;0 13 14
6 6 10;6 17 21
5 2 4;1 6 7;1 15 16
6 15 18;0 39 40
6 10 13;1 19 20;6 21 27
0 6 8;8 19 24
6 4 7;5 18 20;6 23 27;1 27 28
8 10 14;0 14 15;0 15 16
1 10 11
1 11 12;1 22 23;0 26 27;0 35 36
5 5 7;6 28 31;1 33 34
2 21 24;8 27 31

1 7 8;0 11 12;0 22 23;5 27 29

6 2 5;5 8 10

0 25 26
0 11 12;0 27 28;0 42 43
6 2 5;1 12 13;5 22 24;7 27 32;6 34 38
8 4 7;0 31 32;0 32 33;3 38 40;1 48 49
1 25 26
1 37 38
0 2 3;1 21 22;1 32 33
3 19 21;1 36 37
0 2 3;1 20 21
1 4 5;7 6 12;1 27 28
3 10 12;0 17 18;0 18 19;4 22 24;6 24 27;0 30 31;5 35 37
0 19 20;8 24 27;1 27 28
0 12 13;6 27 31
6 4 7;8 11 15
0 10 11;0 17 18;1 18 19;0 22 23;0 23 24
6 4 7;0 8 9;0 24 25
6 4 7;1 35 36;0 45 46;0 46 47;6 47 50;0 60 61
6 4 7;0 8 9;6 13 16;0 24 25
0 20 21;0 21 22;1 47 48
8 8 11;8 14 18;1 23 24
8 17 20;1 23 24
6 2 5;2 7 9;8 12 15;8 18 21;6 26 30;1 35 36
6 4 7;2 44 46;0 46 48;1 76 77

8 2 6;3 6 8;0 13 14
5 8 10;1 25 26
8 20 23;0 28 29;0 29 30
6 2 5;0 12 13
8 4 7;1 12 13

6 4 7;8 11 15;3 15 17

8 4 7
2 5 7;6 10 13
8 4 8;3 8 10
6 9 14
6 11 16

9 6 10
0 7 8;8 12 15;1 15 16;2 21 23

6 2 7;5 7 9;1 22 23
6 2 5;0 6 7;0 7 8
6 2 5;1 15 16;5 21 23
6 2 5;3 14 16;8 21 24
6 9 12;5 16 18;2 23 25
8 6 9;0 12 13;8 17 20;1 20 21
6 2 5;5 11 13;0 17 18;3 22 24
6 2 5;5 10 12;0 16 17
9 5 7
6 7 12
6 10 15
3 6 8
1 4 5;6 10 14
1 5 6;7 7 13;1 28 29
3 10 12;0 17 18;0 18 19;4 22 24
0 15 16;2 34 35
6 4 7;1 9 10;2 17 18
1 4 5;1 13 14;2 21 22
0 8 9;6 14 19;8 35 39;6 42 46;2 50 51
6 6 10;6 17 22
6 8 13;5 17 19
6 8 12

0 2 4;3 6 8;0 18 19;0 30 31
0 45 46;0 46 47
0 8 9;0 9 10;6 10 13;0 19 20;8 20 23
0 8 9
0 8 9
0 8 9
0 8 9
0 8 9;0 9 10;6 10 13
0 8 9;1 17 18
9 11 13;8 13 17
0 8 9;0 9 10
0 8 9;0 9 10;3 15 17
0 8 9
0 8 9;6 13 16
6 14 19;2 19 21
2 4 6;5 9 11;0 18 19;6 23 26
0 11 12;6 16 19
0 2 3
0 2 3;0 3 4;5 7 9
6 2 5;1 7 8;8 24 28;2 30 31
8 14 17;0 22 23;2 36 37
8 7 11;6 11 14;2 19 20
8 15 19;5 21 23;2 25 26
5 6 8;0 19 20;0 29 30;2 36 37
0 17 18;2 33 34
1 26 27;7 28 33;2 35 36
2 17 18
7 22 27;1 31 32;2 36 37
8 4 8;3 8 10;8 15 18;6 23 27;2 33 34
3 10 12;2 23 25;6 28 32;3 34 36;0 39 40;0 53 54;1 58 59;2 63 64
0 45 46;0 46 47;3 52 54;0 57 58;8 58 61
0 8 9;0 21 22;8 22 25
0 8 9
0 8 9
6 14 19
2 2 4;0 13 14;8 18 21;1 21 22;0 47 48;2 54 55
1 25 26
2 2 4;6 17 22;3 26 28
0 27 28;0 28 29;2 32 33
6 4 7;1 23 24;2 28 29
8 6 11;1 11 12;2 16 17
2 24 25
6 2 5;0 6 7;5 11 13;2 29 30
6 4 7;0 8 9;2 30 31
0 21 22;0 22 23;2 26 27
3 23 25;2 29 30
2 4 6;5 9 11;1 14 15;0 29 30;0 30 31;2 34 35
6 2 5;2 8 10;5 13 15;1 18 19;0 33 34;0 34 35;2 38 39
7 25 30;8 35 39;6 43 48;0 48 49;7 67 72
7 44 49;2 60 61
0 16 17;0 25 27;0 34 35;0 35 36;6 36 39;2 53 54
2 44 45
6 10 13;0 16 18;3 20 22;6 29 32;6 34 39;5 39 41;2 46 47
2 13 14
0 15 16;0 16 17;6 17 20;0 32 33;1 37 38;2 42 43
2 5 7;6 10 13;1 18 19;0 22 23;2 45 46
2 4 6;5 9 11;1 14 15;2 27 28
1 4 5;6 6 11;2 15 16
6 5 9;7 16 21;2 32 33
0 32 33;0 33 34;2 37 38
2 20 22;2 49 50
1 29 30;1 46 47;0 53 54;2 63 64
6 34 39;0 47 49;2 58 59
2 5 7;6 10 13;7 20 25;7 42 47;2 56 57
6 2 5;6 8 11;0 24 26;0 27 28;2 34 35
6 2 5;1 16 17;0 21 22;8 31 34;8 34 38;1 40 41;2 51 52
2 5 7;6 10 13;1 18 19;0 22 23;5 27 29;2 49 50
2 4 6;5 9 11;1 14 15;2 30 31
1 4 5;6 6 11;2 15 16
0 11 12;2 23 24
6 2 5;0 6 7;5 11 13;2 29 30
0 6 7;3 13 15;8 22 25;2 27 28
0 34 35;0 35 36;6 36 39;2 41 42
7 13 18;6 22 27;2 31 32
1 4 5;1 9 10;6 16 20;1 26 27;0 48 49;1 57 58;2 62 63
1 11 12;8 15 19;2 23 24
6 5 10;0 23 24;2 35 36
6 2 5;0 6 7;5 18 20;0 25 27;0 34 36;0 42 43;0 60 62;2 71 72
0 14 16;2 35 36
0 8 9;8 9 12;2 16 18;0 18 20;2 25 28;0 40 41;8 41 44;0 49 51;2 58 59
2 24 26;0 26 28;6 31 34;3 37 39;3 43 45;4 52 54;2 57 58
2 4 6;0 16 18;1 32 33;2 37 38
0 2 3;0 12 13;0 30 32;0 38 39;2 58 59
0 6 7;3 13 15;8 22 25;2 27 28
0 13 14;0 35 37;2 46 47
0 45 46;0 46 47;3 52 54;0 57 58;8 58 61

0 8 9


2 2 4;0 13 14;8 18 21;1 21 22;6 27 30;5 58 60;8 61 66;1 70 71;2 73 74
6 4 7;1 26 27;1 31 32
6 25 30
8 4 7;2 16 19;1 28 29
6 4 7;1 26 27;1 31 32;3 37 39
5 11 13;0 16 18

6 2 5;1 7 8;2 17 19;1 28 29
6 2 5;1 7 8;6 11 14;7 17 22;6 22 26;2 28 29
2 4 7;6 10 13;1 21 22;1 33 34
2 4 6;5 9 11;0 18 19;0 19 20;5 25 26
0 2 3;5 21 22
0 2 3;0 18 19;5 24 25
6 10 13;8 24 28;5 30 31
2 25 26
0 26 27;2 51 52
0 5 6;0 22 24;2 34 35
0 2 3;2 30 31
8 11 15;2 27 28
0 7 8;0 25 27;0 37 39;0 40 41;0 41 42;1 45 46;1 50 51;5 63 65;2 81 82
0 41 42;0 42 43;3 48 50;0 59 60;2 66 67;5 67 68
0 2 3;0 12 13;2 21 22;5 22 23
6 8 12;2 18 19;5 19 20
1 13 14;0 17 18;2 26 27;5 27 28
0 1 2;6 2 5;0 15 16;2 22 23;5 23 24
2 24 25;5 25 26
0 32 33;2 51 52;5 52 53
0 13 15;2 30 32;6 35 39;0 46 48;0 51 52;0 59 60;0 70 71;2 77 78;5 78 79
1 12 13;0 21 22;0 22 23;1 28 29;1 31 32;0 37 38;0 49 50;8 75 79;2 81 82;5 82 83
6 2 5;0 6 7;0 23 25;0 26 27;0 43 44;1 54 55;6 60 63;0 77 79;6 101 104;0 124 125;2 131 132;5 132 133
6 2 5;0 6 7;0 24 26;0 36 38;0 39 40;0 40 41;1 44 45;1 49 50;6 62 65;1 65 66;8 67 71;5 71 73;8 79 83;0 91 92;1 100 101;1 106 107;0 112 113;0 122 123;2 129 130
6 2 5;5 8 10;2 27 28;5 28 29
6 2 5;1 7 8;5 16 18;2 29 30;5 30 31
0 7 8;0 18 19;2 25 26;5 26 27
0 4 5;0 14 15;2 21 22;5 22 23
7 7 12;2 20 21;5 21 22
1 10 11;0 22 23;2 29 30;5 30 31
2 17 18;5 18 19
0 5 6;0 22 24;2 35 36;5 36 37
0 2 3;6 12 16;3 18 20;6 24 29;2 31 32;5 32 33
6 18 23;2 25 26;5 26 27
6 9 14;2 18 19
0 41 42;0 42 43;3 48 50;0 55 56;0 56 57;5 63 64
2 4 6;5 9 11;1 14 15;0 22 23;0 23 24;5 30 31
0 1 2;6 2 5;5 5 7;0 10 11;0 11 12;5 18 19
8 2 6;7 15 20;6 20 23
8 6 9;0 12 13;8 17 20;1 20 21;6 26 29;5 34 35
6 9 14;3 14 16;8 17 21;5 24 25
9 12 15;0 21 22;0 22 23;0 33 34;0 34 35;3 40 42;5 44 45
6 2 5;1 7 8;5 18 20;1 24 25
5 9 11;0 15 16;0 16 17;3 22 24
1 10 11;8 14 18;6 22 26
0 2 3;0 3 4;3 9 11;0 20 21;0 21 22;5 25 27
0 2 3;0 18 19;0 19 20;5 23 25
6 2 5;1 7 8;8 16 20
0 13 14
6 2 5

0 10 11;1 15 16
0 47 48;0 61 62

0 2 3
0 2 3;2 8 10;0 20 21
1 10 11;3 16 18
5 4 6;8 21 24
3 13 15;0 18 19;6 28 31;1 33 34;0 44 45

6 12 17;0 24 25;0 25 26
6 15 19
6 8 11;0 17 18
0 16 17;0 17 18;6 18 21;0 25 26;5 30 32
6 2 5
5 2 4;8 16 20
0 9 10;1 22 23
0 17 18;0 24 25;1 25 26;0 29 30;0 30 31
0 2 3;6 20 24;5 26 28
6 2 5;1 8 9;0 19 20;0 20 21;0 29 30
5 9 11;1 13 14
1 49 50;0 61 62;1 66 67
6 6 10;1 21 22
6 8 13


8 32 36;2 38 39
8 30 34;2 34 35
6 6 10;6 17 22

6 6 9
1 23 24
8 12 16
6 12 17
6 10 15

5 15 17
8 10 13;0 25 26
0 8 9;0 9 10;3 15 17
0 8 9
0 8 9
6 12 15;2 17 19;8 22 25
8 16 20
8 9 13
0 14 15;0 22 23;0 33 34
6 2 5;2 14 16
6 2 5;6 8 11
0 41 42;5 46 48

0 2 3;0 3 4;0 14 15
0 2 3
1 11 12;7 22 27;5 33 35
2 38 39;5 39 40
0 13 14;2 20 21;5 21 22
5 19 21;0 36 37;2 43 44;5 44 45
0 10 11;0 26 28;0 29 30;0 30 31;0 41 42;2 46 47;5 47 48
0 17 18;2 26 27;5 27 28
0 16 18;0 23 24;2 30 31;5 31 32
0 11 13;0 21 22;2 28 29;5 29 30
2 38 39;5 39 40
6 2 5;0 18 19;2 27 28;5 28 29
6 4 7;0 9 10;8 14 17;1 17 18;0 31 32;5 32 34;1 39 40;1 50 51;1 64 65;1 77 78;2 94 96
6 4 7;2 7 9;0 20 21;5 21 23;1 28 29;1 58 59;2 75 77;1 82 83
0 28 29;2 35 36
4 10 12;0 34 35;2 43 44
0 14 15;0 15 16;7 30 36;6 36 39
0 13 14;8 26 31;6 31 34
2 5 7;0 22 23;8 36 41
3 4 6;0 19 20;8 33 38
0 4 6;3 6 8;9 20 24;6 29 32;6 44 48;0 58 59;8 63 66;1 66 67;6 74 77;0 85 86;0 86 87
1 10 11
7 11 16;2 37 39;5 44 45
2 23 25;5 30 31
2 2 4;0 15 16;0 16 17;6 17 20;0 25 26;5 30 32;6 36 39
2 7 9;6 33 38
0 2 3;5 3 5;1 19 20
0 2 3;5 3 5;6 13 16
2 41 43;5 46 48;1 57 58;0 62 63;5 69 70
8 4 7;9 12 16;1 19 20;0 24 25;5 31 32
6 8 12;5 20 21
5 4 6;5 11 13;0 17 18;8 22 25;1 25 26;5 37 38
7 13 18;6 18 22;5 22 24;5 42 43
7 23 29
7 13 18;2 27 29;5 34 35
5 9 11;1 20 21;2 28 29
6 8 13;2 19 20
1 10 11;0 14 15;0 15 16;6 16 19;5 19 21;2 23 24
0 6 7;5 7 9;0 16 17
2 4 6;5 9 11;1 14 15;0 22 23

5 7 9;1 11 12;8 13 17;8 24 28
8 6 11;5 15 17
8 13 18
6 2 5;0 17 18;0 35 37;0 49 51;0 54 55;0 55 56;5 59 61;0 75 77;0 80 81
0 2 4;3 6 8;1 19 20;0 23 24
0 2 3;0 19 21;1 30 31;1 48 49;0 52 53
6 15 20
0 41 42;0 42 43;1 58 59
0 2 3;1 23 24
0 2 3;0 3 4;6 4 7;1 25 26
0 2 3;1 24 25
0 2 3;0 3 4;3 9 11;1 25 26
0 2 3;1 23 24
6 7 11;1 21 22
5 29 31;1 34 35
5 2 4;8 16 20;1 24 25
5 4 6;8 15 19;1 23 24
1 27 28
0 5 6;9 7 9;1 22 23
0 23 24;0 39 40;5 51 53;1 55 56
8 55 59;9 62 64;1 78 79
5 16 18;1 20 21
0 41 42
0 2 3;0 3 4;6 4 7
0 13 14;0 14 15;0 25 26;8 30 33
6 2 5
6 4 7;0 25 26
0 12 13
1 15 16
6 4 7;9 12 15;0 23 24
0 12 13
1 15 16
2 28 30
6 2 5
6 4 7;0 30 31
8 4 7;8 20 25
1 11 12;2 14 16;0 24 25

6 8 11;0 17 18
1 23 24
8 17 20;1 22 23;6 26 31;8 36 40;5 40 42
0 7 8;5 8 10;3 14 16;5 21 23;0 34 35

0 41 42;0 42 43
0 2 3

7 21 26;0 34 35

5 11 13;8 22 27
4 13 15;8 17 22
3 13 15;8 18 23
6 4 7;0 9 10;5 28 30
6 4 7;0 9 10;0 10 11;3 14 16
6 4 7
5 62 64
8 14 17
2 6 8;8 11 14

6 4 7;0 13 14
6 2 5;0 11 12
0 19 20;8 20 23;5 23 25
0 19 20;5 24 25
0 42 43;0 43 44;0 53 54;0 54 55;2 62 63
2 13 14
1 4 5;0 9 10;0 19 20;2 26 27
5 4 6;5 11 13;0 17 18;8 22 25;1 25 26;2 31 33;5 45 47;2 49 50
6 2 5;5 10 12;1 14 15;1 29 30;2 34 35
0 7 8;0 25 27;0 37 39;0 40 41;0 41 42;1 45 46;1 50 51;5 65 67;2 83 84
0 27 28;0 28 29;2 32 33
0 9 10;0 28 29;1 33 34;2 38 39
5 40 42;0 49 50;0 63 64;5 75 76
0 7 8;8 12 15;1 15 16;5 28 29
5 1 3;0 18 19
0 18 19
0 8 9;8 13 16;1 16 17
2 5 7;6 10 13;0 14 15;8 19 22;1 22 23;5 30 32
7 2 7;0 13 14
6 2 5;0 21 22;0 22 23;5 26 28
0 11 12
5 2 4
8 13 17;0 27 28
0 14 15;0 15 16;5 19 21
8 13 17
8 13 17;6 19 22;0 23 24
7 11 16;8 21 24;9 36 41;0 42 43;0 43 44;6 44 47
8 8 12;1 12 13
5 6 8
5 4 6;0 9 10;0 10 11
0 22 23;5 27 29;0 32 33;5 33 35;5 39 40
6 42 45;2 45 47;8 50 53;1 57 58;0 74 75;5 79 81
2 4 6;5 9 11;1 14 15;0 31 32;5 36 38
0 9 10;5 14 16;6 24 29
0 10 11;3 17 19;0 28 29;0 29 30;6 60 65;8 65 69
1 4 5;5 23 25;0 30 31;5 35 37
0 51 52;0 68 70;0 83 84;1 90 91;0 96 97;8 113 116;0 144 145
6 6 11;0 14 15;0 29 31;6 37 43
8 12 16
0 16 17;0 32 34;0 35 36;1 42 43;9 56 59;3 71 73;0 82 83
2 4 6;2 13 15;0 15 17;0 36 38;0 39 40;0 64 65;0 65 66;3 79 81;0 94 96;0 97 98;0 98 99;0 104 105;1 105 106;0 118 120;0 121 122;0 122 123;0 128 129;1 129 130;1 137 138;0 149 150
6 2 5;0 6 7;0 23 25;0 38 39;1 45 46;0 51 52;6 80 83;1 88 89;2 102 104;0 107 109;3 111 113;0 129 130
6 2 5;0 6 7;0 24 26;0 36 38;0 39 40;0 40 41;1 44 45;1 49 50;0 55 57;3 59 61;0 78 79
3 4 6;8 15 18;6 31 34;1 34 35;5 40 42;8 43 47;5 47 49;8 55 59;0 67 68;1 76 77;1 82 83;2 96 98;7 104 110;0 115 116;0 139 141;1 151 152
0 56 57
0 13 14
0 8 9;8 13 16;1 16 17
8 9 13
6 4 7
6 9 13;0 20 21;0 21 22;6 22 25;7 37 43;0 49 51;1 58 59
6 4 8;6 38 43
6 4 8;8 31 35;6 37 42
0 41 42;1 46 47;1 51 52;5 57 59
0 2 3;1 12 13;5 18 20
0 2 3;1 12 13;5 18 20
1 15 16;5 19 21
5 6 8;1 15 16
6 2 5;0 6 7;8 11 14;1 14 15;1 27 28;2 35 36;5 36 37
6 4 7;1 9 10;1 20 21;2 32 33;5 33 34
6 4 7;1 9 10;0 19 20;2 35 36;5 36 37
0 40 41;2 47 48
0 18 19;0 19 20;2 25 26
6 2 5;8 13 17;7 31 36;2 40 41

0 4 5
2 4 6;5 9 11;1 14 15;0 22 23
0 15 16;0 16 17;6 17 20;0 26 27;0 37 38;5 42 44;2 46 47
0 10 11;0 23 24;0 33 34;8 38 41;2 41 42
6 4 7;8 11 15;1 26 27
7 17 22
6 4 7;1 26 27
6 4 7;1 9 10
2 4 6;5 9 11;1 14 15

1 46 47;0 52 53;0 53 54
0 17 18
2 22 23
6 2 5;2 28 29
0 31 32;2 38 39
6 8 11;0 12 13;2 19 20
6 2 5;6 14 17;0 28 29;2 35 36
6 2 5;6 17 20;0 37 38;0 38 39;6 39 42;2 44 45
0 41 42
6 2 5;0 6 7;8 11 14;1 14 15
0 7 8;0 25 27;0 37 39;0 40 41;0 41 42;1 45 46;1 50 51;0 65 67;0 70 71;0 90 92;0 95 96;0 96 97;5 100 102
7 44 49;7 62 67
6 19 24
6 11 14;2 22 24
9 12 14;6 17 20;0 25 26
2 4 6;5 9 11;1 14 15;0 22 23
0 6 7;0 14 15
0 24 25
6 2 5;6 17 22
6 9 14
1 81 82;0 85 86;2 90 91
5 9 11;2 37 38
2 37 38
8 9 13;6 21 26;8 26 30;2 33 34
6 20 25;2 29 30
1 46 47;2 54 55
1 2 3;1 5 6;0 22 23;0 23 24;3 29 31;0 36 37;0 37 38;2 41 42
0 13 15;1 24 25;0 29 30;2 34 35
2 6 8;5 11 13;6 19 24;8 24 28;6 30 34;6 43 48;2 53 54
0 50 51;0 70 71;0 71 72;2 75 76
1 4 5;0 10 11;0 26 27;2 33 34
0 29 30;2 38 39
7 7 12;2 21 22
8 17 21;2 36 37
3 19 21;2 23 24
0 14 15;2 22 23
6 41 44;2 44 46;1 57 58;0 61 62
0 20 21
6 2 5;0 21 22;5 26 28
2 46 48;0 57 58;1 62 63;2 67 68
2 2 4;2 26 27
2 4 6;8 9 12;1 17 18;2 28 30;5 37 38
2 4 6;6 20 25;7 31 32
2 4 6;8 9 12;1 17 18;2 28 30;5 37 38
2 26 27
3 47 49;0 59 60;0 69 70
0 11 12;0 12 13;6 13 16;5 22 24;0 42 43
0 29 30;6 45 48;1 50 51
2 51 53;6 65 69;5 71 72
2 2 4;1 28 29;5 40 41
8 15 20;5 28 29
0 2 3;1 13 14;6 17 20;0 26 27;5 33 34
5 15 17;6 18 23;6 23 28;5 30 31
0 49 50;5 61 62
0 8 9;0 9 10;5 15 16
5 9 11;5 24 26
7 11 16;1 18 19;5 32 33
0 60 61;5 67 68
8 2 6;5 18 19
8 4 8;5 30 31
8 4 8;0 12 13;0 13 14;6 14 17;1 20 21;1 23 24;0 31 32;5 38 39
8 4 8;5 30 31
0 60 61;0 61 62;6 62 65;2 65 66
0 7 8;0 8 9;6 9 12;2 12 13
1 4 5;0 8 9;0 9 10;6 10 13;2 13 14
8 2 6;0 10 11;0 23 24;6 28 31;2 31 32
0 31 32;0 32 33;6 33 36;2 36 37
0 5 6;6 10 13;0 18 19;0 19 20;6 20 23;2 23 24